jersey_number,name,team,home,pos,g,a,p,pim,ts,+/-,tot,shf,avg,ts_1,tot_1,ts_2,tot_2,ts_3,tot_3,statistics_url,game_url,ts_4,tot_4
7,SIGURDSSON Robert,ISL,True,F,0,2,2,0,4,-2.0,0:00,0.0,0:00,0,0:00,3,0:00,1,0:00,https://www.iihf.com//en/events/2020/ogqp1k/gamecenter/statistics/15067/1-isl-vs-kgz,https://www.iihf.com//en/events/2020/ogqp1k/gamecenter/playbyplay/15067/1-isl-vs-kgz,,
9,PALSSON Robert,ISL,True,D,0,1,1,0,3,-1.0,0:00,0.0,0:00,0,0:00,2,0:00,1,0:00,https://www.iihf.com//en/events/2020/ogqp1k/gamecenter/statistics/15067/1-isl-vs-kgz,https://www.iihf.com//en/events/2020/ogqp1k/gamecenter/playbyplay/15067/1-isl-vs-kgz,,
17,JOHANNESSON Bjarki,ISL,True,F,0,1,1,0,0,0.0,0:00,0.0,0:00,0,0:00,0,0:00,0,0:00,https://www.iihf.com//en/events/2020/ogqp1k/gamecenter/statistics/15067/1-isl-vs-kgz,https://www.iihf.com//en/events/2020/ogqp1k/gamecenter/playbyplay/15067/1-isl-vs-kgz,,
18,RACANSKY Miloslav,ISL,True,F,0,0,0,0,3,-2.0,0:00,0.0,0:00,1,0:00,1,0:00,1,0:00,https://www.iihf.com//en/events/2020/ogqp1k/gamecenter/statistics/15067/1-isl-vs-kgz,https://www.iihf.com//en/events/2020/ogqp1k/gamecenter/playbyplay/15067/1-isl-vs-kgz,,
21,ORONGAN Axel,ISL,True,F,0,2,2,0,6,-1.0,0:00,0.0,0:00,0,0:00,4,0:00,2,0:00,https://www.iihf.com//en/events/2020/ogqp1k/gamecenter/statistics/15067/1-isl-vs-kgz,https://www.iihf.com//en/events/2020/ogqp1k/gamecenter/playbyplay/15067/1-isl-vs-kgz,,
15,SIGRUNARSON Hafthor,ISL,True,F,2,0,2,12,4,2.0,0:00,0.0,0:00,1,0:00,1,0:00,2,0:00,https://www.iihf.com//en/events/2020/ogqp1k/gamecenter/statistics/15067/1-isl-vs-kgz,https://www.iihf.com//en/events/2020/ogqp1k/gamecenter/playbyplay/15067/1-isl-vs-kgz,,
19,MIKAELSSON Andri,ISL,True,F,0,1,1,0,7,2.0,0:00,0.0,0:00,3,0:00,2,0:00,2,0:00,https://www.iihf.com//en/events/2020/ogqp1k/gamecenter/statistics/15067/1-isl-vs-kgz,https://www.iihf.com//en/events/2020/ogqp1k/gamecenter/playbyplay/15067/1-isl-vs-kgz,,
22,THORSTEINSSON Sigurdur,ISL,True,D,0,1,1,0,2,2.0,0:00,0.0,0:00,2,0:00,0,0:00,0,0:00,https://www.iihf.com//en/events/2020/ogqp1k/gamecenter/statistics/15067/1-isl-vs-kgz,https://www.iihf.com//en/events/2020/ogqp1k/gamecenter/playbyplay/15067/1-isl-vs-kgz,,
23,LEIFSSON Johann,ISL,True,F,1,2,3,0,1,1.0,0:00,0.0,0:00,0,0:00,1,0:00,0,0:00,https://www.iihf.com//en/events/2020/ogqp1k/gamecenter/statistics/15067/1-isl-vs-kgz,https://www.iihf.com//en/events/2020/ogqp1k/gamecenter/playbyplay/15067/1-isl-vs-kgz,,
24,SVEINSSON Atli,ISL,True,D,0,1,1,0,2,2.0,0:00,0.0,0:00,0,0:00,1,0:00,1,0:00,https://www.iihf.com//en/events/2020/ogqp1k/gamecenter/statistics/15067/1-isl-vs-kgz,https://www.iihf.com//en/events/2020/ogqp1k/gamecenter/playbyplay/15067/1-isl-vs-kgz,,
4,BJORNSSON Olafur,ISL,True,F,4,0,4,0,4,-1.0,0:00,0.0,0:00,1,0:00,1,0:00,2,0:00,https://www.iihf.com//en/events/2020/ogqp1k/gamecenter/statistics/15067/1-isl-vs-kgz,https://www.iihf.com//en/events/2020/ogqp1k/gamecenter/playbyplay/15067/1-isl-vs-kgz,,
10,ARASON Vignir,ISL,True,D,0,0,0,0,0,0.0,0:00,0.0,0:00,0,0:00,0,0:00,0,0:00,https://www.iihf.com//en/events/2020/ogqp1k/gamecenter/statistics/15067/1-isl-vs-kgz,https://www.iihf.com//en/events/2020/ogqp1k/gamecenter/playbyplay/15067/1-isl-vs-kgz,,
12,ARASON Gunnar,ISL,True,D,0,1,1,0,1,0.0,0:00,0.0,0:00,0,0:00,0,0:00,1,0:00,https://www.iihf.com//en/events/2020/ogqp1k/gamecenter/statistics/15067/1-isl-vs-kgz,https://www.iihf.com//en/events/2020/ogqp1k/gamecenter/playbyplay/15067/1-isl-vs-kgz,,
13,KRISTINSSON Kristjan,ISL,True,F,0,0,0,4,5,0.0,0:00,0.0,0:00,5,0:00,0,0:00,0,0:00,https://www.iihf.com//en/events/2020/ogqp1k/gamecenter/statistics/15067/1-isl-vs-kgz,https://www.iihf.com//en/events/2020/ogqp1k/gamecenter/playbyplay/15067/1-isl-vs-kgz,,
14,ARNASON Kristjan,ISL,True,F,0,1,1,0,0,-1.0,0:00,0.0,0:00,0,0:00,0,0:00,0,0:00,https://www.iihf.com//en/events/2020/ogqp1k/gamecenter/statistics/15067/1-isl-vs-kgz,https://www.iihf.com//en/events/2020/ogqp1k/gamecenter/playbyplay/15067/1-isl-vs-kgz,,
2,KRISTVEIGARSON Heidar,ISL,True,F,1,0,1,2,3,1.0,0:00,0.0,0:00,0,0:00,1,0:00,2,0:00,https://www.iihf.com//en/events/2020/ogqp1k/gamecenter/statistics/15067/1-isl-vs-kgz,https://www.iihf.com//en/events/2020/ogqp1k/gamecenter/playbyplay/15067/1-isl-vs-kgz,,
3,BIRGISSON Egill,ISL,True,F,1,0,1,0,1,0.0,0:00,0.0,0:00,1,0:00,0,0:00,0,0:00,https://www.iihf.com//en/events/2020/ogqp1k/gamecenter/statistics/15067/1-isl-vs-kgz,https://www.iihf.com//en/events/2020/ogqp1k/gamecenter/playbyplay/15067/1-isl-vs-kgz,,
6,ATLASON Solvi,ISL,True,F,0,2,2,0,0,2.0,0:00,0.0,0:00,0,0:00,0,0:00,0,0:00,https://www.iihf.com//en/events/2020/ogqp1k/gamecenter/statistics/15067/1-isl-vs-kgz,https://www.iihf.com//en/events/2020/ogqp1k/gamecenter/playbyplay/15067/1-isl-vs-kgz,,
1,HEDSTROM Dennis,ISL,True,GK,0,0,0,0,0,,,,,0,,0,,0,,https://www.iihf.com//en/events/2020/ogqp1k/gamecenter/statistics/15067/1-isl-vs-kgz,https://www.iihf.com//en/events/2020/ogqp1k/gamecenter/playbyplay/15067/1-isl-vs-kgz,,
20,RAGNARSSON Johann,ISL,True,GK,0,0,0,0,0,,,,,0,,0,,0,,https://www.iihf.com//en/events/2020/ogqp1k/gamecenter/statistics/15067/1-isl-vs-kgz,https://www.iihf.com//en/events/2020/ogqp1k/gamecenter/playbyplay/15067/1-isl-vs-kgz,,
6,CHUVALOV Mikhail,KGZ,False,F,0,0,0,31,2,0.0,0:00,0.0,0:00,1,0:00,1,0:00,0,0:00,https://www.iihf.com//en/events/2020/ogqp1k/gamecenter/statistics/15067/1-isl-vs-kgz,https://www.iihf.com//en/events/2020/ogqp1k/gamecenter/playbyplay/15067/1-isl-vs-kgz,,
9,TONKIKH Vladimir,KGZ,False,F,1,0,1,4,3,0.0,0:00,0.0,0:00,1,0:00,2,0:00,0,0:00,https://www.iihf.com//en/events/2020/ogqp1k/gamecenter/statistics/15067/1-isl-vs-kgz,https://www.iihf.com//en/events/2020/ogqp1k/gamecenter/playbyplay/15067/1-isl-vs-kgz,,
10,EGOROV Maxim,KGZ,False,D,0,0,0,14,3,-2.0,0:00,0.0,0:00,1,0:00,1,0:00,1,0:00,https://www.iihf.com//en/events/2020/ogqp1k/gamecenter/statistics/15067/1-isl-vs-kgz,https://www.iihf.com//en/events/2020/ogqp1k/gamecenter/playbyplay/15067/1-isl-vs-kgz,,
16,TERENTYEV Kuzma,KGZ,False,D,1,1,2,2,1,0.0,0:00,0.0,0:00,0,0:00,1,0:00,0,0:00,https://www.iihf.com//en/events/2020/ogqp1k/gamecenter/statistics/15067/1-isl-vs-kgz,https://www.iihf.com//en/events/2020/ogqp1k/gamecenter/playbyplay/15067/1-isl-vs-kgz,,
19,NOSOV Vladimir,KGZ,False,F,0,0,0,4,4,0.0,0:00,0.0,0:00,3,0:00,1,0:00,0,0:00,https://www.iihf.com//en/events/2020/ogqp1k/gamecenter/statistics/15067/1-isl-vs-kgz,https://www.iihf.com//en/events/2020/ogqp1k/gamecenter/playbyplay/15067/1-isl-vs-kgz,,
7,TITOV Alexander,KGZ,False,F,0,0,0,0,3,-1.0,0:00,0.0,0:00,1,0:00,1,0:00,1,0:00,https://www.iihf.com//en/events/2020/ogqp1k/gamecenter/statistics/15067/1-isl-vs-kgz,https://www.iihf.com//en/events/2020/ogqp1k/gamecenter/playbyplay/15067/1-isl-vs-kgz,,
17,KUDASHEV Anton,KGZ,False,D,0,0,0,0,1,-2.0,0:00,0.0,0:00,1,0:00,0,0:00,0,0:00,https://www.iihf.com//en/events/2020/ogqp1k/gamecenter/statistics/15067/1-isl-vs-kgz,https://www.iihf.com//en/events/2020/ogqp1k/gamecenter/playbyplay/15067/1-isl-vs-kgz,,
18,ISAMATOV Ernazar,KGZ,False,D,0,0,0,0,0,1.0,0:00,0.0,0:00,0,0:00,0,0:00,0,0:00,https://www.iihf.com//en/events/2020/ogqp1k/gamecenter/statistics/15067/1-isl-vs-kgz,https://www.iihf.com//en/events/2020/ogqp1k/gamecenter/playbyplay/15067/1-isl-vs-kgz,,
24,MIRBEKOV Ersultan,KGZ,False,F,0,1,1,0,2,-2.0,0:00,0.0,0:00,0,0:00,1,0:00,1,0:00,https://www.iihf.com//en/events/2020/ogqp1k/gamecenter/statistics/15067/1-isl-vs-kgz,https://www.iihf.com//en/events/2020/ogqp1k/gamecenter/playbyplay/15067/1-isl-vs-kgz,,
25,GOROBETS Artem,KGZ,False,F,0,0,0,2,1,-2.0,0:00,0.0,0:00,0,0:00,1,0:00,0,0:00,https://www.iihf.com//en/events/2020/ogqp1k/gamecenter/statistics/15067/1-isl-vs-kgz,https://www.iihf.com//en/events/2020/ogqp1k/gamecenter/playbyplay/15067/1-isl-vs-kgz,,
4,KACHKYNBEKOV Adis,KGZ,False,D,0,0,0,0,0,1.0,0:00,0.0,0:00,0,0:00,0,0:00,0,0:00,https://www.iihf.com//en/events/2020/ogqp1k/gamecenter/statistics/15067/1-isl-vs-kgz,https://www.iihf.com//en/events/2020/ogqp1k/gamecenter/playbyplay/15067/1-isl-vs-kgz,,
8,TRISHKIN Andrei,KGZ,False,D,0,0,0,0,0,-1.0,0:00,0.0,0:00,0,0:00,0,0:00,0,0:00,https://www.iihf.com//en/events/2020/ogqp1k/gamecenter/statistics/15067/1-isl-vs-kgz,https://www.iihf.com//en/events/2020/ogqp1k/gamecenter/playbyplay/15067/1-isl-vs-kgz,,
11,KOLODII Oleg,KGZ,False,F,0,1,1,0,0,2.0,0:00,0.0,0:00,0,0:00,0,0:00,0,0:00,https://www.iihf.com//en/events/2020/ogqp1k/gamecenter/statistics/15067/1-isl-vs-kgz,https://www.iihf.com//en/events/2020/ogqp1k/gamecenter/playbyplay/15067/1-isl-vs-kgz,,
15,NICHIPURENKO Vladimir,KGZ,False,D,2,0,2,2,6,1.0,0:00,0.0,0:00,1,0:00,0,0:00,5,0:00,https://www.iihf.com//en/events/2020/ogqp1k/gamecenter/statistics/15067/1-isl-vs-kgz,https://www.iihf.com//en/events/2020/ogqp1k/gamecenter/playbyplay/15067/1-isl-vs-kgz,,
21,ULUGBEK UULU Azhymukhamed,KGZ,False,F,0,0,0,0,0,-1.0,0:00,0.0,0:00,0,0:00,0,0:00,0,0:00,https://www.iihf.com//en/events/2020/ogqp1k/gamecenter/statistics/15067/1-isl-vs-kgz,https://www.iihf.com//en/events/2020/ogqp1k/gamecenter/playbyplay/15067/1-isl-vs-kgz,,
13,TAGAEV Zhanbolot,KGZ,False,F,0,1,1,0,0,2.0,0:00,0.0,0:00,0,0:00,0,0:00,0,0:00,https://www.iihf.com//en/events/2020/ogqp1k/gamecenter/statistics/15067/1-isl-vs-kgz,https://www.iihf.com//en/events/2020/ogqp1k/gamecenter/playbyplay/15067/1-isl-vs-kgz,,
22,TURSUNBEKOV Uran,KGZ,False,D,0,0,0,0,0,0.0,0:00,0.0,0:00,0,0:00,0,0:00,0,0:00,https://www.iihf.com//en/events/2020/ogqp1k/gamecenter/statistics/15067/1-isl-vs-kgz,https://www.iihf.com//en/events/2020/ogqp1k/gamecenter/playbyplay/15067/1-isl-vs-kgz,,
1,PETROV Alexander,KGZ,False,GK,0,0,0,2,0,,,,,0,,0,,0,,https://www.iihf.com//en/events/2020/ogqp1k/gamecenter/statistics/15067/1-isl-vs-kgz,https://www.iihf.com//en/events/2020/ogqp1k/gamecenter/playbyplay/15067/1-isl-vs-kgz,,
20,ALYMBEKOV Kadyr,KGZ,False,GK,0,0,0,0,0,,,,,0,,0,,0,,https://www.iihf.com//en/events/2020/ogqp1k/gamecenter/statistics/15067/1-isl-vs-kgz,https://www.iihf.com//en/events/2020/ogqp1k/gamecenter/playbyplay/15067/1-isl-vs-kgz,,
9,MOSTOVOY Itay,ISR,True,D,0,0,0,0,0,-1.0,0:00,0.0,0:00,0,0:00,0,0:00,0,0:00,https://www.iihf.com//en/events/2020/ogqp1k/gamecenter/statistics/15068/2-isr-vs-rou,https://www.iihf.com//en/events/2020/ogqp1k/gamecenter/playbyplay/15068/2-isr-vs-rou,,
16,BEN TOV Itay,ISR,True,F,0,0,0,2,0,-3.0,0:00,0.0,0:00,0,0:00,0,0:00,0,0:00,https://www.iihf.com//en/events/2020/ogqp1k/gamecenter/statistics/15068/2-isr-vs-rou,https://www.iihf.com//en/events/2020/ogqp1k/gamecenter/playbyplay/15068/2-isr-vs-rou,,
18,VAITZ Itay,ISR,True,F,0,0,0,14,0,-3.0,0:00,0.0,0:00,0,0:00,0,0:00,0,0:00,https://www.iihf.com//en/events/2020/ogqp1k/gamecenter/statistics/15068/2-isr-vs-rou,https://www.iihf.com//en/events/2020/ogqp1k/gamecenter/playbyplay/15068/2-isr-vs-rou,,
22,HOFFMAN Dan,ISR,True,D,0,0,0,0,0,-1.0,0:00,0.0,0:00,0,0:00,0,0:00,0,0:00,https://www.iihf.com//en/events/2020/ogqp1k/gamecenter/statistics/15068/2-isr-vs-rou,https://www.iihf.com//en/events/2020/ogqp1k/gamecenter/playbyplay/15068/2-isr-vs-rou,,
24,GOLODNITZKY Daniel,ISR,True,F,0,0,0,0,1,-3.0,0:00,0.0,0:00,0,0:00,1,0:00,0,0:00,https://www.iihf.com//en/events/2020/ogqp1k/gamecenter/statistics/15068/2-isr-vs-rou,https://www.iihf.com//en/events/2020/ogqp1k/gamecenter/playbyplay/15068/2-isr-vs-rou,,
11,AHARONOVICH Tomer,ISR,True,D,0,0,0,0,0,-3.0,0:00,0.0,0:00,0,0:00,0,0:00,0,0:00,https://www.iihf.com//en/events/2020/ogqp1k/gamecenter/statistics/15068/2-isr-vs-rou,https://www.iihf.com//en/events/2020/ogqp1k/gamecenter/playbyplay/15068/2-isr-vs-rou,,
14,SHERF Maor,ISR,True,F,0,0,0,0,1,-5.0,0:00,0.0,0:00,0,0:00,0,0:00,1,0:00,https://www.iihf.com//en/events/2020/ogqp1k/gamecenter/statistics/15068/2-isr-vs-rou,https://www.iihf.com//en/events/2020/ogqp1k/gamecenter/playbyplay/15068/2-isr-vs-rou,,
15,IBRAGIMOV Avihai,ISR,True,F,0,0,0,0,0,-4.0,0:00,0.0,0:00,0,0:00,0,0:00,0,0:00,https://www.iihf.com//en/events/2020/ogqp1k/gamecenter/statistics/15068/2-isr-vs-rou,https://www.iihf.com//en/events/2020/ogqp1k/gamecenter/playbyplay/15068/2-isr-vs-rou,,
17,VINEGRAD Amit Moshe,ISR,True,D,0,0,0,2,0,-4.0,0:00,0.0,0:00,0,0:00,0,0:00,0,0:00,https://www.iihf.com//en/events/2020/ogqp1k/gamecenter/statistics/15068/2-isr-vs-rou,https://www.iihf.com//en/events/2020/ogqp1k/gamecenter/playbyplay/15068/2-isr-vs-rou,,
25,GREENBERG Joshua,ISR,True,F,0,0,0,0,3,-6.0,0:00,0.0,0:00,1,0:00,2,0:00,0,0:00,https://www.iihf.com//en/events/2020/ogqp1k/gamecenter/statistics/15068/2-isr-vs-rou,https://www.iihf.com//en/events/2020/ogqp1k/gamecenter/playbyplay/15068/2-isr-vs-rou,,
4,KAZNATCHEEV Denis,ISR,True,D,0,0,0,2,0,-6.0,0:00,0.0,0:00,0,0:00,0,0:00,0,0:00,https://www.iihf.com//en/events/2020/ogqp1k/gamecenter/statistics/15068/2-isr-vs-rou,https://www.iihf.com//en/events/2020/ogqp1k/gamecenter/playbyplay/15068/2-isr-vs-rou,,
5,LANDO Tal,ISR,True,F,0,0,0,0,0,-1.0,0:00,0.0,0:00,0,0:00,0,0:00,0,0:00,https://www.iihf.com//en/events/2020/ogqp1k/gamecenter/statistics/15068/2-isr-vs-rou,https://www.iihf.com//en/events/2020/ogqp1k/gamecenter/playbyplay/15068/2-isr-vs-rou,,
7,MERKULOV Daniel,ISR,True,F,0,0,0,0,1,-1.0,0:00,0.0,0:00,0,0:00,0,0:00,1,0:00,https://www.iihf.com//en/events/2020/ogqp1k/gamecenter/statistics/15068/2-isr-vs-rou,https://www.iihf.com//en/events/2020/ogqp1k/gamecenter/playbyplay/15068/2-isr-vs-rou,,
19,TSELIMETSKIY Daniel,ISR,True,D,0,0,0,0,0,-1.0,0:00,0.0,0:00,0,0:00,0,0:00,0,0:00,https://www.iihf.com//en/events/2020/ogqp1k/gamecenter/statistics/15068/2-isr-vs-rou,https://www.iihf.com//en/events/2020/ogqp1k/gamecenter/playbyplay/15068/2-isr-vs-rou,,
21,RAITER Denis,ISR,True,D,0,0,0,0,0,-7.0,0:00,0.0,0:00,0,0:00,0,0:00,0,0:00,https://www.iihf.com//en/events/2020/ogqp1k/gamecenter/statistics/15068/2-isr-vs-rou,https://www.iihf.com//en/events/2020/ogqp1k/gamecenter/playbyplay/15068/2-isr-vs-rou,,
2,KOSTRINSKY Noam,ISR,True,F,0,0,0,0,0,-3.0,0:00,0.0,0:00,0,0:00,0,0:00,0,0:00,https://www.iihf.com//en/events/2020/ogqp1k/gamecenter/statistics/15068/2-isr-vs-rou,https://www.iihf.com//en/events/2020/ogqp1k/gamecenter/playbyplay/15068/2-isr-vs-rou,,
10,SHARON Yonatan,ISR,True,F,0,0,0,2,0,-3.0,0:00,0.0,0:00,0,0:00,0,0:00,0,0:00,https://www.iihf.com//en/events/2020/ogqp1k/gamecenter/statistics/15068/2-isr-vs-rou,https://www.iihf.com//en/events/2020/ogqp1k/gamecenter/playbyplay/15068/2-isr-vs-rou,,
1,SHARIR Omer,ISR,True,GK,0,0,0,0,0,,,,,0,,0,,0,,https://www.iihf.com//en/events/2020/ogqp1k/gamecenter/statistics/15068/2-isr-vs-rou,https://www.iihf.com//en/events/2020/ogqp1k/gamecenter/playbyplay/15068/2-isr-vs-rou,,
20,REISINGER Yehonatan,ISR,True,GK,0,0,0,0,0,,,,,0,,0,,0,,https://www.iihf.com//en/events/2020/ogqp1k/gamecenter/statistics/15068/2-isr-vs-rou,https://www.iihf.com//en/events/2020/ogqp1k/gamecenter/playbyplay/15068/2-isr-vs-rou,,
9,BORYSENKO Pavlo,ROU,False,D,2,3,5,0,6,3.0,0:00,0.0,0:00,1,0:00,3,0:00,2,0:00,https://www.iihf.com//en/events/2020/ogqp1k/gamecenter/statistics/15068/2-isr-vs-rou,https://www.iihf.com//en/events/2020/ogqp1k/gamecenter/playbyplay/15068/2-isr-vs-rou,,
11,TRANCA Daniel,ROU,False,F,2,2,4,0,5,3.0,0:00,0.0,0:00,1,0:00,2,0:00,2,0:00,https://www.iihf.com//en/events/2020/ogqp1k/gamecenter/statistics/15068/2-isr-vs-rou,https://www.iihf.com//en/events/2020/ogqp1k/gamecenter/playbyplay/15068/2-isr-vs-rou,,
12,YEMELIANENKO Yevhen,ROU,False,D,0,1,1,0,2,2.0,0:00,0.0,0:00,1,0:00,1,0:00,0,0:00,https://www.iihf.com//en/events/2020/ogqp1k/gamecenter/statistics/15068/2-isr-vs-rou,https://www.iihf.com//en/events/2020/ogqp1k/gamecenter/playbyplay/15068/2-isr-vs-rou,,
15,BIRO Gergo,ROU,False,F,0,1,1,2,1,3.0,0:00,0.0,0:00,0,0:00,0,0:00,1,0:00,https://www.iihf.com//en/events/2020/ogqp1k/gamecenter/statistics/15068/2-isr-vs-rou,https://www.iihf.com//en/events/2020/ogqp1k/gamecenter/playbyplay/15068/2-isr-vs-rou,,
19,PETER Balazs,ROU,False,F,0,2,2,0,6,2.0,0:00,0.0,0:00,2,0:00,2,0:00,2,0:00,https://www.iihf.com//en/events/2020/ogqp1k/gamecenter/statistics/15068/2-isr-vs-rou,https://www.iihf.com//en/events/2020/ogqp1k/gamecenter/playbyplay/15068/2-isr-vs-rou,,
3,GOGA Attila,ROU,False,D,0,2,2,2,5,3.0,0:00,0.0,0:00,4,0:00,1,0:00,0,0:00,https://www.iihf.com//en/events/2020/ogqp1k/gamecenter/statistics/15068/2-isr-vs-rou,https://www.iihf.com//en/events/2020/ogqp1k/gamecenter/playbyplay/15068/2-isr-vs-rou,,
13,GLIGA Roberto,ROU,False,F,1,1,2,0,5,2.0,0:00,0.0,0:00,2,0:00,2,0:00,1,0:00,https://www.iihf.com//en/events/2020/ogqp1k/gamecenter/statistics/15068/2-isr-vs-rou,https://www.iihf.com//en/events/2020/ogqp1k/gamecenter/playbyplay/15068/2-isr-vs-rou,,
21,FARKAS Tamas,ROU,False,D,1,0,1,0,2,2.0,0:00,0.0,0:00,1,0:00,0,0:00,1,0:00,https://www.iihf.com//en/events/2020/ogqp1k/gamecenter/statistics/15068/2-isr-vs-rou,https://www.iihf.com//en/events/2020/ogqp1k/gamecenter/playbyplay/15068/2-isr-vs-rou,,
22,CONSTANTIN Mircea,ROU,False,F,0,0,0,0,4,2.0,0:00,0.0,0:00,1,0:00,3,0:00,0,0:00,https://www.iihf.com//en/events/2020/ogqp1k/gamecenter/statistics/15068/2-isr-vs-rou,https://www.iihf.com//en/events/2020/ogqp1k/gamecenter/playbyplay/15068/2-isr-vs-rou,,
24,MOLNAR Zsombor,ROU,False,F,0,2,2,0,3,2.0,0:00,0.0,0:00,1,0:00,0,0:00,2,0:00,https://www.iihf.com//en/events/2020/ogqp1k/gamecenter/statistics/15068/2-isr-vs-rou,https://www.iihf.com//en/events/2020/ogqp1k/gamecenter/playbyplay/15068/2-isr-vs-rou,,
2,GECSE Hugo,ROU,False,D,0,0,0,0,4,2.0,0:00,0.0,0:00,0,0:00,2,0:00,2,0:00,https://www.iihf.com//en/events/2020/ogqp1k/gamecenter/statistics/15068/2-isr-vs-rou,https://www.iihf.com//en/events/2020/ogqp1k/gamecenter/playbyplay/15068/2-isr-vs-rou,,
5,SALLO Alpar,ROU,False,D,1,2,3,0,9,2.0,0:00,0.0,0:00,3,0:00,3,0:00,3,0:00,https://www.iihf.com//en/events/2020/ogqp1k/gamecenter/statistics/15068/2-isr-vs-rou,https://www.iihf.com//en/events/2020/ogqp1k/gamecenter/playbyplay/15068/2-isr-vs-rou,,
7,FODOR Csanad,ROU,False,F,1,2,3,0,4,2.0,0:00,0.0,0:00,0,0:00,2,0:00,2,0:00,https://www.iihf.com//en/events/2020/ogqp1k/gamecenter/statistics/15068/2-isr-vs-rou,https://www.iihf.com//en/events/2020/ogqp1k/gamecenter/playbyplay/15068/2-isr-vs-rou,,
10,BUTOCHNOV Anton,ROU,False,F,2,2,4,0,5,3.0,0:00,0.0,0:00,2,0:00,2,0:00,1,0:00,https://www.iihf.com//en/events/2020/ogqp1k/gamecenter/statistics/15068/2-isr-vs-rou,https://www.iihf.com//en/events/2020/ogqp1k/gamecenter/playbyplay/15068/2-isr-vs-rou,,
23,KIRICHENKO Vitali,ROU,False,F,1,1,2,0,5,3.0,0:00,0.0,0:00,1,0:00,1,0:00,3,0:00,https://www.iihf.com//en/events/2020/ogqp1k/gamecenter/statistics/15068/2-isr-vs-rou,https://www.iihf.com//en/events/2020/ogqp1k/gamecenter/playbyplay/15068/2-isr-vs-rou,,
4,GYORFY Tihamer,ROU,False,D,0,1,1,0,5,4.0,0:00,0.0,0:00,2,0:00,3,0:00,0,0:00,https://www.iihf.com//en/events/2020/ogqp1k/gamecenter/statistics/15068/2-isr-vs-rou,https://www.iihf.com//en/events/2020/ogqp1k/gamecenter/playbyplay/15068/2-isr-vs-rou,,
8,PETER Zsolt,ROU,False,F,0,1,1,0,3,3.0,0:00,0.0,0:00,0,0:00,1,0:00,2,0:00,https://www.iihf.com//en/events/2020/ogqp1k/gamecenter/statistics/15068/2-isr-vs-rou,https://www.iihf.com//en/events/2020/ogqp1k/gamecenter/playbyplay/15068/2-isr-vs-rou,,
14,BIRO Otto,ROU,False,D,1,2,3,0,3,5.0,0:00,0.0,0:00,1,0:00,1,0:00,1,0:00,https://www.iihf.com//en/events/2020/ogqp1k/gamecenter/statistics/15068/2-isr-vs-rou,https://www.iihf.com//en/events/2020/ogqp1k/gamecenter/playbyplay/15068/2-isr-vs-rou,,
26,GAJDO Balazs,ROU,False,F,1,2,3,2,7,4.0,0:00,0.0,0:00,4,0:00,2,0:00,1,0:00,https://www.iihf.com//en/events/2020/ogqp1k/gamecenter/statistics/15068/2-isr-vs-rou,https://www.iihf.com//en/events/2020/ogqp1k/gamecenter/playbyplay/15068/2-isr-vs-rou,,
28,CASANEANU Eduard,ROU,False,F,2,0,2,0,8,3.0,0:00,0.0,0:00,4,0:00,0,0:00,4,0:00,https://www.iihf.com//en/events/2020/ogqp1k/gamecenter/statistics/15068/2-isr-vs-rou,https://www.iihf.com//en/events/2020/ogqp1k/gamecenter/playbyplay/15068/2-isr-vs-rou,,
1,POLC Patrik,ROU,False,GK,0,0,0,0,0,,,,,0,,0,,0,,https://www.iihf.com//en/events/2020/ogqp1k/gamecenter/statistics/15068/2-isr-vs-rou,https://www.iihf.com//en/events/2020/ogqp1k/gamecenter/playbyplay/15068/2-isr-vs-rou,,
30,TOKE Zoltan,ROU,False,GK,0,0,0,0,0,,,,,0,,0,,0,,https://www.iihf.com//en/events/2020/ogqp1k/gamecenter/statistics/15068/2-isr-vs-rou,https://www.iihf.com//en/events/2020/ogqp1k/gamecenter/playbyplay/15068/2-isr-vs-rou,,
7,SIGURDSSON Robert,ISL,True,F,0,1,1,0,6,3.0,0:00,0.0,0:00,3,0:00,1,0:00,2,0:00,https://www.iihf.com//en/events/2020/ogqp1k/gamecenter/statistics/15069/3-isl-vs-isr,https://www.iihf.com//en/events/2020/ogqp1k/gamecenter/playbyplay/15069/3-isl-vs-isr,,
9,PALSSON Robert,ISL,True,D,0,1,1,2,3,2.0,0:00,0.0,0:00,1,0:00,2,0:00,0,0:00,https://www.iihf.com//en/events/2020/ogqp1k/gamecenter/statistics/15069/3-isl-vs-isr,https://www.iihf.com//en/events/2020/ogqp1k/gamecenter/playbyplay/15069/3-isl-vs-isr,,
17,JOHANNESSON Bjarki,ISL,True,F,0,0,0,0,1,1.0,0:00,0.0,0:00,0,0:00,1,0:00,0,0:00,https://www.iihf.com//en/events/2020/ogqp1k/gamecenter/statistics/15069/3-isl-vs-isr,https://www.iihf.com//en/events/2020/ogqp1k/gamecenter/playbyplay/15069/3-isl-vs-isr,,
18,RACANSKY Miloslav,ISL,True,F,1,1,2,0,6,2.0,0:00,0.0,0:00,1,0:00,3,0:00,2,0:00,https://www.iihf.com//en/events/2020/ogqp1k/gamecenter/statistics/15069/3-isl-vs-isr,https://www.iihf.com//en/events/2020/ogqp1k/gamecenter/playbyplay/15069/3-isl-vs-isr,,
21,ORONGAN Axel,ISL,True,F,2,0,2,0,9,3.0,0:00,0.0,0:00,3,0:00,4,0:00,2,0:00,https://www.iihf.com//en/events/2020/ogqp1k/gamecenter/statistics/15069/3-isl-vs-isr,https://www.iihf.com//en/events/2020/ogqp1k/gamecenter/playbyplay/15069/3-isl-vs-isr,,
15,SIGRUNARSON Hafthor,ISL,True,F,0,1,1,0,3,0.0,0:00,0.0,0:00,1,0:00,1,0:00,1,0:00,https://www.iihf.com//en/events/2020/ogqp1k/gamecenter/statistics/15069/3-isl-vs-isr,https://www.iihf.com//en/events/2020/ogqp1k/gamecenter/playbyplay/15069/3-isl-vs-isr,,
19,MIKAELSSON Andri,ISL,True,F,0,1,1,0,4,0.0,0:00,0.0,0:00,2,0:00,2,0:00,0,0:00,https://www.iihf.com//en/events/2020/ogqp1k/gamecenter/statistics/15069/3-isl-vs-isr,https://www.iihf.com//en/events/2020/ogqp1k/gamecenter/playbyplay/15069/3-isl-vs-isr,,
22,THORSTEINSSON Sigurdur,ISL,True,D,0,1,1,0,3,1.0,0:00,0.0,0:00,0,0:00,1,0:00,2,0:00,https://www.iihf.com//en/events/2020/ogqp1k/gamecenter/statistics/15069/3-isl-vs-isr,https://www.iihf.com//en/events/2020/ogqp1k/gamecenter/playbyplay/15069/3-isl-vs-isr,,
23,LEIFSSON Johann,ISL,True,F,1,0,1,0,4,0.0,0:00,0.0,0:00,1,0:00,3,0:00,0,0:00,https://www.iihf.com//en/events/2020/ogqp1k/gamecenter/statistics/15069/3-isl-vs-isr,https://www.iihf.com//en/events/2020/ogqp1k/gamecenter/playbyplay/15069/3-isl-vs-isr,,
24,SVEINSSON Atli,ISL,True,D,0,1,1,0,0,1.0,0:00,0.0,0:00,0,0:00,0,0:00,0,0:00,https://www.iihf.com//en/events/2020/ogqp1k/gamecenter/statistics/15069/3-isl-vs-isr,https://www.iihf.com//en/events/2020/ogqp1k/gamecenter/playbyplay/15069/3-isl-vs-isr,,
4,BJORNSSON Olafur,ISL,True,F,1,1,2,2,3,2.0,0:00,0.0,0:00,0,0:00,0,0:00,3,0:00,https://www.iihf.com//en/events/2020/ogqp1k/gamecenter/statistics/15069/3-isl-vs-isr,https://www.iihf.com//en/events/2020/ogqp1k/gamecenter/playbyplay/15069/3-isl-vs-isr,,
10,ARASON Vignir,ISL,True,D,0,0,0,0,2,1.0,0:00,0.0,0:00,0,0:00,2,0:00,0,0:00,https://www.iihf.com//en/events/2020/ogqp1k/gamecenter/statistics/15069/3-isl-vs-isr,https://www.iihf.com//en/events/2020/ogqp1k/gamecenter/playbyplay/15069/3-isl-vs-isr,,
12,ARASON Gunnar,ISL,True,D,0,0,0,0,6,1.0,0:00,0.0,0:00,2,0:00,4,0:00,0,0:00,https://www.iihf.com//en/events/2020/ogqp1k/gamecenter/statistics/15069/3-isl-vs-isr,https://www.iihf.com//en/events/2020/ogqp1k/gamecenter/playbyplay/15069/3-isl-vs-isr,,
13,KRISTINSSON Kristjan,ISL,True,F,0,0,0,0,6,1.0,0:00,0.0,0:00,0,0:00,4,0:00,2,0:00,https://www.iihf.com//en/events/2020/ogqp1k/gamecenter/statistics/15069/3-isl-vs-isr,https://www.iihf.com//en/events/2020/ogqp1k/gamecenter/playbyplay/15069/3-isl-vs-isr,,
14,ARNASON Kristjan,ISL,True,F,0,1,1,0,1,2.0,0:00,0.0,0:00,0,0:00,0,0:00,1,0:00,https://www.iihf.com//en/events/2020/ogqp1k/gamecenter/statistics/15069/3-isl-vs-isr,https://www.iihf.com//en/events/2020/ogqp1k/gamecenter/playbyplay/15069/3-isl-vs-isr,,
2,KRISTVEIGARSON Heidar,ISL,True,F,0,0,0,0,5,0.0,0:00,0.0,0:00,1,0:00,3,0:00,1,0:00,https://www.iihf.com//en/events/2020/ogqp1k/gamecenter/statistics/15069/3-isl-vs-isr,https://www.iihf.com//en/events/2020/ogqp1k/gamecenter/playbyplay/15069/3-isl-vs-isr,,
3,BIRGISSON Egill,ISL,True,F,0,0,0,0,1,0.0,0:00,0.0,0:00,0,0:00,1,0:00,0,0:00,https://www.iihf.com//en/events/2020/ogqp1k/gamecenter/statistics/15069/3-isl-vs-isr,https://www.iihf.com//en/events/2020/ogqp1k/gamecenter/playbyplay/15069/3-isl-vs-isr,,
6,ATLASON Solvi,ISL,True,F,0,0,0,0,1,0.0,0:00,0.0,0:00,0,0:00,0,0:00,1,0:00,https://www.iihf.com//en/events/2020/ogqp1k/gamecenter/statistics/15069/3-isl-vs-isr,https://www.iihf.com//en/events/2020/ogqp1k/gamecenter/playbyplay/15069/3-isl-vs-isr,,
1,HEDSTROM Dennis,ISL,True,GK,0,0,0,0,0,,,,,0,,0,,0,,https://www.iihf.com//en/events/2020/ogqp1k/gamecenter/statistics/15069/3-isl-vs-isr,https://www.iihf.com//en/events/2020/ogqp1k/gamecenter/playbyplay/15069/3-isl-vs-isr,,
20,RAGNARSSON Johann,ISL,True,GK,0,0,0,0,0,,,,,0,,0,,0,,https://www.iihf.com//en/events/2020/ogqp1k/gamecenter/statistics/15069/3-isl-vs-isr,https://www.iihf.com//en/events/2020/ogqp1k/gamecenter/playbyplay/15069/3-isl-vs-isr,,
7,MERKULOV Daniel,ISR,False,F,0,0,0,0,0,-1.0,0:00,0.0,0:00,0,0:00,0,0:00,0,0:00,https://www.iihf.com//en/events/2020/ogqp1k/gamecenter/statistics/15069/3-isl-vs-isr,https://www.iihf.com//en/events/2020/ogqp1k/gamecenter/playbyplay/15069/3-isl-vs-isr,,
16,BEN TOV Itay,ISR,False,F,0,0,0,2,1,0.0,0:00,0.0,0:00,0,0:00,0,0:00,1,0:00,https://www.iihf.com//en/events/2020/ogqp1k/gamecenter/statistics/15069/3-isl-vs-isr,https://www.iihf.com//en/events/2020/ogqp1k/gamecenter/playbyplay/15069/3-isl-vs-isr,,
18,VAITZ Itay,ISR,False,F,0,0,0,2,0,0.0,0:00,0.0,0:00,0,0:00,0,0:00,0,0:00,https://www.iihf.com//en/events/2020/ogqp1k/gamecenter/statistics/15069/3-isl-vs-isr,https://www.iihf.com//en/events/2020/ogqp1k/gamecenter/playbyplay/15069/3-isl-vs-isr,,
21,RAITER Denis,ISR,False,D,0,0,0,2,1,-2.0,0:00,0.0,0:00,0,0:00,0,0:00,1,0:00,https://www.iihf.com//en/events/2020/ogqp1k/gamecenter/statistics/15069/3-isl-vs-isr,https://www.iihf.com//en/events/2020/ogqp1k/gamecenter/playbyplay/15069/3-isl-vs-isr,,
22,HOFFMAN Dan,ISR,False,D,0,0,0,2,0,-2.0,0:00,0.0,0:00,0,0:00,0,0:00,0,0:00,https://www.iihf.com//en/events/2020/ogqp1k/gamecenter/statistics/15069/3-isl-vs-isr,https://www.iihf.com//en/events/2020/ogqp1k/gamecenter/playbyplay/15069/3-isl-vs-isr,,
2,KOSTRINSKY Noam,ISR,False,F,0,0,0,0,0,0.0,0:00,0.0,0:00,0,0:00,0,0:00,0,0:00,https://www.iihf.com//en/events/2020/ogqp1k/gamecenter/statistics/15069/3-isl-vs-isr,https://www.iihf.com//en/events/2020/ogqp1k/gamecenter/playbyplay/15069/3-isl-vs-isr,,
11,AHARONOVICH Tomer,ISR,False,D,0,0,0,2,1,0.0,0:00,0.0,0:00,1,0:00,0,0:00,0,0:00,https://www.iihf.com//en/events/2020/ogqp1k/gamecenter/statistics/15069/3-isl-vs-isr,https://www.iihf.com//en/events/2020/ogqp1k/gamecenter/playbyplay/15069/3-isl-vs-isr,,
14,SHERF Maor,ISR,False,F,0,0,0,0,1,-1.0,0:00,0.0,0:00,0,0:00,0,0:00,1,0:00,https://www.iihf.com//en/events/2020/ogqp1k/gamecenter/statistics/15069/3-isl-vs-isr,https://www.iihf.com//en/events/2020/ogqp1k/gamecenter/playbyplay/15069/3-isl-vs-isr,,
15,IBRAGIMOV Avihai,ISR,False,F,0,0,0,0,0,0.0,0:00,0.0,0:00,0,0:00,0,0:00,0,0:00,https://www.iihf.com//en/events/2020/ogqp1k/gamecenter/statistics/15069/3-isl-vs-isr,https://www.iihf.com//en/events/2020/ogqp1k/gamecenter/playbyplay/15069/3-isl-vs-isr,,
17,VINEGRAD Amit Moshe,ISR,False,D,0,0,0,0,0,-1.0,0:00,0.0,0:00,0,0:00,0,0:00,0,0:00,https://www.iihf.com//en/events/2020/ogqp1k/gamecenter/statistics/15069/3-isl-vs-isr,https://www.iihf.com//en/events/2020/ogqp1k/gamecenter/playbyplay/15069/3-isl-vs-isr,,
4,KAZNATCHEEV Denis,ISR,False,D,0,0,0,2,0,-2.0,0:00,0.0,0:00,0,0:00,0,0:00,0,0:00,https://www.iihf.com//en/events/2020/ogqp1k/gamecenter/statistics/15069/3-isl-vs-isr,https://www.iihf.com//en/events/2020/ogqp1k/gamecenter/playbyplay/15069/3-isl-vs-isr,,
5,LANDO Tal,ISR,False,F,0,0,0,0,0,-2.0,0:00,0.0,0:00,0,0:00,0,0:00,0,0:00,https://www.iihf.com//en/events/2020/ogqp1k/gamecenter/statistics/15069/3-isl-vs-isr,https://www.iihf.com//en/events/2020/ogqp1k/gamecenter/playbyplay/15069/3-isl-vs-isr,,
9,MOSTOVOY Itay,ISR,False,D,0,0,0,0,2,-1.0,0:00,0.0,0:00,0,0:00,1,0:00,1,0:00,https://www.iihf.com//en/events/2020/ogqp1k/gamecenter/statistics/15069/3-isl-vs-isr,https://www.iihf.com//en/events/2020/ogqp1k/gamecenter/playbyplay/15069/3-isl-vs-isr,,
24,GOLODNITZKY Daniel,ISR,False,F,0,0,0,0,1,-3.0,0:00,0.0,0:00,0,0:00,0,0:00,1,0:00,https://www.iihf.com//en/events/2020/ogqp1k/gamecenter/statistics/15069/3-isl-vs-isr,https://www.iihf.com//en/events/2020/ogqp1k/gamecenter/playbyplay/15069/3-isl-vs-isr,,
25,GREENBERG Joshua,ISR,False,F,0,0,0,0,1,-2.0,0:00,0.0,0:00,0,0:00,1,0:00,0,0:00,https://www.iihf.com//en/events/2020/ogqp1k/gamecenter/statistics/15069/3-isl-vs-isr,https://www.iihf.com//en/events/2020/ogqp1k/gamecenter/playbyplay/15069/3-isl-vs-isr,,
10,SHARON Yonatan,ISR,False,F,0,0,0,0,0,-2.0,0:00,0.0,0:00,0,0:00,0,0:00,0,0:00,https://www.iihf.com//en/events/2020/ogqp1k/gamecenter/statistics/15069/3-isl-vs-isr,https://www.iihf.com//en/events/2020/ogqp1k/gamecenter/playbyplay/15069/3-isl-vs-isr,,
19,TSELIMETSKIY Daniel,ISR,False,D,0,0,0,0,1,-1.0,0:00,0.0,0:00,0,0:00,1,0:00,0,0:00,https://www.iihf.com//en/events/2020/ogqp1k/gamecenter/statistics/15069/3-isl-vs-isr,https://www.iihf.com//en/events/2020/ogqp1k/gamecenter/playbyplay/15069/3-isl-vs-isr,,
1,SHARIR Omer,ISR,False,GK,0,0,0,0,0,,,,,0,,0,,0,,https://www.iihf.com//en/events/2020/ogqp1k/gamecenter/statistics/15069/3-isl-vs-isr,https://www.iihf.com//en/events/2020/ogqp1k/gamecenter/playbyplay/15069/3-isl-vs-isr,,
20,REISINGER Yehonatan,ISR,False,GK,0,0,0,0,0,,,,,0,,0,,0,,https://www.iihf.com//en/events/2020/ogqp1k/gamecenter/statistics/15069/3-isl-vs-isr,https://www.iihf.com//en/events/2020/ogqp1k/gamecenter/playbyplay/15069/3-isl-vs-isr,,
2,GECSE Hugo,ROU,True,D,1,0,1,0,5,6.0,0:00,0.0,0:00,2,0:00,2,0:00,1,0:00,https://www.iihf.com//en/events/2020/ogqp1k/gamecenter/statistics/15070/4-rou-vs-kgz,https://www.iihf.com//en/events/2020/ogqp1k/gamecenter/playbyplay/15070/4-rou-vs-kgz,,
5,SALLO Alpar,ROU,True,D,0,2,2,0,1,5.0,0:00,0.0,0:00,0,0:00,1,0:00,0,0:00,https://www.iihf.com//en/events/2020/ogqp1k/gamecenter/statistics/15070/4-rou-vs-kgz,https://www.iihf.com//en/events/2020/ogqp1k/gamecenter/playbyplay/15070/4-rou-vs-kgz,,
7,FODOR Csanad,ROU,True,F,1,3,4,0,5,4.0,0:00,0.0,0:00,1,0:00,2,0:00,2,0:00,https://www.iihf.com//en/events/2020/ogqp1k/gamecenter/statistics/15070/4-rou-vs-kgz,https://www.iihf.com//en/events/2020/ogqp1k/gamecenter/playbyplay/15070/4-rou-vs-kgz,,
10,BUTOCHNOV Anton,ROU,True,F,0,2,2,0,3,4.0,0:00,0.0,0:00,1,0:00,2,0:00,0,0:00,https://www.iihf.com//en/events/2020/ogqp1k/gamecenter/statistics/15070/4-rou-vs-kgz,https://www.iihf.com//en/events/2020/ogqp1k/gamecenter/playbyplay/15070/4-rou-vs-kgz,,
23,KIRICHENKO Vitali,ROU,True,F,3,1,4,0,7,4.0,0:00,0.0,0:00,1,0:00,4,0:00,2,0:00,https://www.iihf.com//en/events/2020/ogqp1k/gamecenter/statistics/15070/4-rou-vs-kgz,https://www.iihf.com//en/events/2020/ogqp1k/gamecenter/playbyplay/15070/4-rou-vs-kgz,,
9,BORYSENKO Pavlo,ROU,True,D,1,1,2,0,5,4.0,0:00,0.0,0:00,2,0:00,2,0:00,1,0:00,https://www.iihf.com//en/events/2020/ogqp1k/gamecenter/statistics/15070/4-rou-vs-kgz,https://www.iihf.com//en/events/2020/ogqp1k/gamecenter/playbyplay/15070/4-rou-vs-kgz,,
11,TRANCA Daniel,ROU,True,F,2,4,6,0,9,6.0,0:00,0.0,0:00,4,0:00,1,0:00,4,0:00,https://www.iihf.com//en/events/2020/ogqp1k/gamecenter/statistics/15070/4-rou-vs-kgz,https://www.iihf.com//en/events/2020/ogqp1k/gamecenter/playbyplay/15070/4-rou-vs-kgz,,
12,YEMELIANENKO Yevhen,ROU,True,D,0,0,0,0,0,3.0,0:00,0.0,0:00,0,0:00,0,0:00,0,0:00,https://www.iihf.com//en/events/2020/ogqp1k/gamecenter/statistics/15070/4-rou-vs-kgz,https://www.iihf.com//en/events/2020/ogqp1k/gamecenter/playbyplay/15070/4-rou-vs-kgz,,
15,BIRO Gergo,ROU,True,F,0,0,0,0,1,5.0,0:00,0.0,0:00,1,0:00,0,0:00,0,0:00,https://www.iihf.com//en/events/2020/ogqp1k/gamecenter/statistics/15070/4-rou-vs-kgz,https://www.iihf.com//en/events/2020/ogqp1k/gamecenter/playbyplay/15070/4-rou-vs-kgz,,
19,PETER Balazs,ROU,True,F,2,3,5,0,4,5.0,0:00,0.0,0:00,1,0:00,1,0:00,2,0:00,https://www.iihf.com//en/events/2020/ogqp1k/gamecenter/statistics/15070/4-rou-vs-kgz,https://www.iihf.com//en/events/2020/ogqp1k/gamecenter/playbyplay/15070/4-rou-vs-kgz,,
3,GOGA Attila,ROU,True,D,0,2,2,0,7,4.0,0:00,0.0,0:00,4,0:00,2,0:00,1,0:00,https://www.iihf.com//en/events/2020/ogqp1k/gamecenter/statistics/15070/4-rou-vs-kgz,https://www.iihf.com//en/events/2020/ogqp1k/gamecenter/playbyplay/15070/4-rou-vs-kgz,,
13,GLIGA Roberto,ROU,True,F,1,1,2,0,3,4.0,0:00,0.0,0:00,0,0:00,2,0:00,1,0:00,https://www.iihf.com//en/events/2020/ogqp1k/gamecenter/statistics/15070/4-rou-vs-kgz,https://www.iihf.com//en/events/2020/ogqp1k/gamecenter/playbyplay/15070/4-rou-vs-kgz,,
21,FARKAS Tamas,ROU,True,D,0,0,0,0,2,4.0,0:00,0.0,0:00,1,0:00,0,0:00,1,0:00,https://www.iihf.com//en/events/2020/ogqp1k/gamecenter/statistics/15070/4-rou-vs-kgz,https://www.iihf.com//en/events/2020/ogqp1k/gamecenter/playbyplay/15070/4-rou-vs-kgz,,
22,CONSTANTIN Mircea,ROU,True,F,2,0,2,2,5,3.0,0:00,0.0,0:00,1,0:00,2,0:00,2,0:00,https://www.iihf.com//en/events/2020/ogqp1k/gamecenter/statistics/15070/4-rou-vs-kgz,https://www.iihf.com//en/events/2020/ogqp1k/gamecenter/playbyplay/15070/4-rou-vs-kgz,,
24,MOLNAR Zsombor,ROU,True,F,2,1,3,0,2,3.0,0:00,0.0,0:00,0,0:00,1,0:00,1,0:00,https://www.iihf.com//en/events/2020/ogqp1k/gamecenter/statistics/15070/4-rou-vs-kgz,https://www.iihf.com//en/events/2020/ogqp1k/gamecenter/playbyplay/15070/4-rou-vs-kgz,,
4,GYORFY Tihamer,ROU,True,D,1,1,2,0,1,2.0,0:00,0.0,0:00,0,0:00,1,0:00,0,0:00,https://www.iihf.com//en/events/2020/ogqp1k/gamecenter/statistics/15070/4-rou-vs-kgz,https://www.iihf.com//en/events/2020/ogqp1k/gamecenter/playbyplay/15070/4-rou-vs-kgz,,
8,PETER Zsolt,ROU,True,F,0,2,2,0,1,2.0,0:00,0.0,0:00,1,0:00,0,0:00,0,0:00,https://www.iihf.com//en/events/2020/ogqp1k/gamecenter/statistics/15070/4-rou-vs-kgz,https://www.iihf.com//en/events/2020/ogqp1k/gamecenter/playbyplay/15070/4-rou-vs-kgz,,
14,BIRO Otto,ROU,True,D,0,3,3,2,4,2.0,0:00,0.0,0:00,2,0:00,2,0:00,0,0:00,https://www.iihf.com//en/events/2020/ogqp1k/gamecenter/statistics/15070/4-rou-vs-kgz,https://www.iihf.com//en/events/2020/ogqp1k/gamecenter/playbyplay/15070/4-rou-vs-kgz,,
26,GAJDO Balazs,ROU,True,F,1,0,1,0,2,1.0,0:00,0.0,0:00,0,0:00,2,0:00,0,0:00,https://www.iihf.com//en/events/2020/ogqp1k/gamecenter/statistics/15070/4-rou-vs-kgz,https://www.iihf.com//en/events/2020/ogqp1k/gamecenter/playbyplay/15070/4-rou-vs-kgz,,
28,CASANEANU Eduard,ROU,True,F,1,0,1,2,2,1.0,0:00,0.0,0:00,1,0:00,0,0:00,1,0:00,https://www.iihf.com//en/events/2020/ogqp1k/gamecenter/statistics/15070/4-rou-vs-kgz,https://www.iihf.com//en/events/2020/ogqp1k/gamecenter/playbyplay/15070/4-rou-vs-kgz,,
1,POLC Patrik,ROU,True,GK,0,0,0,0,0,,,,,0,,0,,0,,https://www.iihf.com//en/events/2020/ogqp1k/gamecenter/statistics/15070/4-rou-vs-kgz,https://www.iihf.com//en/events/2020/ogqp1k/gamecenter/playbyplay/15070/4-rou-vs-kgz,,
30,TOKE Zoltan,ROU,True,GK,0,0,0,0,0,,,,,0,,0,,0,,https://www.iihf.com//en/events/2020/ogqp1k/gamecenter/statistics/15070/4-rou-vs-kgz,https://www.iihf.com//en/events/2020/ogqp1k/gamecenter/playbyplay/15070/4-rou-vs-kgz,,
9,TONKIKH Vladimir,KGZ,False,F,0,0,0,0,4,-6.0,0:00,0.0,0:00,3,0:00,1,0:00,0,0:00,https://www.iihf.com//en/events/2020/ogqp1k/gamecenter/statistics/15070/4-rou-vs-kgz,https://www.iihf.com//en/events/2020/ogqp1k/gamecenter/playbyplay/15070/4-rou-vs-kgz,,
14,AIAPOV Artur,KGZ,False,D,0,0,0,0,1,-3.0,0:00,0.0,0:00,0,0:00,1,0:00,0,0:00,https://www.iihf.com//en/events/2020/ogqp1k/gamecenter/statistics/15070/4-rou-vs-kgz,https://www.iihf.com//en/events/2020/ogqp1k/gamecenter/playbyplay/15070/4-rou-vs-kgz,,
16,TERENTYEV Kuzma,KGZ,False,D,0,0,0,0,3,-4.0,0:00,0.0,0:00,0,0:00,1,0:00,2,0:00,https://www.iihf.com//en/events/2020/ogqp1k/gamecenter/statistics/15070/4-rou-vs-kgz,https://www.iihf.com//en/events/2020/ogqp1k/gamecenter/playbyplay/15070/4-rou-vs-kgz,,
19,NOSOV Vladimir,KGZ,False,F,0,0,0,0,4,-3.0,0:00,0.0,0:00,3,0:00,1,0:00,0,0:00,https://www.iihf.com//en/events/2020/ogqp1k/gamecenter/statistics/15070/4-rou-vs-kgz,https://www.iihf.com//en/events/2020/ogqp1k/gamecenter/playbyplay/15070/4-rou-vs-kgz,,
24,MIRBEKOV Ersultan,KGZ,False,F,0,0,0,0,1,-2.0,0:00,0.0,0:00,0,0:00,1,0:00,0,0:00,https://www.iihf.com//en/events/2020/ogqp1k/gamecenter/statistics/15070/4-rou-vs-kgz,https://www.iihf.com//en/events/2020/ogqp1k/gamecenter/playbyplay/15070/4-rou-vs-kgz,,
6,CHUVALOV Mikhail,KGZ,False,F,0,0,0,2,2,-8.0,0:00,0.0,0:00,0,0:00,0,0:00,2,0:00,https://www.iihf.com//en/events/2020/ogqp1k/gamecenter/statistics/15070/4-rou-vs-kgz,https://www.iihf.com//en/events/2020/ogqp1k/gamecenter/playbyplay/15070/4-rou-vs-kgz,,
7,TITOV Alexander,KGZ,False,F,1,0,1,0,5,-10.0,0:00,0.0,0:00,0,0:00,2,0:00,3,0:00,https://www.iihf.com//en/events/2020/ogqp1k/gamecenter/statistics/15070/4-rou-vs-kgz,https://www.iihf.com//en/events/2020/ogqp1k/gamecenter/playbyplay/15070/4-rou-vs-kgz,,
10,EGOROV Maxim,KGZ,False,D,0,0,0,0,5,-4.0,0:00,0.0,0:00,5,0:00,0,0:00,0,0:00,https://www.iihf.com//en/events/2020/ogqp1k/gamecenter/statistics/15070/4-rou-vs-kgz,https://www.iihf.com//en/events/2020/ogqp1k/gamecenter/playbyplay/15070/4-rou-vs-kgz,,
17,KUDASHEV Anton,KGZ,False,D,0,0,0,0,1,-8.0,0:00,0.0,0:00,1,0:00,0,0:00,0,0:00,https://www.iihf.com//en/events/2020/ogqp1k/gamecenter/statistics/15070/4-rou-vs-kgz,https://www.iihf.com//en/events/2020/ogqp1k/gamecenter/playbyplay/15070/4-rou-vs-kgz,,
25,GOROBETS Artem,KGZ,False,F,0,0,0,0,1,-10.0,0:00,0.0,0:00,0,0:00,0,0:00,1,0:00,https://www.iihf.com//en/events/2020/ogqp1k/gamecenter/statistics/15070/4-rou-vs-kgz,https://www.iihf.com//en/events/2020/ogqp1k/gamecenter/playbyplay/15070/4-rou-vs-kgz,,
8,TRISHKIN Andrei,KGZ,False,D,0,0,0,0,0,-3.0,0:00,0.0,0:00,0,0:00,0,0:00,0,0:00,https://www.iihf.com//en/events/2020/ogqp1k/gamecenter/statistics/15070/4-rou-vs-kgz,https://www.iihf.com//en/events/2020/ogqp1k/gamecenter/playbyplay/15070/4-rou-vs-kgz,,
11,KOLODII Oleg,KGZ,False,F,0,1,1,4,2,-2.0,0:00,0.0,0:00,2,0:00,0,0:00,0,0:00,https://www.iihf.com//en/events/2020/ogqp1k/gamecenter/statistics/15070/4-rou-vs-kgz,https://www.iihf.com//en/events/2020/ogqp1k/gamecenter/playbyplay/15070/4-rou-vs-kgz,,
15,NICHIPURENKO Vladimir,KGZ,False,F,1,0,1,0,3,-5.0,0:00,0.0,0:00,0,0:00,3,0:00,0,0:00,https://www.iihf.com//en/events/2020/ogqp1k/gamecenter/statistics/15070/4-rou-vs-kgz,https://www.iihf.com//en/events/2020/ogqp1k/gamecenter/playbyplay/15070/4-rou-vs-kgz,,
18,ISAMATOV Ernazar,KGZ,False,D,0,0,0,2,0,-5.0,0:00,0.0,0:00,0,0:00,0,0:00,0,0:00,https://www.iihf.com//en/events/2020/ogqp1k/gamecenter/statistics/15070/4-rou-vs-kgz,https://www.iihf.com//en/events/2020/ogqp1k/gamecenter/playbyplay/15070/4-rou-vs-kgz,,
21,ULUGBEK UULU Azhymukhamed,KGZ,False,F,0,0,0,0,0,0.0,0:00,0.0,0:00,0,0:00,0,0:00,0,0:00,https://www.iihf.com//en/events/2020/ogqp1k/gamecenter/statistics/15070/4-rou-vs-kgz,https://www.iihf.com//en/events/2020/ogqp1k/gamecenter/playbyplay/15070/4-rou-vs-kgz,,
4,KACHKYNBEKOV Adis,KGZ,False,D,0,0,0,0,0,-1.0,0:00,0.0,0:00,0,0:00,0,0:00,0,0:00,https://www.iihf.com//en/events/2020/ogqp1k/gamecenter/statistics/15070/4-rou-vs-kgz,https://www.iihf.com//en/events/2020/ogqp1k/gamecenter/playbyplay/15070/4-rou-vs-kgz,,
13,TAGAEV Zhanbolot,KGZ,False,F,0,1,1,0,0,0.0,0:00,0.0,0:00,0,0:00,0,0:00,0,0:00,https://www.iihf.com//en/events/2020/ogqp1k/gamecenter/statistics/15070/4-rou-vs-kgz,https://www.iihf.com//en/events/2020/ogqp1k/gamecenter/playbyplay/15070/4-rou-vs-kgz,,
22,TURSUNBEKOV Uran,KGZ,False,F,0,0,0,0,0,0.0,0:00,0.0,0:00,0,0:00,0,0:00,0,0:00,https://www.iihf.com//en/events/2020/ogqp1k/gamecenter/statistics/15070/4-rou-vs-kgz,https://www.iihf.com//en/events/2020/ogqp1k/gamecenter/playbyplay/15070/4-rou-vs-kgz,,
1,PETROV Alexander,KGZ,False,GK,0,0,0,0,0,,,,,0,,0,,0,,https://www.iihf.com//en/events/2020/ogqp1k/gamecenter/statistics/15070/4-rou-vs-kgz,https://www.iihf.com//en/events/2020/ogqp1k/gamecenter/playbyplay/15070/4-rou-vs-kgz,,
20,ALYMBEKOV Kadyr,KGZ,False,GK,0,0,0,0,0,,,,,0,,0,,0,,https://www.iihf.com//en/events/2020/ogqp1k/gamecenter/statistics/15070/4-rou-vs-kgz,https://www.iihf.com//en/events/2020/ogqp1k/gamecenter/playbyplay/15070/4-rou-vs-kgz,,
7,TITOV Alexander,KGZ,True,F,0,1,1,0,7,-1.0,0:00,0.0,0:00,1,0:00,3,0:00,2,0:00,https://www.iihf.com//en/events/2020/ogqp1k/gamecenter/statistics/15071/5-kgz-vs-isr,https://www.iihf.com//en/events/2020/ogqp1k/gamecenter/playbyplay/15071/5-kgz-vs-isr,1.0,0:00
9,TONKIKH Vladimir,KGZ,True,F,0,0,0,0,1,-1.0,0:00,0.0,0:00,0,0:00,0,0:00,1,0:00,https://www.iihf.com//en/events/2020/ogqp1k/gamecenter/statistics/15071/5-kgz-vs-isr,https://www.iihf.com//en/events/2020/ogqp1k/gamecenter/playbyplay/15071/5-kgz-vs-isr,0.0,0:00
16,TERENTYEV Kuzma,KGZ,True,D,0,2,2,2,2,-1.0,0:00,0.0,0:00,1,0:00,1,0:00,0,0:00,https://www.iihf.com//en/events/2020/ogqp1k/gamecenter/statistics/15071/5-kgz-vs-isr,https://www.iihf.com//en/events/2020/ogqp1k/gamecenter/playbyplay/15071/5-kgz-vs-isr,0.0,0:00
18,ISAMATOV Ernazar,KGZ,True,D,0,1,1,0,2,-1.0,0:00,0.0,0:00,0,0:00,0,0:00,2,0:00,https://www.iihf.com//en/events/2020/ogqp1k/gamecenter/statistics/15071/5-kgz-vs-isr,https://www.iihf.com//en/events/2020/ogqp1k/gamecenter/playbyplay/15071/5-kgz-vs-isr,0.0,0:00
19,NOSOV Vladimir,KGZ,True,F,2,0,2,0,8,-1.0,0:00,0.0,0:00,5,0:00,1,0:00,2,0:00,https://www.iihf.com//en/events/2020/ogqp1k/gamecenter/statistics/15071/5-kgz-vs-isr,https://www.iihf.com//en/events/2020/ogqp1k/gamecenter/playbyplay/15071/5-kgz-vs-isr,0.0,0:00
6,CHUVALOV Mikhail,KGZ,True,F,0,0,0,2,9,0.0,0:00,0.0,0:00,2,0:00,2,0:00,3,0:00,https://www.iihf.com//en/events/2020/ogqp1k/gamecenter/statistics/15071/5-kgz-vs-isr,https://www.iihf.com//en/events/2020/ogqp1k/gamecenter/playbyplay/15071/5-kgz-vs-isr,2.0,0:00
10,EGOROV Maxim,KGZ,True,D,0,1,1,0,5,0.0,0:00,0.0,0:00,2,0:00,1,0:00,1,0:00,https://www.iihf.com//en/events/2020/ogqp1k/gamecenter/statistics/15071/5-kgz-vs-isr,https://www.iihf.com//en/events/2020/ogqp1k/gamecenter/playbyplay/15071/5-kgz-vs-isr,1.0,0:00
17,KUDASHEV Anton,KGZ,True,D,0,1,1,0,3,1.0,0:00,0.0,0:00,1,0:00,0,0:00,2,0:00,https://www.iihf.com//en/events/2020/ogqp1k/gamecenter/statistics/15071/5-kgz-vs-isr,https://www.iihf.com//en/events/2020/ogqp1k/gamecenter/playbyplay/15071/5-kgz-vs-isr,0.0,0:00
24,MIRBEKOV Ersultan,KGZ,True,F,1,0,1,2,3,1.0,0:00,0.0,0:00,2,0:00,1,0:00,0,0:00,https://www.iihf.com//en/events/2020/ogqp1k/gamecenter/statistics/15071/5-kgz-vs-isr,https://www.iihf.com//en/events/2020/ogqp1k/gamecenter/playbyplay/15071/5-kgz-vs-isr,0.0,0:00
25,GOROBETS Artem,KGZ,True,F,1,1,2,0,1,1.0,0:00,0.0,0:00,0,0:00,1,0:00,0,0:00,https://www.iihf.com//en/events/2020/ogqp1k/gamecenter/statistics/15071/5-kgz-vs-isr,https://www.iihf.com//en/events/2020/ogqp1k/gamecenter/playbyplay/15071/5-kgz-vs-isr,0.0,0:00
8,TRISHKIN Andrei,KGZ,True,D,0,0,0,0,0,0.0,0:00,0.0,0:00,0,0:00,0,0:00,0,0:00,https://www.iihf.com//en/events/2020/ogqp1k/gamecenter/statistics/15071/5-kgz-vs-isr,https://www.iihf.com//en/events/2020/ogqp1k/gamecenter/playbyplay/15071/5-kgz-vs-isr,0.0,0:00
11,KOLODII Oleg,KGZ,True,F,0,0,0,0,1,0.0,0:00,0.0,0:00,0,0:00,1,0:00,0,0:00,https://www.iihf.com//en/events/2020/ogqp1k/gamecenter/statistics/15071/5-kgz-vs-isr,https://www.iihf.com//en/events/2020/ogqp1k/gamecenter/playbyplay/15071/5-kgz-vs-isr,0.0,0:00
13,TAGAEV Zhanbolot,KGZ,True,F,0,0,0,0,1,0.0,0:00,0.0,0:00,0,0:00,0,0:00,1,0:00,https://www.iihf.com//en/events/2020/ogqp1k/gamecenter/statistics/15071/5-kgz-vs-isr,https://www.iihf.com//en/events/2020/ogqp1k/gamecenter/playbyplay/15071/5-kgz-vs-isr,0.0,0:00
14,AIAPOV Artur,KGZ,True,D,0,0,0,0,1,0.0,0:00,0.0,0:00,1,0:00,0,0:00,0,0:00,https://www.iihf.com//en/events/2020/ogqp1k/gamecenter/statistics/15071/5-kgz-vs-isr,https://www.iihf.com//en/events/2020/ogqp1k/gamecenter/playbyplay/15071/5-kgz-vs-isr,0.0,0:00
15,NICHIPURENKO Vladimir,KGZ,True,F,0,0,0,2,0,-1.0,0:00,0.0,0:00,0,0:00,0,0:00,0,0:00,https://www.iihf.com//en/events/2020/ogqp1k/gamecenter/statistics/15071/5-kgz-vs-isr,https://www.iihf.com//en/events/2020/ogqp1k/gamecenter/playbyplay/15071/5-kgz-vs-isr,0.0,0:00
4,KACHKYNBEKOV Adis,KGZ,True,D,0,0,0,0,0,0.0,0:00,0.0,0:00,0,0:00,0,0:00,0,0:00,https://www.iihf.com//en/events/2020/ogqp1k/gamecenter/statistics/15071/5-kgz-vs-isr,https://www.iihf.com//en/events/2020/ogqp1k/gamecenter/playbyplay/15071/5-kgz-vs-isr,0.0,0:00
21,ULUGBEK UULU Azhymukhamed,KGZ,True,F,0,0,0,0,0,0.0,0:00,0.0,0:00,0,0:00,0,0:00,0,0:00,https://www.iihf.com//en/events/2020/ogqp1k/gamecenter/statistics/15071/5-kgz-vs-isr,https://www.iihf.com//en/events/2020/ogqp1k/gamecenter/playbyplay/15071/5-kgz-vs-isr,0.0,0:00
22,TURSUNBEKOV Uran,KGZ,True,F,0,0,0,0,0,0.0,0:00,0.0,0:00,0,0:00,0,0:00,0,0:00,https://www.iihf.com//en/events/2020/ogqp1k/gamecenter/statistics/15071/5-kgz-vs-isr,https://www.iihf.com//en/events/2020/ogqp1k/gamecenter/playbyplay/15071/5-kgz-vs-isr,0.0,0:00
1,PETROV Alexander,KGZ,True,GK,0,0,0,0,0,,,,,0,,0,,0,,https://www.iihf.com//en/events/2020/ogqp1k/gamecenter/statistics/15071/5-kgz-vs-isr,https://www.iihf.com//en/events/2020/ogqp1k/gamecenter/playbyplay/15071/5-kgz-vs-isr,0.0,
20,ALYMBEKOV Kadyr,KGZ,True,GK,0,0,0,0,0,,,,,0,,0,,0,,https://www.iihf.com//en/events/2020/ogqp1k/gamecenter/statistics/15071/5-kgz-vs-isr,https://www.iihf.com//en/events/2020/ogqp1k/gamecenter/playbyplay/15071/5-kgz-vs-isr,0.0,
16,BEN TOV Itay,ISR,False,F,1,0,1,4,3,2.0,0:00,0.0,0:00,2,0:00,1,0:00,0,0:00,https://www.iihf.com//en/events/2020/ogqp1k/gamecenter/statistics/15071/5-kgz-vs-isr,https://www.iihf.com//en/events/2020/ogqp1k/gamecenter/playbyplay/15071/5-kgz-vs-isr,0.0,0:00
21,RAITER Denis,ISR,False,D,0,0,0,0,1,0.0,0:00,0.0,0:00,0,0:00,1,0:00,0,0:00,https://www.iihf.com//en/events/2020/ogqp1k/gamecenter/statistics/15071/5-kgz-vs-isr,https://www.iihf.com//en/events/2020/ogqp1k/gamecenter/playbyplay/15071/5-kgz-vs-isr,0.0,0:00
22,HOFFMAN Dan,ISR,False,D,0,1,1,0,1,0.0,0:00,0.0,0:00,0,0:00,0,0:00,1,0:00,https://www.iihf.com//en/events/2020/ogqp1k/gamecenter/statistics/15071/5-kgz-vs-isr,https://www.iihf.com//en/events/2020/ogqp1k/gamecenter/playbyplay/15071/5-kgz-vs-isr,0.0,0:00
24,GOLODNITZKY Daniel,ISR,False,F,0,0,0,0,3,-1.0,0:00,0.0,0:00,0,0:00,0,0:00,2,0:00,https://www.iihf.com//en/events/2020/ogqp1k/gamecenter/statistics/15071/5-kgz-vs-isr,https://www.iihf.com//en/events/2020/ogqp1k/gamecenter/playbyplay/15071/5-kgz-vs-isr,1.0,0:00
25,GREENBERG Joshua,ISR,False,F,0,1,1,0,6,1.0,0:00,0.0,0:00,1,0:00,3,0:00,1,0:00,https://www.iihf.com//en/events/2020/ogqp1k/gamecenter/statistics/15071/5-kgz-vs-isr,https://www.iihf.com//en/events/2020/ogqp1k/gamecenter/playbyplay/15071/5-kgz-vs-isr,1.0,0:00
11,AHARONOVICH Tomer,ISR,False,D,0,1,1,0,0,0.0,0:00,0.0,0:00,0,0:00,0,0:00,0,0:00,https://www.iihf.com//en/events/2020/ogqp1k/gamecenter/statistics/15071/5-kgz-vs-isr,https://www.iihf.com//en/events/2020/ogqp1k/gamecenter/playbyplay/15071/5-kgz-vs-isr,0.0,0:00
14,SHERF Maor,ISR,False,F,1,0,1,2,6,1.0,0:00,0.0,0:00,0,0:00,4,0:00,2,0:00,https://www.iihf.com//en/events/2020/ogqp1k/gamecenter/statistics/15071/5-kgz-vs-isr,https://www.iihf.com//en/events/2020/ogqp1k/gamecenter/playbyplay/15071/5-kgz-vs-isr,0.0,0:00
15,IBRAGIMOV Avihai,ISR,False,F,1,0,1,0,2,1.0,0:00,0.0,0:00,0,0:00,2,0:00,0,0:00,https://www.iihf.com//en/events/2020/ogqp1k/gamecenter/statistics/15071/5-kgz-vs-isr,https://www.iihf.com//en/events/2020/ogqp1k/gamecenter/playbyplay/15071/5-kgz-vs-isr,0.0,0:00
17,VINEGRAD Amit Moshe,ISR,False,D,0,0,0,0,1,-2.0,0:00,0.0,0:00,0,0:00,1,0:00,0,0:00,https://www.iihf.com//en/events/2020/ogqp1k/gamecenter/statistics/15071/5-kgz-vs-isr,https://www.iihf.com//en/events/2020/ogqp1k/gamecenter/playbyplay/15071/5-kgz-vs-isr,0.0,0:00
18,VAITZ Itay,ISR,False,F,1,1,2,0,2,3.0,0:00,0.0,0:00,1,0:00,0,0:00,0,0:00,https://www.iihf.com//en/events/2020/ogqp1k/gamecenter/statistics/15071/5-kgz-vs-isr,https://www.iihf.com//en/events/2020/ogqp1k/gamecenter/playbyplay/15071/5-kgz-vs-isr,1.0,0:00
4,KAZNATCHEEV Denis,ISR,False,D,0,1,1,0,0,1.0,0:00,0.0,0:00,0,0:00,0,0:00,0,0:00,https://www.iihf.com//en/events/2020/ogqp1k/gamecenter/statistics/15071/5-kgz-vs-isr,https://www.iihf.com//en/events/2020/ogqp1k/gamecenter/playbyplay/15071/5-kgz-vs-isr,0.0,0:00
5,LANDO Tal,ISR,False,F,0,0,0,0,0,-1.0,0:00,0.0,0:00,0,0:00,0,0:00,0,0:00,https://www.iihf.com//en/events/2020/ogqp1k/gamecenter/statistics/15071/5-kgz-vs-isr,https://www.iihf.com//en/events/2020/ogqp1k/gamecenter/playbyplay/15071/5-kgz-vs-isr,0.0,0:00
7,MERKULOV Daniel,ISR,False,F,0,0,0,0,1,-1.0,0:00,0.0,0:00,1,0:00,0,0:00,0,0:00,https://www.iihf.com//en/events/2020/ogqp1k/gamecenter/statistics/15071/5-kgz-vs-isr,https://www.iihf.com//en/events/2020/ogqp1k/gamecenter/playbyplay/15071/5-kgz-vs-isr,0.0,0:00
9,MOSTOVOY Itay,ISR,False,D,1,0,1,0,3,1.0,0:00,0.0,0:00,0,0:00,2,0:00,1,0:00,https://www.iihf.com//en/events/2020/ogqp1k/gamecenter/statistics/15071/5-kgz-vs-isr,https://www.iihf.com//en/events/2020/ogqp1k/gamecenter/playbyplay/15071/5-kgz-vs-isr,0.0,0:00
10,SHARON Yonatan,ISR,False,F,0,0,0,0,1,-1.0,0:00,0.0,0:00,0,0:00,0,0:00,1,0:00,https://www.iihf.com//en/events/2020/ogqp1k/gamecenter/statistics/15071/5-kgz-vs-isr,https://www.iihf.com//en/events/2020/ogqp1k/gamecenter/playbyplay/15071/5-kgz-vs-isr,0.0,0:00
2,KOSTRINSKY Noam,ISR,False,F,0,0,0,0,2,-1.0,0:00,0.0,0:00,1,0:00,0,0:00,1,0:00,https://www.iihf.com//en/events/2020/ogqp1k/gamecenter/statistics/15071/5-kgz-vs-isr,https://www.iihf.com//en/events/2020/ogqp1k/gamecenter/playbyplay/15071/5-kgz-vs-isr,0.0,0:00
19,TSELIMETSKIY Daniel,ISR,False,D,0,0,0,2,0,0.0,0:00,0.0,0:00,0,0:00,0,0:00,0,0:00,https://www.iihf.com//en/events/2020/ogqp1k/gamecenter/statistics/15071/5-kgz-vs-isr,https://www.iihf.com//en/events/2020/ogqp1k/gamecenter/playbyplay/15071/5-kgz-vs-isr,0.0,0:00
1,SHARIR Omer,ISR,False,GK,0,0,0,0,0,,,,,0,,0,,0,,https://www.iihf.com//en/events/2020/ogqp1k/gamecenter/statistics/15071/5-kgz-vs-isr,https://www.iihf.com//en/events/2020/ogqp1k/gamecenter/playbyplay/15071/5-kgz-vs-isr,0.0,
20,REISINGER Yehonatan,ISR,False,GK,0,0,0,0,0,,,,,0,,0,,0,,https://www.iihf.com//en/events/2020/ogqp1k/gamecenter/statistics/15071/5-kgz-vs-isr,https://www.iihf.com//en/events/2020/ogqp1k/gamecenter/playbyplay/15071/5-kgz-vs-isr,0.0,
3,GOGA Attila,ROU,True,D,1,2,3,2,6,4.0,0:00,0.0,0:00,3,0:00,2,0:00,1,0:00,https://www.iihf.com//en/events/2020/ogqp1k/gamecenter/statistics/15072/6-rou-vs-isl,https://www.iihf.com//en/events/2020/ogqp1k/gamecenter/playbyplay/15072/6-rou-vs-isl,,
9,BORYSENKO Pavlo,ROU,True,D,1,1,2,0,8,5.0,0:00,0.0,0:00,2,0:00,1,0:00,5,0:00,https://www.iihf.com//en/events/2020/ogqp1k/gamecenter/statistics/15072/6-rou-vs-isl,https://www.iihf.com//en/events/2020/ogqp1k/gamecenter/playbyplay/15072/6-rou-vs-isl,,
13,GLIGA Roberto,ROU,True,F,0,1,1,0,1,3.0,0:00,0.0,0:00,1,0:00,0,0:00,0,0:00,https://www.iihf.com//en/events/2020/ogqp1k/gamecenter/statistics/15072/6-rou-vs-isl,https://www.iihf.com//en/events/2020/ogqp1k/gamecenter/playbyplay/15072/6-rou-vs-isl,,
19,PETER Balazs,ROU,True,F,2,3,5,0,5,4.0,0:00,0.0,0:00,2,0:00,2,0:00,1,0:00,https://www.iihf.com//en/events/2020/ogqp1k/gamecenter/statistics/15072/6-rou-vs-isl,https://www.iihf.com//en/events/2020/ogqp1k/gamecenter/playbyplay/15072/6-rou-vs-isl,,
24,MOLNAR Zsombor,ROU,True,F,2,1,3,0,3,3.0,0:00,0.0,0:00,1,0:00,2,0:00,0,0:00,https://www.iihf.com//en/events/2020/ogqp1k/gamecenter/statistics/15072/6-rou-vs-isl,https://www.iihf.com//en/events/2020/ogqp1k/gamecenter/playbyplay/15072/6-rou-vs-isl,,
2,GECSE Hugo,ROU,True,D,0,1,1,0,1,1.0,0:00,0.0,0:00,0,0:00,0,0:00,1,0:00,https://www.iihf.com//en/events/2020/ogqp1k/gamecenter/statistics/15072/6-rou-vs-isl,https://www.iihf.com//en/events/2020/ogqp1k/gamecenter/playbyplay/15072/6-rou-vs-isl,,
5,SALLO Alpar,ROU,True,D,0,0,0,2,1,1.0,0:00,0.0,0:00,0,0:00,0,0:00,1,0:00,https://www.iihf.com//en/events/2020/ogqp1k/gamecenter/statistics/15072/6-rou-vs-isl,https://www.iihf.com//en/events/2020/ogqp1k/gamecenter/playbyplay/15072/6-rou-vs-isl,,
7,FODOR Csanad,ROU,True,F,1,2,3,0,4,2.0,0:00,0.0,0:00,0,0:00,2,0:00,2,0:00,https://www.iihf.com//en/events/2020/ogqp1k/gamecenter/statistics/15072/6-rou-vs-isl,https://www.iihf.com//en/events/2020/ogqp1k/gamecenter/playbyplay/15072/6-rou-vs-isl,,
10,BUTOCHNOV Anton,ROU,True,F,1,1,2,0,1,1.0,0:00,0.0,0:00,1,0:00,0,0:00,0,0:00,https://www.iihf.com//en/events/2020/ogqp1k/gamecenter/statistics/15072/6-rou-vs-isl,https://www.iihf.com//en/events/2020/ogqp1k/gamecenter/playbyplay/15072/6-rou-vs-isl,,
23,KIRICHENKO Vitali,ROU,True,F,1,0,1,0,6,1.0,0:00,0.0,0:00,1,0:00,3,0:00,2,0:00,https://www.iihf.com//en/events/2020/ogqp1k/gamecenter/statistics/15072/6-rou-vs-isl,https://www.iihf.com//en/events/2020/ogqp1k/gamecenter/playbyplay/15072/6-rou-vs-isl,,
8,PETER Zsolt,ROU,True,F,0,0,0,0,3,0.0,0:00,0.0,0:00,1,0:00,1,0:00,1,0:00,https://www.iihf.com//en/events/2020/ogqp1k/gamecenter/statistics/15072/6-rou-vs-isl,https://www.iihf.com//en/events/2020/ogqp1k/gamecenter/playbyplay/15072/6-rou-vs-isl,,
12,YEMELIANENKO Yevhen,ROU,True,D,1,0,1,2,3,-1.0,0:00,0.0,0:00,0,0:00,2,0:00,1,0:00,https://www.iihf.com//en/events/2020/ogqp1k/gamecenter/statistics/15072/6-rou-vs-isl,https://www.iihf.com//en/events/2020/ogqp1k/gamecenter/playbyplay/15072/6-rou-vs-isl,,
14,BIRO Otto,ROU,True,D,0,1,1,0,2,0.0,0:00,0.0,0:00,1,0:00,1,0:00,0,0:00,https://www.iihf.com//en/events/2020/ogqp1k/gamecenter/statistics/15072/6-rou-vs-isl,https://www.iihf.com//en/events/2020/ogqp1k/gamecenter/playbyplay/15072/6-rou-vs-isl,,
15,BIRO Gergo,ROU,True,F,0,2,2,0,4,0.0,0:00,0.0,0:00,2,0:00,1,0:00,1,0:00,https://www.iihf.com//en/events/2020/ogqp1k/gamecenter/statistics/15072/6-rou-vs-isl,https://www.iihf.com//en/events/2020/ogqp1k/gamecenter/playbyplay/15072/6-rou-vs-isl,,
22,CONSTANTIN Mircea,ROU,True,F,0,1,1,0,2,-1.0,0:00,0.0,0:00,1,0:00,1,0:00,0,0:00,https://www.iihf.com//en/events/2020/ogqp1k/gamecenter/statistics/15072/6-rou-vs-isl,https://www.iihf.com//en/events/2020/ogqp1k/gamecenter/playbyplay/15072/6-rou-vs-isl,,
4,GYORFY Tihamer,ROU,True,D,0,0,0,0,1,0.0,0:00,0.0,0:00,0,0:00,0,0:00,1,0:00,https://www.iihf.com//en/events/2020/ogqp1k/gamecenter/statistics/15072/6-rou-vs-isl,https://www.iihf.com//en/events/2020/ogqp1k/gamecenter/playbyplay/15072/6-rou-vs-isl,,
21,FARKAS Tamas,ROU,True,D,0,0,0,0,1,0.0,0:00,0.0,0:00,0,0:00,0,0:00,1,0:00,https://www.iihf.com//en/events/2020/ogqp1k/gamecenter/statistics/15072/6-rou-vs-isl,https://www.iihf.com//en/events/2020/ogqp1k/gamecenter/playbyplay/15072/6-rou-vs-isl,,
26,GAJDO Balazs,ROU,True,F,0,1,1,0,1,1.0,0:00,0.0,0:00,0,0:00,0,0:00,1,0:00,https://www.iihf.com//en/events/2020/ogqp1k/gamecenter/statistics/15072/6-rou-vs-isl,https://www.iihf.com//en/events/2020/ogqp1k/gamecenter/playbyplay/15072/6-rou-vs-isl,,
28,CASANEANU Eduard,ROU,True,F,0,1,1,0,1,1.0,0:00,0.0,0:00,0,0:00,0,0:00,1,0:00,https://www.iihf.com//en/events/2020/ogqp1k/gamecenter/statistics/15072/6-rou-vs-isl,https://www.iihf.com//en/events/2020/ogqp1k/gamecenter/playbyplay/15072/6-rou-vs-isl,,
1,POLC Patrik,ROU,True,GK,0,1,1,0,0,,,,,0,,0,,0,,https://www.iihf.com//en/events/2020/ogqp1k/gamecenter/statistics/15072/6-rou-vs-isl,https://www.iihf.com//en/events/2020/ogqp1k/gamecenter/playbyplay/15072/6-rou-vs-isl,,
30,TOKE Zoltan,ROU,True,GK,0,0,0,0,0,,,,,0,,0,,0,,https://www.iihf.com//en/events/2020/ogqp1k/gamecenter/statistics/15072/6-rou-vs-isl,https://www.iihf.com//en/events/2020/ogqp1k/gamecenter/playbyplay/15072/6-rou-vs-isl,,
7,SIGURDSSON Robert,ISL,False,F,0,0,0,0,1,-2.0,0:00,0.0,0:00,0,0:00,1,0:00,0,0:00,https://www.iihf.com//en/events/2020/ogqp1k/gamecenter/statistics/15072/6-rou-vs-isl,https://www.iihf.com//en/events/2020/ogqp1k/gamecenter/playbyplay/15072/6-rou-vs-isl,,
9,PALSSON Robert,ISL,False,D,0,0,0,0,1,-2.0,0:00,0.0,0:00,1,0:00,0,0:00,0,0:00,https://www.iihf.com//en/events/2020/ogqp1k/gamecenter/statistics/15072/6-rou-vs-isl,https://www.iihf.com//en/events/2020/ogqp1k/gamecenter/playbyplay/15072/6-rou-vs-isl,,
17,JOHANNESSON Bjarki,ISL,False,F,0,0,0,2,2,-1.0,0:00,0.0,0:00,1,0:00,1,0:00,0,0:00,https://www.iihf.com//en/events/2020/ogqp1k/gamecenter/statistics/15072/6-rou-vs-isl,https://www.iihf.com//en/events/2020/ogqp1k/gamecenter/playbyplay/15072/6-rou-vs-isl,,
18,RACANSKY Miloslav,ISL,False,F,0,0,0,2,0,-1.0,0:00,0.0,0:00,0,0:00,0,0:00,0,0:00,https://www.iihf.com//en/events/2020/ogqp1k/gamecenter/statistics/15072/6-rou-vs-isl,https://www.iihf.com//en/events/2020/ogqp1k/gamecenter/playbyplay/15072/6-rou-vs-isl,,
21,ORONGAN Axel,ISL,False,F,0,0,0,0,3,-3.0,0:00,0.0,0:00,1,0:00,1,0:00,1,0:00,https://www.iihf.com//en/events/2020/ogqp1k/gamecenter/statistics/15072/6-rou-vs-isl,https://www.iihf.com//en/events/2020/ogqp1k/gamecenter/playbyplay/15072/6-rou-vs-isl,,
15,SIGRUNARSON Hafthor,ISL,False,F,0,0,0,0,2,-2.0,0:00,0.0,0:00,1,0:00,0,0:00,1,0:00,https://www.iihf.com//en/events/2020/ogqp1k/gamecenter/statistics/15072/6-rou-vs-isl,https://www.iihf.com//en/events/2020/ogqp1k/gamecenter/playbyplay/15072/6-rou-vs-isl,,
19,MIKAELSSON Andri,ISL,False,F,0,0,0,12,2,-2.0,0:00,0.0,0:00,1,0:00,0,0:00,1,0:00,https://www.iihf.com//en/events/2020/ogqp1k/gamecenter/statistics/15072/6-rou-vs-isl,https://www.iihf.com//en/events/2020/ogqp1k/gamecenter/playbyplay/15072/6-rou-vs-isl,,
22,THORSTEINSSON Sigurdur,ISL,False,D,0,0,0,0,0,-1.0,0:00,0.0,0:00,0,0:00,0,0:00,0,0:00,https://www.iihf.com//en/events/2020/ogqp1k/gamecenter/statistics/15072/6-rou-vs-isl,https://www.iihf.com//en/events/2020/ogqp1k/gamecenter/playbyplay/15072/6-rou-vs-isl,,
23,LEIFSSON Johann,ISL,False,F,0,0,0,0,4,-3.0,0:00,0.0,0:00,0,0:00,1,0:00,3,0:00,https://www.iihf.com//en/events/2020/ogqp1k/gamecenter/statistics/15072/6-rou-vs-isl,https://www.iihf.com//en/events/2020/ogqp1k/gamecenter/playbyplay/15072/6-rou-vs-isl,,
24,SVEINSSON Atli,ISL,False,D,0,0,0,0,2,-1.0,0:00,0.0,0:00,0,0:00,2,0:00,0,0:00,https://www.iihf.com//en/events/2020/ogqp1k/gamecenter/statistics/15072/6-rou-vs-isl,https://www.iihf.com//en/events/2020/ogqp1k/gamecenter/playbyplay/15072/6-rou-vs-isl,,
2,KRISTVEIGARSON Heidar,ISL,False,F,0,0,0,0,0,0.0,0:00,0.0,0:00,0,0:00,0,0:00,0,0:00,https://www.iihf.com//en/events/2020/ogqp1k/gamecenter/statistics/15072/6-rou-vs-isl,https://www.iihf.com//en/events/2020/ogqp1k/gamecenter/playbyplay/15072/6-rou-vs-isl,,
4,BJORNSSON Olafur,ISL,False,F,0,0,0,0,1,-1.0,0:00,0.0,0:00,1,0:00,0,0:00,0,0:00,https://www.iihf.com//en/events/2020/ogqp1k/gamecenter/statistics/15072/6-rou-vs-isl,https://www.iihf.com//en/events/2020/ogqp1k/gamecenter/playbyplay/15072/6-rou-vs-isl,,
10,ARASON Vignir,ISL,False,D,0,0,0,0,1,-3.0,0:00,0.0,0:00,0,0:00,1,0:00,0,0:00,https://www.iihf.com//en/events/2020/ogqp1k/gamecenter/statistics/15072/6-rou-vs-isl,https://www.iihf.com//en/events/2020/ogqp1k/gamecenter/playbyplay/15072/6-rou-vs-isl,,
12,ARASON Gunnar,ISL,False,D,0,0,0,0,1,-2.0,0:00,0.0,0:00,0,0:00,1,0:00,0,0:00,https://www.iihf.com//en/events/2020/ogqp1k/gamecenter/statistics/15072/6-rou-vs-isl,https://www.iihf.com//en/events/2020/ogqp1k/gamecenter/playbyplay/15072/6-rou-vs-isl,,
13,KRISTINSSON Kristjan,ISL,False,F,0,1,1,0,0,0.0,0:00,0.0,0:00,0,0:00,0,0:00,0,0:00,https://www.iihf.com//en/events/2020/ogqp1k/gamecenter/statistics/15072/6-rou-vs-isl,https://www.iihf.com//en/events/2020/ogqp1k/gamecenter/playbyplay/15072/6-rou-vs-isl,,
3,BIRGISSON Egill,ISL,False,F,1,0,1,2,1,-1.0,0:00,0.0,0:00,0,0:00,0,0:00,1,0:00,https://www.iihf.com//en/events/2020/ogqp1k/gamecenter/statistics/15072/6-rou-vs-isl,https://www.iihf.com//en/events/2020/ogqp1k/gamecenter/playbyplay/15072/6-rou-vs-isl,,
6,ATLASON Solvi,ISL,False,F,0,1,1,0,1,0.0,0:00,0.0,0:00,0,0:00,0,0:00,1,0:00,https://www.iihf.com//en/events/2020/ogqp1k/gamecenter/statistics/15072/6-rou-vs-isl,https://www.iihf.com//en/events/2020/ogqp1k/gamecenter/playbyplay/15072/6-rou-vs-isl,,
1,HEDSTROM Dennis,ISL,False,GK,0,0,0,0,0,,,,,0,,0,,0,,https://www.iihf.com//en/events/2020/ogqp1k/gamecenter/statistics/15072/6-rou-vs-isl,https://www.iihf.com//en/events/2020/ogqp1k/gamecenter/playbyplay/15072/6-rou-vs-isl,,
20,RAGNARSSON Johann,ISL,False,GK,0,0,0,0,0,,,,,0,,0,,0,,https://www.iihf.com//en/events/2020/ogqp1k/gamecenter/statistics/15072/6-rou-vs-isl,https://www.iihf.com//en/events/2020/ogqp1k/gamecenter/playbyplay/15072/6-rou-vs-isl,,
