period,team,player_number,shot_type,x,y,shot_chart_url,team1,team2,game_url
1,POL,12,Shot,58.01549851258554,44.50542304514248,https://www.iihf.com//pdf/901/ihm901901_77a_3_0,BLR,POL,https://www.iihf.com//en/events/2022/ogqmd/gamecenter/playbyplay/27513/1-blr-vs-pol
1,POL,3,Shot,5.887939391841144,28.92731738443146,https://www.iihf.com//pdf/901/ihm901901_77a_3_0,BLR,POL,https://www.iihf.com//en/events/2022/ogqmd/gamecenter/playbyplay/27513/1-blr-vs-pol
1,POL,8,Shot,20.254325911298196,-17.011636855546556,https://www.iihf.com//pdf/901/ihm901901_77a_3_0,BLR,POL,https://www.iihf.com//en/events/2022/ogqmd/gamecenter/playbyplay/27513/1-blr-vs-pol
1,POL,21,Shot,68.03464251854709,22.824993905184982,https://www.iihf.com//pdf/901/ihm901901_77a_3_0,BLR,POL,https://www.iihf.com//en/events/2022/ogqmd/gamecenter/playbyplay/27513/1-blr-vs-pol
1,POL,5,Shot,39.10486377509832,4.255078631526338,https://www.iihf.com//pdf/901/ihm901901_77a_3_0,BLR,POL,https://www.iihf.com//en/events/2022/ogqmd/gamecenter/playbyplay/27513/1-blr-vs-pol
1,POL,18,Shot,72.94532453517465,-12.882173214352648,https://www.iihf.com//pdf/901/ihm901901_77a_3_0,BLR,POL,https://www.iihf.com//en/events/2022/ogqmd/gamecenter/playbyplay/27513/1-blr-vs-pol
1,POL,4,Shot,60.72637079018415,25.564834222772134,https://www.iihf.com//pdf/901/ihm901901_77a_3_0,BLR,POL,https://www.iihf.com//en/events/2022/ogqmd/gamecenter/playbyplay/27513/1-blr-vs-pol
1,BLR,94,Shot,-33.97267274355822,39.56727757928452,https://www.iihf.com//pdf/901/ihm901901_77a_3_0,BLR,POL,https://www.iihf.com//en/events/2022/ogqmd/gamecenter/playbyplay/27513/1-blr-vs-pol
1,BLR,80,Shot,-76.42292156303914,-11.295797983309555,https://www.iihf.com//pdf/901/ihm901901_77a_3_0,BLR,POL,https://www.iihf.com//en/events/2022/ogqmd/gamecenter/playbyplay/27513/1-blr-vs-pol
1,BLR,17,Shot,-51.08098197156212,30.128917852104806,https://www.iihf.com//pdf/901/ihm901901_77a_3_0,BLR,POL,https://www.iihf.com//en/events/2022/ogqmd/gamecenter/playbyplay/27513/1-blr-vs-pol
1,BLR,17,Shot,-54.409708863954506,-18.387641374470434,https://www.iihf.com//pdf/901/ihm901901_77a_3_0,BLR,POL,https://www.iihf.com//en/events/2022/ogqmd/gamecenter/playbyplay/27513/1-blr-vs-pol
1,BLR,14,Shot,-78.59740248518351,1.5399496935535169,https://www.iihf.com//pdf/901/ihm901901_77a_3_0,BLR,POL,https://www.iihf.com//en/events/2022/ogqmd/gamecenter/playbyplay/27513/1-blr-vs-pol
1,BLR,21,Shot,-63.51748799338138,-1.0366961820871907,https://www.iihf.com//pdf/901/ihm901901_77a_3_0,BLR,POL,https://www.iihf.com//en/events/2022/ogqmd/gamecenter/playbyplay/27513/1-blr-vs-pol
1,BLR,94,Shot,-62.283344379582374,39.765573769540694,https://www.iihf.com//pdf/901/ihm901901_77a_3_0,BLR,POL,https://www.iihf.com//en/events/2022/ogqmd/gamecenter/playbyplay/27513/1-blr-vs-pol
1,BLR,19,Shot,-73.69177029111755,-8.320938372920523,https://www.iihf.com//pdf/901/ihm901901_77a_3_0,BLR,POL,https://www.iihf.com//en/events/2022/ogqmd/gamecenter/playbyplay/27513/1-blr-vs-pol
1,BLR,80,Shot,-30.842420387967536,16.498775107533888,https://www.iihf.com//pdf/901/ihm901901_77a_3_0,BLR,POL,https://www.iihf.com//en/events/2022/ogqmd/gamecenter/playbyplay/27513/1-blr-vs-pol
1,BLR,97,Shot,-79.78713384892256,-2.438551024886223,https://www.iihf.com//pdf/901/ihm901901_77a_3_0,BLR,POL,https://www.iihf.com//en/events/2022/ogqmd/gamecenter/playbyplay/27513/1-blr-vs-pol
1,BLR,51,Shot,-74.12986944079239,-23.722382075337606,https://www.iihf.com//pdf/901/ihm901901_77a_3_0,BLR,POL,https://www.iihf.com//en/events/2022/ogqmd/gamecenter/playbyplay/27513/1-blr-vs-pol
1,BLR,14,Shot,-31.43942669360615,-2.2264790326179664,https://www.iihf.com//pdf/901/ihm901901_77a_3_0,BLR,POL,https://www.iihf.com//en/events/2022/ogqmd/gamecenter/playbyplay/27513/1-blr-vs-pol
1,BLR,17,Shot,-48.510275005651245,14.132990917478239,https://www.iihf.com//pdf/901/ihm901901_77a_3_0,BLR,POL,https://www.iihf.com//en/events/2022/ogqmd/gamecenter/playbyplay/27513/1-blr-vs-pol
1,BLR,71,Shot,-72.5439803510667,35.44838984908414,https://www.iihf.com//pdf/901/ihm901901_77a_3_0,BLR,POL,https://www.iihf.com//en/events/2022/ogqmd/gamecenter/playbyplay/27513/1-blr-vs-pol
2,BLR,15,Shot,64.70592701245135,-44.60962074527666,https://www.iihf.com//pdf/901/ihm901901_77a_3_0,BLR,POL,https://www.iihf.com//en/events/2022/ogqmd/gamecenter/playbyplay/27513/1-blr-vs-pol
2,BLR,17,Shot,65.65618178517366,27.55106452427779,https://www.iihf.com//pdf/901/ihm901901_77a_3_0,BLR,POL,https://www.iihf.com//en/events/2022/ogqmd/gamecenter/playbyplay/27513/1-blr-vs-pol
2,BLR,92,Shot,77.65426414786373,-10.700903703547269,https://www.iihf.com//pdf/901/ihm901901_77a_3_0,BLR,POL,https://www.iihf.com//en/events/2022/ogqmd/gamecenter/playbyplay/27513/1-blr-vs-pol
2,BLR,19,Shot,84.15094342403509,4.6670738772805365,https://www.iihf.com//pdf/901/ihm901901_77a_3_0,BLR,POL,https://www.iihf.com//en/events/2022/ogqmd/gamecenter/playbyplay/27513/1-blr-vs-pol
2,BLR,12,Shot,27.328962218822767,6.068934429073359,https://www.iihf.com//pdf/901/ihm901901_77a_3_0,BLR,POL,https://www.iihf.com//en/events/2022/ogqmd/gamecenter/playbyplay/27513/1-blr-vs-pol
2,BLR,41,Shot,32.04483608616803,31.483944673352156,https://www.iihf.com//pdf/901/ihm901901_77a_3_0,BLR,POL,https://www.iihf.com//en/events/2022/ogqmd/gamecenter/playbyplay/27513/1-blr-vs-pol
2,BLR,17,Shot,79.6357530350405,-0.04520952181258764,https://www.iihf.com//pdf/901/ihm901901_77a_3_0,BLR,POL,https://www.iihf.com//en/events/2022/ogqmd/gamecenter/playbyplay/27513/1-blr-vs-pol
2,BLR,17,Shot,66.84816763564822,22.824993905184982,https://www.iihf.com//pdf/901/ihm901901_77a_3_0,BLR,POL,https://www.iihf.com//en/events/2022/ogqmd/gamecenter/playbyplay/27513/1-blr-vs-pol
2,BLR,51,Shot,84.74419225178119,-6.3714311739605805,https://www.iihf.com//pdf/901/ihm901901_77a_3_0,BLR,POL,https://www.iihf.com//en/events/2022/ogqmd/gamecenter/playbyplay/27513/1-blr-vs-pol
2,BLR,16,Shot,80.22900186278656,6.8483376790921255,https://www.iihf.com//pdf/901/ihm901901_77a_3_0,BLR,POL,https://www.iihf.com//en/events/2022/ogqmd/gamecenter/playbyplay/27513/1-blr-vs-pol
2,BLR,2,Shot,32.613467740569774,38.58956957551891,https://www.iihf.com//pdf/901/ihm901901_77a_3_0,BLR,POL,https://www.iihf.com//en/events/2022/ogqmd/gamecenter/playbyplay/27513/1-blr-vs-pol
2,BLR,92,Shot,71.75887242486908,25.35601921146032,https://www.iihf.com//pdf/901/ihm901901_77a_3_0,BLR,POL,https://www.iihf.com//en/events/2022/ogqmd/gamecenter/playbyplay/27513/1-blr-vs-pol
2,POL,18,Shot,-59.91545012949456,28.927679905537033,https://www.iihf.com//pdf/901/ihm901901_77a_3_0,BLR,POL,https://www.iihf.com//en/events/2022/ogqmd/gamecenter/playbyplay/27513/1-blr-vs-pol
2,POL,21,Shot,-82.17154961544084,-6.7542420434670305,https://www.iihf.com//pdf/901/ihm901901_77a_3_0,BLR,POL,https://www.iihf.com//en/events/2022/ogqmd/gamecenter/playbyplay/27513/1-blr-vs-pol
2,POL,18,Shot,-70.92332320453852,-0.6538853125807549,https://www.iihf.com//pdf/901/ihm901901_77a_3_0,BLR,POL,https://www.iihf.com//en/events/2022/ogqmd/gamecenter/playbyplay/27513/1-blr-vs-pol
2,POL,18,Shot,-76.43224693999058,-1.4470700736054098,https://www.iihf.com//pdf/901/ihm901901_77a_3_0,BLR,POL,https://www.iihf.com//en/events/2022/ogqmd/gamecenter/playbyplay/27513/1-blr-vs-pol
2,POL,21,Shot,-74.9208526960583,4.2842630077740935,https://www.iihf.com//pdf/901/ihm901901_77a_3_0,BLR,POL,https://www.iihf.com//en/events/2022/ogqmd/gamecenter/playbyplay/27513/1-blr-vs-pol
2,POL,3,Shot,-31.578362285256333,-15.030747317730217,https://www.iihf.com//pdf/901/ihm901901_77a_3_0,BLR,POL,https://www.iihf.com//en/events/2022/ogqmd/gamecenter/playbyplay/27513/1-blr-vs-pol
2,POL,28,Shot,-72.1097980874374,-35.42188013642638,https://www.iihf.com//pdf/901/ihm901901_77a_3_0,BLR,POL,https://www.iihf.com//en/events/2022/ogqmd/gamecenter/playbyplay/27513/1-blr-vs-pol
3,POL,6,Shot,31.328330597250556,-3.2978345159962643,https://www.iihf.com//pdf/901/ihm901901_77a_3_0,BLR,POL,https://www.iihf.com//en/events/2022/ogqmd/gamecenter/playbyplay/27513/1-blr-vs-pol
3,POL,11,Shot,46.28255745354781,-32.436350416646306,https://www.iihf.com//pdf/901/ihm901901_77a_3_0,BLR,POL,https://www.iihf.com//en/events/2022/ogqmd/gamecenter/playbyplay/27513/1-blr-vs-pol
3,POL,14,Shot,51.358044727800745,20.37933518303184,https://www.iihf.com//pdf/901/ihm901901_77a_3_0,BLR,POL,https://www.iihf.com//en/events/2022/ogqmd/gamecenter/playbyplay/27513/1-blr-vs-pol
3,POL,5,Shot,67.21906486253013,3.529248579220585,https://www.iihf.com//pdf/901/ihm901901_77a_3_0,BLR,POL,https://www.iihf.com//en/events/2022/ogqmd/gamecenter/playbyplay/27513/1-blr-vs-pol
3,POL,5,Goal,21.19998062017632,-10.516760108893251,https://www.iihf.com//pdf/901/ihm901901_77a_3_0,BLR,POL,https://www.iihf.com//en/events/2022/ogqmd/gamecenter/playbyplay/27513/1-blr-vs-pol
3,BLR,89,Shot,-32.791264762665946,24.595886669975258,https://www.iihf.com//pdf/901/ihm901901_77a_3_0,BLR,POL,https://www.iihf.com//en/events/2022/ogqmd/gamecenter/playbyplay/27513/1-blr-vs-pol
3,BLR,16,Shot,-43.203736999898105,-33.7694118842917,https://www.iihf.com//pdf/901/ihm901901_77a_3_0,BLR,POL,https://www.iihf.com//en/events/2022/ogqmd/gamecenter/playbyplay/27513/1-blr-vs-pol
3,BLR,14,Shot,-65.21181447919628,-34.74711132456663,https://www.iihf.com//pdf/901/ihm901901_77a_3_0,BLR,POL,https://www.iihf.com//en/events/2022/ogqmd/gamecenter/playbyplay/27513/1-blr-vs-pol
3,BLR,80,Shot,-55.79140180281489,-47.156197350632354,https://www.iihf.com//pdf/901/ihm901901_77a_3_0,BLR,POL,https://www.iihf.com//en/events/2022/ogqmd/gamecenter/playbyplay/27513/1-blr-vs-pol
3,BLR,92,Shot,-48.502327370593726,-44.413140015045286,https://www.iihf.com//pdf/901/ihm901901_77a_3_0,BLR,POL,https://www.iihf.com//en/events/2022/ogqmd/gamecenter/playbyplay/27513/1-blr-vs-pol
3,BLR,41,Shot,-28.318659123119915,-43.60435257399617,https://www.iihf.com//pdf/901/ihm901901_77a_3_0,BLR,POL,https://www.iihf.com//en/events/2022/ogqmd/gamecenter/playbyplay/27513/1-blr-vs-pol
3,BLR,21,Shot,-62.528758924298984,-20.33756532997694,https://www.iihf.com//pdf/901/ihm901901_77a_3_0,BLR,POL,https://www.iihf.com//en/events/2022/ogqmd/gamecenter/playbyplay/27513/1-blr-vs-pol
3,BLR,94,Shot,-45.77048153457686,-30.39835952295556,https://www.iihf.com//pdf/901/ihm901901_77a_3_0,BLR,POL,https://www.iihf.com//en/events/2022/ogqmd/gamecenter/playbyplay/27513/1-blr-vs-pol
3,BLR,92,Shot,-38.285437550815686,-44.413140015045286,https://www.iihf.com//pdf/901/ihm901901_77a_3_0,BLR,POL,https://www.iihf.com//en/events/2022/ogqmd/gamecenter/playbyplay/27513/1-blr-vs-pol
3,BLR,17,Shot,-77.21643826930834,-0.8383942828372426,https://www.iihf.com//pdf/901/ihm901901_77a_3_0,BLR,POL,https://www.iihf.com//en/events/2022/ogqmd/gamecenter/playbyplay/27513/1-blr-vs-pol
3,BLR,17,Shot,-67.98914857030596,22.03431539243357,https://www.iihf.com//pdf/901/ihm901901_77a_3_0,BLR,POL,https://www.iihf.com//en/events/2022/ogqmd/gamecenter/playbyplay/27513/1-blr-vs-pol
3,BLR,91,Shot,-32.439268788213084,-2.802094040355861,https://www.iihf.com//pdf/901/ihm901901_77a_3_0,BLR,POL,https://www.iihf.com//en/events/2022/ogqmd/gamecenter/playbyplay/27513/1-blr-vs-pol
3,BLR,80,Shot,-29.062708063619226,-47.156197350632354,https://www.iihf.com//pdf/901/ihm901901_77a_3_0,BLR,POL,https://www.iihf.com//en/events/2022/ogqmd/gamecenter/playbyplay/27513/1-blr-vs-pol
3,BLR,17,Shot,-68.18602333242917,-23.312008183819387,https://www.iihf.com//pdf/901/ihm901901_77a_3_0,BLR,POL,https://www.iihf.com//en/events/2022/ogqmd/gamecenter/playbyplay/27513/1-blr-vs-pol
3,BLR,15,Shot,-75.67357230145203,2.51886514950543,https://www.iihf.com//pdf/901/ihm901901_77a_3_0,BLR,POL,https://www.iihf.com//en/events/2022/ogqmd/gamecenter/playbyplay/27513/1-blr-vs-pol
3,BLR,92,Shot,-77.40622506177066,-11.692390363821879,https://www.iihf.com//pdf/901/ihm901901_77a_3_0,BLR,POL,https://www.iihf.com//en/events/2022/ogqmd/gamecenter/playbyplay/27513/1-blr-vs-pol
3,BLR,15,Shot,-61.30400900523128,-24.118974455849937,https://www.iihf.com//pdf/901/ihm901901_77a_3_0,BLR,POL,https://www.iihf.com//en/events/2022/ogqmd/gamecenter/playbyplay/27513/1-blr-vs-pol
3,BLR,16,Shot,-74.87694144305068,14.516404085829386,https://www.iihf.com//pdf/901/ihm901901_77a_3_0,BLR,POL,https://www.iihf.com//en/events/2022/ogqmd/gamecenter/playbyplay/27513/1-blr-vs-pol
3,BLR,91,Shot,-70.76648266141564,-18.599724784726263,https://www.iihf.com//pdf/901/ihm901901_77a_3_0,BLR,POL,https://www.iihf.com//en/events/2022/ogqmd/gamecenter/playbyplay/27513/1-blr-vs-pol
3,BLR,71,Shot,-78.05183377463422,5.6723420485610205,https://www.iihf.com//pdf/901/ihm901901_77a_3_0,BLR,POL,https://www.iihf.com//en/events/2022/ogqmd/gamecenter/playbyplay/27513/1-blr-vs-pol
1,AUT,21,Shot,58.21291412379932,10.200110768403874,https://www.iihf.com//pdf/901/ihm901902_77a_3_0,AUT,SVK,https://www.iihf.com//en/events/2022/ogqmd/gamecenter/playbyplay/27514/2-aut-vs-svk
1,AUT,7,Shot,80.0066274893291,-46.79052488047955,https://www.iihf.com//pdf/901/ihm901902_77a_3_0,AUT,SVK,https://www.iihf.com//en/events/2022/ogqmd/gamecenter/playbyplay/27514/2-aut-vs-svk
1,AUT,10,Shot,69.22111740144598,-4.190173081142788,https://www.iihf.com//pdf/901/ihm901902_77a_3_0,AUT,SVK,https://www.iihf.com//en/events/2022/ogqmd/gamecenter/playbyplay/27514/2-aut-vs-svk
1,AUT,3,Shot,45.00556151232908,24.959064309842418,https://www.iihf.com//pdf/901/ihm901902_77a_3_0,AUT,SVK,https://www.iihf.com//en/events/2022/ogqmd/gamecenter/playbyplay/27514/2-aut-vs-svk
1,AUT,15,Shot,51.52282721283282,16.10218272702157,https://www.iihf.com//pdf/901/ihm901902_77a_3_0,AUT,SVK,https://www.iihf.com//en/events/2022/ogqmd/gamecenter/playbyplay/27514/2-aut-vs-svk
1,AUT,16,Shot,71.75887242486908,1.5261681825476288,https://www.iihf.com//pdf/901/ihm901902_77a_3_0,AUT,SVK,https://www.iihf.com//en/events/2022/ogqmd/gamecenter/playbyplay/27514/2-aut-vs-svk
1,AUT,7,Shot,39.501630667955425,37.98103365509857,https://www.iihf.com//pdf/901/ihm901902_77a_3_0,AUT,SVK,https://www.iihf.com//en/events/2022/ogqmd/gamecenter/playbyplay/27514/2-aut-vs-svk
1,AUT,19,Shot,63.51942935695919,-29.836526026223552,https://www.iihf.com//pdf/901/ihm901902_77a_3_0,AUT,SVK,https://www.iihf.com//en/events/2022/ogqmd/gamecenter/playbyplay/27514/2-aut-vs-svk
1,AUT,13,Shot,84.94192667930102,5.856497061202617,https://www.iihf.com//pdf/901/ihm901902_77a_3_0,AUT,SVK,https://www.iihf.com//en/events/2022/ogqmd/gamecenter/playbyplay/27514/2-aut-vs-svk
1,SVK,88,Shot,-67.59459631214614,-23.325789694825275,https://www.iihf.com//pdf/901/ihm901902_77a_3_0,AUT,SVK,https://www.iihf.com//en/events/2022/ogqmd/gamecenter/playbyplay/27514/2-aut-vs-svk
1,SVK,12,Shot,-75.46172455924194,-19.74091268012775,https://www.iihf.com//pdf/901/ihm901902_77a_3_0,AUT,SVK,https://www.iihf.com//en/events/2022/ogqmd/gamecenter/playbyplay/27514/2-aut-vs-svk
1,SVK,11,Shot,-69.61466197235279,-6.952543942716979,https://www.iihf.com//pdf/901/ihm901902_77a_3_0,AUT,SVK,https://www.iihf.com//en/events/2022/ogqmd/gamecenter/playbyplay/27514/2-aut-vs-svk
1,SVK,83,Shot,-27.681003738462195,-24.31921170399424,https://www.iihf.com//pdf/901/ihm901902_77a_3_0,AUT,SVK,https://www.iihf.com//en/events/2022/ogqmd/gamecenter/playbyplay/27514/2-aut-vs-svk
1,SVK,79,Goal,-59.73668527218364,-33.96770236555406,https://www.iihf.com//pdf/901/ihm901902_77a_3_0,AUT,SVK,https://www.iihf.com//en/events/2022/ogqmd/gamecenter/playbyplay/27514/2-aut-vs-svk
1,SVK,12,Shot,-81.52594090257729,-1.2349923723433562,https://www.iihf.com//pdf/901/ihm901902_77a_3_0,AUT,SVK,https://www.iihf.com//en/events/2022/ogqmd/gamecenter/playbyplay/27514/2-aut-vs-svk
1,SVK,14,Shot,-27.677747257622016,21.634100655362317,https://www.iihf.com//pdf/901/ihm901902_77a_3_0,AUT,SVK,https://www.iihf.com//en/events/2022/ogqmd/gamecenter/playbyplay/27514/2-aut-vs-svk
2,SVK,34,Shot,60.35549633589551,-39.487323121274,https://www.iihf.com//pdf/901/ihm901902_77a_3_0,AUT,SVK,https://www.iihf.com//en/events/2022/ogqmd/gamecenter/playbyplay/27514/2-aut-vs-svk
2,SVK,34,Shot,67.04590206316806,-1.4474297402140905,https://www.iihf.com//pdf/901/ihm901902_77a_3_0,AUT,SVK,https://www.iihf.com//en/events/2022/ogqmd/gamecenter/playbyplay/27514/2-aut-vs-svk
2,SVK,52,Shot,28.12286036602957,-24.318852037385554,https://www.iihf.com//pdf/901/ihm901902_77a_3_0,AUT,SVK,https://www.iihf.com//en/events/2022/ogqmd/gamecenter/playbyplay/27514/2-aut-vs-svk
2,SVK,11,Shot,43.25045497502845,34.26009704593223,https://www.iihf.com//pdf/901/ihm901902_77a_3_0,AUT,SVK,https://www.iihf.com//en/events/2022/ogqmd/gamecenter/playbyplay/27514/2-aut-vs-svk
2,SVK,14,Shot,30.495821518123932,-35.34199989533512,https://www.iihf.com//pdf/901/ihm901902_77a_3_0,AUT,SVK,https://www.iihf.com//en/events/2022/ogqmd/gamecenter/playbyplay/27514/2-aut-vs-svk
2,SVK,28,Goal,60.74085415951532,46.0780139106828,https://www.iihf.com//pdf/901/ihm901902_77a_3_0,AUT,SVK,https://www.iihf.com//en/events/2022/ogqmd/gamecenter/playbyplay/27514/2-aut-vs-svk
2,SVK,21,Shot,64.70592701245135,45.893496376935616,https://www.iihf.com//pdf/901/ihm901902_77a_3_0,AUT,SVK,https://www.iihf.com//en/events/2022/ogqmd/gamecenter/playbyplay/27514/2-aut-vs-svk
2,SVK,21,Shot,65.65618178517366,40.77083623182739,https://www.iihf.com//pdf/901/ihm901902_77a_3_0,AUT,SVK,https://www.iihf.com//en/events/2022/ogqmd/gamecenter/playbyplay/27514/2-aut-vs-svk
2,SVK,60,Shot,38.73524181344055,28.72706300930578,https://www.iihf.com//pdf/901/ihm901902_77a_3_0,AUT,SVK,https://www.iihf.com//en/events/2022/ogqmd/gamecenter/playbyplay/27514/2-aut-vs-svk
2,SVK,28,Shot,22.421183707839404,33.65142696415785,https://www.iihf.com//pdf/901/ihm901902_77a_3_0,AUT,SVK,https://www.iihf.com//en/events/2022/ogqmd/gamecenter/playbyplay/27514/2-aut-vs-svk
2,SVK,21,Shot,61.937462846427366,-2.027155223479838,https://www.iihf.com//pdf/901/ihm901902_77a_3_0,AUT,SVK,https://www.iihf.com//en/events/2022/ogqmd/gamecenter/playbyplay/27514/2-aut-vs-svk
2,SVK,11,Shot,59.959981935669276,-6.952543942716979,https://www.iihf.com//pdf/901/ihm901902_77a_3_0,AUT,SVK,https://www.iihf.com//en/events/2022/ogqmd/gamecenter/playbyplay/27514/2-aut-vs-svk
2,SVK,34,Shot,73.34083893540091,5.65819801644956,https://www.iihf.com//pdf/901/ihm901902_77a_3_0,AUT,SVK,https://www.iihf.com//en/events/2022/ogqmd/gamecenter/playbyplay/27514/2-aut-vs-svk
2,SVK,60,Shot,65.26620112511637,-18.20313240421393,https://www.iihf.com//pdf/901/ihm901902_77a_3_0,AUT,SVK,https://www.iihf.com//en/events/2022/ogqmd/gamecenter/playbyplay/27514/2-aut-vs-svk
2,AUT,10,Shot,-81.72911228674464,-23.524085885081433,https://www.iihf.com//pdf/901/ihm901902_77a_3_0,AUT,SVK,https://www.iihf.com//en/events/2022/ogqmd/gamecenter/playbyplay/27514/2-aut-vs-svk
2,AUT,24,Shot,-63.07432763484829,-1.2349923723433562,https://www.iihf.com//pdf/901/ihm901902_77a_3_0,AUT,SVK,https://www.iihf.com//en/events/2022/ogqmd/gamecenter/playbyplay/27514/2-aut-vs-svk
3,AUT,7,Shot,61.121862417817084,1.3294077116206253,https://www.iihf.com//pdf/901/ihm901902_77a_3_0,AUT,SVK,https://www.iihf.com//en/events/2022/ogqmd/gamecenter/playbyplay/27514/2-aut-vs-svk
3,AUT,27,Shot,57.62000688495257,36.60660767295728,https://www.iihf.com//pdf/901/ihm901902_77a_3_0,AUT,SVK,https://www.iihf.com//en/events/2022/ogqmd/gamecenter/playbyplay/27514/2-aut-vs-svk
3,AUT,25,Shot,53.30255092347778,-33.37281950377937,https://www.iihf.com//pdf/901/ihm901902_77a_3_0,AUT,SVK,https://www.iihf.com//en/events/2022/ogqmd/gamecenter/playbyplay/27514/2-aut-vs-svk
3,AUT,17,Shot,48.39184613425692,19.65224915209258,https://www.iihf.com//pdf/901/ihm901902_77a_3_0,AUT,SVK,https://www.iihf.com//en/events/2022/ogqmd/gamecenter/playbyplay/27514/2-aut-vs-svk
3,AUT,6,Shot,30.471204344779608,4.269225518134704,https://www.iihf.com//pdf/901/ihm901902_77a_3_0,AUT,SVK,https://www.iihf.com//en/events/2022/ogqmd/gamecenter/playbyplay/27514/2-aut-vs-svk
3,AUT,6,Shot,33.99457997830132,27.140687778262688,https://www.iihf.com//pdf/901/ihm901902_77a_3_0,AUT,SVK,https://www.iihf.com//en/events/2022/ogqmd/gamecenter/playbyplay/27514/2-aut-vs-svk
3,AUT,7,Shot,68.01004811779603,-13.84024513398208,https://www.iihf.com//pdf/901/ihm901902_77a_3_0,AUT,SVK,https://www.iihf.com//en/events/2022/ogqmd/gamecenter/playbyplay/27514/2-aut-vs-svk
3,AUT,19,Shot,66.84816763564822,31.073573636330835,https://www.iihf.com//pdf/901/ihm901902_77a_3_0,AUT,SVK,https://www.iihf.com//en/events/2022/ogqmd/gamecenter/playbyplay/27514/2-aut-vs-svk
3,AUT,7,Goal,79.79878203038939,2.1095759668070713,https://www.iihf.com//pdf/901/ihm901902_77a_3_0,AUT,SVK,https://www.iihf.com//en/events/2022/ogqmd/gamecenter/playbyplay/27514/2-aut-vs-svk
3,AUT,16,Shot,83.16222574124936,20.62995144686441,https://www.iihf.com//pdf/901/ihm901902_77a_3_0,AUT,SVK,https://www.iihf.com//en/events/2022/ogqmd/gamecenter/playbyplay/27514/2-aut-vs-svk
3,SVK,14,Shot,-29.85296259589994,26.361281673747015,https://www.iihf.com//pdf/901/ihm901902_77a_3_0,AUT,SVK,https://www.iihf.com//en/events/2022/ogqmd/gamecenter/playbyplay/27514/2-aut-vs-svk
3,SVK,7,Shot,-28.249635392863937,-36.5121495162266,https://www.iihf.com//pdf/901/ihm901902_77a_3_0,AUT,SVK,https://www.iihf.com//en/events/2022/ogqmd/gamecenter/playbyplay/27514/2-aut-vs-svk
3,SVK,67,Shot,-76.02995769326114,21.62143239814523,https://www.iihf.com//pdf/901/ihm901902_77a_3_0,AUT,SVK,https://www.iihf.com//en/events/2022/ogqmd/gamecenter/playbyplay/27514/2-aut-vs-svk
3,SVK,71,Shot,-45.225966056467136,-46.38051636456382,https://www.iihf.com//pdf/901/ihm901902_77a_3_0,AUT,SVK,https://www.iihf.com//en/events/2022/ogqmd/gamecenter/playbyplay/27514/2-aut-vs-svk
3,SVK,34,Shot,-80.57486631649662,-16.418814940529572,https://www.iihf.com//pdf/901/ihm901902_77a_3_0,AUT,SVK,https://www.iihf.com//en/events/2022/ogqmd/gamecenter/playbyplay/27514/2-aut-vs-svk
3,SVK,79,Shot,-83.51316279011431,8.798255925604849,https://www.iihf.com//pdf/901/ihm901902_77a_3_0,AUT,SVK,https://www.iihf.com//en/events/2022/ogqmd/gamecenter/playbyplay/27514/2-aut-vs-svk
3,SVK,52,Shot,-28.26630493115077,36.196230926942164,https://www.iihf.com//pdf/901/ihm901902_77a_3_0,AUT,SVK,https://www.iihf.com//en/events/2022/ogqmd/gamecenter/playbyplay/27514/2-aut-vs-svk
3,SVK,52,Shot,-28.06854773103764,20.233359066352094,https://www.iihf.com//pdf/901/ihm901902_77a_3_0,AUT,SVK,https://www.iihf.com//en/events/2022/ogqmd/gamecenter/playbyplay/27514/2-aut-vs-svk
3,SVK,13,Shot,-80.18262547655553,3.8735294496471937,https://www.iihf.com//pdf/901/ihm901902_77a_3_0,AUT,SVK,https://www.iihf.com//en/events/2022/ogqmd/gamecenter/playbyplay/27514/2-aut-vs-svk
3,SVK,13,Shot,-81.17136023878625,-3.5977793406599545,https://www.iihf.com//pdf/901/ihm901902_77a_3_0,AUT,SVK,https://www.iihf.com//en/events/2022/ogqmd/gamecenter/playbyplay/27514/2-aut-vs-svk
3,SVK,52,Shot,-27.673056103404676,-0.6538853125807549,https://www.iihf.com//pdf/901/ihm901902_77a_3_0,AUT,SVK,https://www.iihf.com//en/events/2022/ogqmd/gamecenter/playbyplay/27514/2-aut-vs-svk
1,AUT,22,Shot,29.507081062744902,-14.223421379090993,https://www.iihf.com//pdf/901/ihm901903_77a_3_0,BLR,AUT,https://www.iihf.com//en/events/2022/ogqmd/gamecenter/playbyplay/27515/3-blr-vs-aut
1,AUT,21,Shot,82.96449131372952,-9.695641241260574,https://www.iihf.com//pdf/901/ihm901903_77a_3_0,BLR,AUT,https://www.iihf.com//en/events/2022/ogqmd/gamecenter/playbyplay/27515/3-blr-vs-aut
1,AUT,10,Shot,68.43352726257996,-16.021862893408567,https://www.iihf.com//pdf/901/ihm901903_77a_3_0,BLR,AUT,https://www.iihf.com//en/events/2022/ogqmd/gamecenter/playbyplay/27515/3-blr-vs-aut
1,AUT,23,Shot,54.25831666377579,-35.35614678194348,https://www.iihf.com//pdf/901/ihm901903_77a_3_0,BLR,AUT,https://www.iihf.com//en/events/2022/ogqmd/gamecenter/playbyplay/27515/3-blr-vs-aut
1,AUT,10,Goal,81.96563982693061,8.798255925604849,https://www.iihf.com//pdf/901/ihm901903_77a_3_0,BLR,AUT,https://www.iihf.com//en/events/2022/ogqmd/gamecenter/playbyplay/27515/3-blr-vs-aut
1,AUT,7,Shot,38.315133012463264,-44.410959179418,https://www.iihf.com//pdf/901/ihm901903_77a_3_0,BLR,AUT,https://www.iihf.com//en/events/2022/ogqmd/gamecenter/playbyplay/27515/3-blr-vs-aut
1,AUT,17,Shot,63.914943757185426,-21.924677021218784,https://www.iihf.com//pdf/901/ihm901903_77a_3_0,BLR,AUT,https://www.iihf.com//en/events/2022/ogqmd/gamecenter/playbyplay/27515/3-blr-vs-aut
1,AUT,7,Goal,77.03031786436537,-5.3926413158720194,https://www.iihf.com//pdf/901/ihm901903_77a_3_0,BLR,AUT,https://www.iihf.com//en/events/2022/ogqmd/gamecenter/playbyplay/27515/3-blr-vs-aut
1,BLR,92,Shot,-67.98032419040686,23.406100964947584,https://www.iihf.com//pdf/901/ihm901903_77a_3_0,BLR,AUT,https://www.iihf.com//en/events/2022/ogqmd/gamecenter/playbyplay/27515/3-blr-vs-aut
1,BLR,10,Shot,-29.458199691252176,8.996552115861007,https://www.iihf.com//pdf/901/ihm901903_77a_3_0,BLR,AUT,https://www.iihf.com//en/events/2022/ogqmd/gamecenter/playbyplay/27515/3-blr-vs-aut
1,BLR,21,Shot,-74.72311257539015,-1.0366961820871907,https://www.iihf.com//pdf/901/ihm901903_77a_3_0,BLR,AUT,https://www.iihf.com//en/events/2022/ogqmd/gamecenter/playbyplay/27515/3-blr-vs-aut
1,BLR,14,Shot,-49.69349340770993,-12.86839170334676,https://www.iihf.com//pdf/901/ihm901903_77a_3_0,BLR,AUT,https://www.iihf.com//en/events/2022/ogqmd/gamecenter/playbyplay/27515/3-blr-vs-aut
1,BLR,97,Shot,-67.79053170479621,-8.156102595259846,https://www.iihf.com//pdf/901/ihm901903_77a_3_0,BLR,AUT,https://www.iihf.com//en/events/2022/ogqmd/gamecenter/playbyplay/27515/3-blr-vs-aut
1,BLR,16,Shot,-55.398073571544295,-22.135224712145458,https://www.iihf.com//pdf/901/ihm901903_77a_3_0,BLR,AUT,https://www.iihf.com//en/events/2022/ogqmd/gamecenter/playbyplay/27515/3-blr-vs-aut
1,BLR,16,Shot,-67.59242722263545,-18.79802097498242,https://www.iihf.com//pdf/901/ihm901903_77a_3_0,BLR,AUT,https://www.iihf.com//en/events/2022/ogqmd/gamecenter/playbyplay/27515/3-blr-vs-aut
1,BLR,14,Shot,-63.66756507629773,-1.2349923723433562,https://www.iihf.com//pdf/901/ihm901903_77a_3_0,BLR,AUT,https://www.iihf.com//en/events/2022/ogqmd/gamecenter/playbyplay/27515/3-blr-vs-aut
1,BLR,16,Shot,-80.97325006347717,-2.6379205059746624,https://www.iihf.com//pdf/901/ihm901903_77a_3_0,BLR,AUT,https://www.iihf.com//en/events/2022/ogqmd/gamecenter/playbyplay/27515/3-blr-vs-aut
1,BLR,23,Shot,-68.58151496006214,-3.000755606214497,https://www.iihf.com//pdf/901/ihm901903_77a_3_0,BLR,AUT,https://www.iihf.com//en/events/2022/ogqmd/gamecenter/playbyplay/27515/3-blr-vs-aut
2,BLR,23,Goal,67.43367378167639,6.649402081531626,https://www.iihf.com//pdf/901/ihm901903_77a_3_0,BLR,AUT,https://www.iihf.com//en/events/2022/ogqmd/gamecenter/playbyplay/27515/3-blr-vs-aut
2,BLR,17,Goal,83.5422092328532,2.5195901917166026,https://www.iihf.com//pdf/901/ihm901903_77a_3_0,BLR,AUT,https://www.iihf.com//en/events/2022/ogqmd/gamecenter/playbyplay/27515/3-blr-vs-aut
2,BLR,2,Shot,28.884273408910985,-44.19925256275222,https://www.iihf.com//pdf/901/ihm901903_77a_3_0,BLR,AUT,https://www.iihf.com//en/events/2022/ogqmd/gamecenter/playbyplay/27515/3-blr-vs-aut
2,BLR,12,Shot,78.64703535225473,-0.04520952181258764,https://www.iihf.com//pdf/901/ihm901903_77a_3_0,BLR,AUT,https://www.iihf.com//en/events/2022/ogqmd/gamecenter/playbyplay/27515/3-blr-vs-aut
2,BLR,17,Goal,51.908207809045905,-16.021132142203612,https://www.iihf.com//pdf/901/ihm901903_77a_3_0,BLR,AUT,https://www.iihf.com//en/events/2022/ogqmd/gamecenter/playbyplay/27515/3-blr-vs-aut
2,BLR,23,Shot,66.45267600801526,-6.371796549563065,https://www.iihf.com//pdf/901/ihm901903_77a_3_0,BLR,AUT,https://www.iihf.com//en/events/2022/ogqmd/gamecenter/playbyplay/27515/3-blr-vs-aut
2,BLR,16,Shot,84.34870062414825,6.052777976651377,https://www.iihf.com//pdf/901/ihm901903_77a_3_0,BLR,AUT,https://www.iihf.com//en/events/2022/ogqmd/gamecenter/playbyplay/27515/3-blr-vs-aut
2,BLR,92,Goal,56.81891259826676,15.903886536765398,https://www.iihf.com//pdf/901/ihm901903_77a_3_0,BLR,AUT,https://www.iihf.com//en/events/2022/ogqmd/gamecenter/playbyplay/27515/3-blr-vs-aut
2,BLR,89,Shot,31.08904757327676,1.1307861087185032,https://www.iihf.com//pdf/901/ihm901903_77a_3_0,BLR,AUT,https://www.iihf.com//en/events/2022/ogqmd/gamecenter/playbyplay/27515/3-blr-vs-aut
2,BLR,16,Goal,80.61435968640637,-3.1973448073278377,https://www.iihf.com//pdf/901/ihm901903_77a_3_0,BLR,AUT,https://www.iihf.com//en/events/2022/ogqmd/gamecenter/playbyplay/27515/3-blr-vs-aut
2,AUT,18,Shot,-73.88951610493403,-15.228078688036092,https://www.iihf.com//pdf/901/ihm901903_77a_3_0,BLR,AUT,https://www.iihf.com//en/events/2022/ogqmd/gamecenter/playbyplay/27515/3-blr-vs-aut
2,AUT,5,Shot,-47.140549064563714,33.44014281303242,https://www.iihf.com//pdf/901/ihm901903_77a_3_0,BLR,AUT,https://www.iihf.com//en/events/2022/ogqmd/gamecenter/playbyplay/27515/3-blr-vs-aut
2,AUT,27,Shot,-41.06183796560055,8.81203743661073,https://www.iihf.com//pdf/901/ihm901903_77a_3_0,BLR,AUT,https://www.iihf.com//en/events/2022/ogqmd/gamecenter/playbyplay/27515/3-blr-vs-aut
2,AUT,8,Shot,-31.58017270642273,-33.96770236555406,https://www.iihf.com//pdf/901/ihm901903_77a_3_0,BLR,AUT,https://www.iihf.com//en/events/2022/ogqmd/gamecenter/playbyplay/27515/3-blr-vs-aut
3,AUT,24,Shot,29.704838262858033,33.26861609465141,https://www.iihf.com//pdf/901/ihm901903_77a_3_0,BLR,AUT,https://www.iihf.com//en/events/2022/ogqmd/gamecenter/playbyplay/27515/3-blr-vs-aut
3,AUT,23,Shot,68.03464251854709,-24.31921170399424,https://www.iihf.com//pdf/901/ihm901903_77a_3_0,BLR,AUT,https://www.iihf.com//en/events/2022/ogqmd/gamecenter/playbyplay/27515/3-blr-vs-aut
3,AUT,10,Shot,65.26620112511637,-3.59741396505747,https://www.iihf.com//pdf/901/ihm901903_77a_3_0,BLR,AUT,https://www.iihf.com//en/events/2022/ogqmd/gamecenter/playbyplay/27515/3-blr-vs-aut
3,AUT,25,Shot,32.63806214132083,-21.541123982519807,https://www.iihf.com//pdf/901/ihm901903_77a_3_0,BLR,AUT,https://www.iihf.com//en/events/2022/ogqmd/gamecenter/playbyplay/27515/3-blr-vs-aut
3,AUT,21,Shot,47.600862878990995,-0.04520952181258764,https://www.iihf.com//pdf/901/ihm901903_77a_3_0,BLR,AUT,https://www.iihf.com//en/events/2022/ogqmd/gamecenter/playbyplay/27515/3-blr-vs-aut
3,AUT,15,Shot,36.19750956261072,40.7570547208215,https://www.iihf.com//pdf/901/ihm901903_77a_3_0,BLR,AUT,https://www.iihf.com//en/events/2022/ogqmd/gamecenter/playbyplay/27515/3-blr-vs-aut
3,BLR,91,Shot,-77.85408796081774,-6.569733073210529,https://www.iihf.com//pdf/901/ihm901903_77a_3_0,BLR,AUT,https://www.iihf.com//en/events/2022/ogqmd/gamecenter/playbyplay/27515/3-blr-vs-aut
3,BLR,92,Shot,-81.72368671639376,-4.388463562405164,https://www.iihf.com//pdf/901/ihm901903_77a_3_0,BLR,AUT,https://www.iihf.com//en/events/2022/ogqmd/gamecenter/playbyplay/27515/3-blr-vs-aut
3,BLR,12,Shot,-69.36454488712221,-14.025119479841045,https://www.iihf.com//pdf/901/ihm901903_77a_3_0,BLR,AUT,https://www.iihf.com//en/events/2022/ogqmd/gamecenter/playbyplay/27515/3-blr-vs-aut
3,BLR,71,Shot,-73.14113467856167,40.175944806562,https://www.iihf.com//pdf/901/ihm901903_77a_3_0,BLR,AUT,https://www.iihf.com//en/events/2022/ogqmd/gamecenter/playbyplay/27515/3-blr-vs-aut
3,BLR,91,Shot,-84.34675356742211,3.2789948364936023,https://www.iihf.com//pdf/901/ihm901903_77a_3_0,BLR,AUT,https://www.iihf.com//en/events/2022/ogqmd/gamecenter/playbyplay/27515/3-blr-vs-aut
3,BLR,80,Shot,-32.58918076982809,-45.006213125788975,https://www.iihf.com//pdf/901/ihm901903_77a_3_0,BLR,AUT,https://www.iihf.com//en/events/2022/ogqmd/gamecenter/playbyplay/27515/3-blr-vs-aut
3,BLR,15,Shot,-80.1887740767433,-0.05899103281847573,https://www.iihf.com//pdf/901/ihm901903_77a_3_0,BLR,AUT,https://www.iihf.com//en/events/2022/ogqmd/gamecenter/playbyplay/27515/3-blr-vs-aut
3,BLR,12,Shot,-75.06622723846067,-3.383206809112245,https://www.iihf.com//pdf/901/ihm901903_77a_3_0,BLR,AUT,https://www.iihf.com//en/events/2022/ogqmd/gamecenter/playbyplay/27515/3-blr-vs-aut
1,POL,11,Shot,67.63915089091412,-1.0366961820871907,https://www.iihf.com//pdf/901/ihm901904_77a_4_0,SVK,POL,https://www.iihf.com//en/events/2022/ogqmd/gamecenter/playbyplay/27516/4-svk-vs-pol
1,POL,15,Shot,69.81436622919205,33.25483458364552,https://www.iihf.com//pdf/901/ihm901904_77a_4_0,SVK,POL,https://www.iihf.com//en/events/2022/ogqmd/gamecenter/playbyplay/27516/4-svk-vs-pol
1,POL,18,Shot,33.62680259669986,3.0826511221131696,https://www.iihf.com//pdf/901/ihm901904_77a_4_0,SVK,POL,https://www.iihf.com//en/events/2022/ogqmd/gamecenter/playbyplay/27516/4-svk-vs-pol
1,POL,18,Shot,85.73290993456695,-11.295797983309555,https://www.iihf.com//pdf/901/ihm901904_77a_4_0,SVK,POL,https://www.iihf.com//en/events/2022/ogqmd/gamecenter/playbyplay/27516/4-svk-vs-pol
1,POL,18,Shot,35.994241394921914,-28.051854604924287,https://www.iihf.com//pdf/901/ihm901904_77a_4_0,SVK,POL,https://www.iihf.com//en/events/2022/ogqmd/gamecenter/playbyplay/27516/4-svk-vs-pol
1,POL,18,Shot,58.80648176785144,-39.09036536515919,https://www.iihf.com//pdf/901/ihm901904_77a_4_0,SVK,POL,https://www.iihf.com//en/events/2022/ogqmd/gamecenter/playbyplay/27516/4-svk-vs-pol
1,POL,15,Shot,52.31381046809875,5.460264347298974,https://www.iihf.com//pdf/901/ihm901904_77a_4_0,SVK,POL,https://www.iihf.com//en/events/2022/ogqmd/gamecenter/playbyplay/27516/4-svk-vs-pol
1,SVK,13,Shot,-66.2116508806549,16.896583503723193,https://www.iihf.com//pdf/901/ihm901904_77a_4_0,SVK,POL,https://www.iihf.com//en/events/2022/ogqmd/gamecenter/playbyplay/27516/4-svk-vs-pol
1,SVK,22,Shot,-45.173589091904695,-18.784239463976547,https://www.iihf.com//pdf/901/ihm901904_77a_4_0,SVK,POL,https://www.iihf.com//en/events/2022/ogqmd/gamecenter/playbyplay/27516/4-svk-vs-pol
1,SVK,79,Shot,-61.29968221250655,44.29334534388043,https://www.iihf.com//pdf/901/ihm901904_77a_4_0,SVK,POL,https://www.iihf.com//en/events/2022/ogqmd/gamecenter/playbyplay/27516/4-svk-vs-pol
1,SVK,14,Shot,-30.84169166498232,11.191597428678477,https://www.iihf.com//pdf/901/ihm901904_77a_4_0,SVK,POL,https://www.iihf.com//en/events/2022/ogqmd/gamecenter/playbyplay/27516/4-svk-vs-pol
1,SVK,21,Shot,-71.16367654039688,-23.70822947973545,https://www.iihf.com//pdf/901/ihm901904_77a_4_0,SVK,POL,https://www.iihf.com//en/events/2022/ogqmd/gamecenter/playbyplay/27516/4-svk-vs-pol
1,SVK,79,Shot,-86.87502380574077,3.8738891162558886,https://www.iihf.com//pdf/901/ihm901904_77a_4_0,SVK,POL,https://www.iihf.com//en/events/2022/ogqmd/gamecenter/playbyplay/27516/4-svk-vs-pol
1,SVK,14,Shot,-30.248454223532875,40.57198056017994,https://www.iihf.com//pdf/901/ihm901904_77a_4_0,SVK,POL,https://www.iihf.com//en/events/2022/ogqmd/gamecenter/playbyplay/27516/4-svk-vs-pol
1,SVK,34,Shot,-71.11600211634841,30.676615880216033,https://www.iihf.com//pdf/901/ihm901904_77a_4_0,SVK,POL,https://www.iihf.com//en/events/2022/ogqmd/gamecenter/playbyplay/27516/4-svk-vs-pol
1,SVK,21,Shot,-79.83155179213084,-3.184904909862297,https://www.iihf.com//pdf/901/ihm901904_77a_4_0,SVK,POL,https://www.iihf.com//en/events/2022/ogqmd/gamecenter/playbyplay/27516/4-svk-vs-pol
1,SVK,88,Shot,-57.76856389726694,25.752614446469536,https://www.iihf.com//pdf/901/ihm901904_77a_4_0,SVK,POL,https://www.iihf.com//en/events/2022/ogqmd/gamecenter/playbyplay/27516/4-svk-vs-pol
1,SVK,28,Shot,-67.59459631214614,-35.55407759659715,https://www.iihf.com//pdf/901/ihm901904_77a_4_0,SVK,POL,https://www.iihf.com//en/events/2022/ogqmd/gamecenter/playbyplay/27516/4-svk-vs-pol
1,SVK,21,Goal,-83.57475696181007,0.14268488176058725,https://www.iihf.com//pdf/901/ihm901904_77a_4_0,SVK,POL,https://www.iihf.com//en/events/2022/ogqmd/gamecenter/playbyplay/27516/4-svk-vs-pol
1,SVK,12,Shot,-77.9994625032201,0.9462771384620154,https://www.iihf.com//pdf/901/ihm901904_77a_4_0,SVK,POL,https://www.iihf.com//en/events/2022/ogqmd/gamecenter/playbyplay/27516/4-svk-vs-pol
1,SVK,60,Shot,-68.18349557457421,-13.675357975377295,https://www.iihf.com//pdf/901/ihm901904_77a_4_0,SVK,POL,https://www.iihf.com//en/events/2022/ogqmd/gamecenter/playbyplay/27516/4-svk-vs-pol
1,SVK,83,Shot,-65.41758193899847,42.111719020963264,https://www.iihf.com//pdf/901/ihm901904_77a_4_0,SVK,POL,https://www.iihf.com//en/events/2022/ogqmd/gamecenter/playbyplay/27516/4-svk-vs-pol
1,SVK,56,Shot,-80.18226680821124,5.460264347298974,https://www.iihf.com//pdf/901/ihm901904_77a_4_0,SVK,POL,https://www.iihf.com//en/events/2022/ogqmd/gamecenter/playbyplay/27516/4-svk-vs-pol
1,SVK,13,Shot,-69.76664625995701,-18.005195880566447,https://www.iihf.com//pdf/901/ihm901904_77a_4_0,SVK,POL,https://www.iihf.com//en/events/2022/ogqmd/gamecenter/playbyplay/27516/4-svk-vs-pol
1,SVK,79,Shot,-74.28500773256698,-4.388463562405164,https://www.iihf.com//pdf/901/ihm901904_77a_4_0,SVK,POL,https://www.iihf.com//en/events/2022/ogqmd/gamecenter/playbyplay/27516/4-svk-vs-pol
1,SVK,27,Shot,-31.99489578908741,-0.8383942828372426,https://www.iihf.com//pdf/901/ihm901904_77a_4_0,SVK,POL,https://www.iihf.com//en/events/2022/ogqmd/gamecenter/playbyplay/27516/4-svk-vs-pol
1,SVK,88,Shot,-52.269267275627385,2.1222727689931062,https://www.iihf.com//pdf/901/ihm901904_77a_4_0,SVK,POL,https://www.iihf.com//en/events/2022/ogqmd/gamecenter/playbyplay/27516/4-svk-vs-pol
1,SVK,60,Shot,-63.075050664685186,28.330696134048097,https://www.iihf.com//pdf/901/ihm901904_77a_4_0,SVK,POL,https://www.iihf.com//en/events/2022/ogqmd/gamecenter/playbyplay/27516/4-svk-vs-pol
1,SVK,22,Shot,-74.27524398319476,5.870638238817193,https://www.iihf.com//pdf/901/ihm901904_77a_4_0,SVK,POL,https://www.iihf.com//en/events/2022/ogqmd/gamecenter/playbyplay/27516/4-svk-vs-pol
2,SVK,34,Shot,64.11265541211199,-32.976586789875725,https://www.iihf.com//pdf/901/ihm901904_77a_4_0,SVK,POL,https://www.iihf.com//en/events/2022/ogqmd/gamecenter/playbyplay/27516/4-svk-vs-pol
2,SVK,7,Shot,34.7886603062544,-40.08148664983132,https://www.iihf.com//pdf/901/ihm901904_77a_4_0,SVK,POL,https://www.iihf.com//en/events/2022/ogqmd/gamecenter/playbyplay/27516/4-svk-vs-pol
2,SVK,83,Shot,39.327055967809514,-36.71117645768771,https://www.iihf.com//pdf/901/ihm901904_77a_4_0,SVK,POL,https://www.iihf.com//en/events/2022/ogqmd/gamecenter/playbyplay/27516/4-svk-vs-pol
2,SVK,79,Goal,64.49805878091834,3.4772967357435576,https://www.iihf.com//pdf/901/ihm901904_77a_4_0,SVK,POL,https://www.iihf.com//en/events/2022/ogqmd/gamecenter/playbyplay/27516/4-svk-vs-pol
2,SVK,40,Goal,79.82337643114045,-0.2573842759690521,https://www.iihf.com//pdf/901/ihm901904_77a_4_0,SVK,POL,https://www.iihf.com//en/events/2022/ogqmd/gamecenter/playbyplay/27516/4-svk-vs-pol
2,SVK,27,Shot,79.24026140740753,7.655306805619553,https://www.iihf.com//pdf/901/ihm901904_77a_4_0,SVK,POL,https://www.iihf.com//en/events/2022/ogqmd/gamecenter/playbyplay/27516/4-svk-vs-pol
2,SVK,88,Shot,77.46053769676257,1.9262430492710507,https://www.iihf.com//pdf/901/ihm901904_77a_4_0,SVK,POL,https://www.iihf.com//en/events/2022/ogqmd/gamecenter/playbyplay/27516/4-svk-vs-pol
2,SVK,56,Shot,79.83348746256033,-6.96632545372286,https://www.iihf.com//pdf/901/ihm901904_77a_4_0,SVK,POL,https://www.iihf.com//en/events/2022/ogqmd/gamecenter/playbyplay/27516/4-svk-vs-pol
2,SVK,34,Shot,60.948722391048335,-2.802453706964542,https://www.iihf.com//pdf/901/ihm901904_77a_4_0,SVK,POL,https://www.iihf.com//en/events/2022/ogqmd/gamecenter/playbyplay/27516/4-svk-vs-pol
2,SVK,83,Shot,47.99234653020528,18.87796686950226,https://www.iihf.com//pdf/901/ihm901904_77a_4_0,SVK,POL,https://www.iihf.com//en/events/2022/ogqmd/gamecenter/playbyplay/27516/4-svk-vs-pol
2,SVK,83,Shot,51.72058441294595,26.146709142199313,https://www.iihf.com//pdf/901/ihm901904_77a_4_0,SVK,POL,https://www.iihf.com//en/events/2022/ogqmd/gamecenter/playbyplay/27516/4-svk-vs-pol
2,SVK,34,Goal,67.43367378167639,-21.938081738634608,https://www.iihf.com//pdf/901/ihm901904_77a_4_0,SVK,POL,https://www.iihf.com//en/events/2022/ogqmd/gamecenter/playbyplay/27516/4-svk-vs-pol
2,SVK,16,Shot,77.46053769676257,-26.068892702362646,https://www.iihf.com//pdf/901/ihm901904_77a_4_0,SVK,POL,https://www.iihf.com//en/events/2022/ogqmd/gamecenter/playbyplay/27516/4-svk-vs-pol
2,SVK,88,Shot,42.29468923473047,-32.18304236224239,https://www.iihf.com//pdf/901/ihm901904_77a_4_0,SVK,POL,https://www.iihf.com//en/events/2022/ogqmd/gamecenter/playbyplay/27516/4-svk-vs-pol
2,SVK,56,Shot,82.37121971339016,-4.586765461655112,https://www.iihf.com//pdf/901/ihm901904_77a_4_0,SVK,POL,https://www.iihf.com//en/events/2022/ogqmd/gamecenter/playbyplay/27516/4-svk-vs-pol
2,SVK,88,Shot,57.817764085065676,-16.616762882164636,https://www.iihf.com//pdf/901/ihm901904_77a_4_0,SVK,POL,https://www.iihf.com//en/events/2022/ogqmd/gamecenter/playbyplay/27516/4-svk-vs-pol
2,SVK,16,Shot,63.914943757185426,13.160780674731129,https://www.iihf.com//pdf/901/ihm901904_77a_4_0,SVK,POL,https://www.iihf.com//en/events/2022/ogqmd/gamecenter/playbyplay/27516/4-svk-vs-pol
2,POL,15,Shot,-56.99090260907451,-38.89206917490303,https://www.iihf.com//pdf/901/ihm901904_77a_4_0,SVK,POL,https://www.iihf.com//en/events/2022/ogqmd/gamecenter/playbyplay/27516/4-svk-vs-pol
2,POL,18,Shot,-46.770312242887165,25.15772302120415,https://www.iihf.com//pdf/901/ihm901904_77a_4_0,SVK,POL,https://www.iihf.com//en/events/2022/ogqmd/gamecenter/playbyplay/27516/4-svk-vs-pol
2,POL,14,Shot,-61.49236112431645,-27.83978832164982,https://www.iihf.com//pdf/901/ihm901904_77a_4_0,SVK,POL,https://www.iihf.com//en/events/2022/ogqmd/gamecenter/playbyplay/27516/4-svk-vs-pol
2,POL,8,Shot,-62.85703154969405,21.02654382737674,https://www.iihf.com//pdf/901/ihm901904_77a_4_0,SVK,POL,https://www.iihf.com//en/events/2022/ogqmd/gamecenter/playbyplay/27516/4-svk-vs-pol
2,POL,19,Goal,-81.38990312342301,5.856856727811305,https://www.iihf.com//pdf/901/ihm901904_77a_4_0,SVK,POL,https://www.iihf.com//en/events/2022/ogqmd/gamecenter/playbyplay/27516/4-svk-vs-pol
2,POL,7,Shot,-79.56478224805839,-5.577738312488734,https://www.iihf.com//pdf/901/ihm901904_77a_4_0,SVK,POL,https://www.iihf.com//en/events/2022/ogqmd/gamecenter/playbyplay/27516/4-svk-vs-pol
2,POL,10,Shot,-67.98914857030596,2.51886514950543,https://www.iihf.com//pdf/901/ihm901904_77a_4_0,SVK,POL,https://www.iihf.com//en/events/2022/ogqmd/gamecenter/playbyplay/27516/4-svk-vs-pol
3,POL,18,Shot,51.52282721283282,-7.3629178342351835,https://www.iihf.com//pdf/901/ihm901904_77a_4_0,SVK,POL,https://www.iihf.com//en/events/2022/ogqmd/gamecenter/playbyplay/27516/4-svk-vs-pol
3,POL,6,Shot,26.51627668215339,7.046633869348284,https://www.iihf.com//pdf/901/ihm901904_77a_4_0,SVK,POL,https://www.iihf.com//en/events/2022/ogqmd/gamecenter/playbyplay/27516/4-svk-vs-pol
3,POL,2,Shot,75.09911086316856,10.99329838392542,https://www.iihf.com//pdf/901/ihm901904_77a_4_0,SVK,POL,https://www.iihf.com//en/events/2022/ogqmd/gamecenter/playbyplay/27516/4-svk-vs-pol
3,SVK,88,Shot,-36.74619242529217,-17.011636855546556,https://www.iihf.com//pdf/901/ihm901904_77a_4_0,SVK,POL,https://www.iihf.com//en/events/2022/ogqmd/gamecenter/playbyplay/27516/4-svk-vs-pol
3,SVK,21,Goal,-75.7308226009781,0.7349244794111272,https://www.iihf.com//pdf/901/ihm901904_77a_4_0,SVK,POL,https://www.iihf.com//en/events/2022/ogqmd/gamecenter/playbyplay/27516/4-svk-vs-pol
3,SVK,14,Shot,-45.77048153457686,23.023290095441155,https://www.iihf.com//pdf/901/ihm901904_77a_4_0,SVK,POL,https://www.iihf.com//en/events/2022/ogqmd/gamecenter/playbyplay/27516/4-svk-vs-pol
3,SVK,21,Shot,-66.8462205789221,3.689374437005604,https://www.iihf.com//pdf/901/ihm901904_77a_4_0,SVK,POL,https://www.iihf.com//en/events/2022/ogqmd/gamecenter/playbyplay/27516/4-svk-vs-pol
3,SVK,16,Shot,-84.10423683520139,0.5358918289562311,https://www.iihf.com//pdf/901/ihm901904_77a_4_0,SVK,POL,https://www.iihf.com//en/events/2022/ogqmd/gamecenter/playbyplay/27516/4-svk-vs-pol
3,SVK,79,Shot,-20.996655521004286,24.595886669975258,https://www.iihf.com//pdf/901/ihm901904_77a_4_0,SVK,POL,https://www.iihf.com//en/events/2022/ogqmd/gamecenter/playbyplay/27516/4-svk-vs-pol
3,SVK,21,Shot,-42.688222419340654,28.14595309504628,https://www.iihf.com//pdf/901/ihm901904_77a_4_0,SVK,POL,https://www.iihf.com//en/events/2022/ogqmd/gamecenter/playbyplay/27516/4-svk-vs-pol
3,SVK,21,Shot,-43.643999545935294,-12.075201233328315,https://www.iihf.com//pdf/901/ihm901904_77a_4_0,SVK,POL,https://www.iihf.com//en/events/2022/ogqmd/gamecenter/playbyplay/27516/4-svk-vs-pol
3,SVK,12,Shot,-79.9769263345332,-5.36718491256827,https://www.iihf.com//pdf/901/ihm901904_77a_4_0,SVK,POL,https://www.iihf.com//en/events/2022/ogqmd/gamecenter/playbyplay/27516/4-svk-vs-pol
1,POL,11,Goal,79.82337643114045,0.3383263899050135,https://www.iihf.com//pdf/901/ihm901905_77a_3_0,POL,AUT,https://www.iihf.com//en/events/2022/ogqmd/gamecenter/playbyplay/27517/5-pol-vs-aut
1,POL,18,Shot,74.13182219066684,-6.96632545372286,https://www.iihf.com//pdf/901/ihm901905_77a_3_0,POL,AUT,https://www.iihf.com//en/events/2022/ogqmd/gamecenter/playbyplay/27517/5-pol-vs-aut
1,AUT,24,Shot,-50.88076533137389,-24.501785325356366,https://www.iihf.com//pdf/901/ihm901905_77a_3_0,POL,AUT,https://www.iihf.com//en/events/2022/ogqmd/gamecenter/playbyplay/27517/5-pol-vs-aut
1,AUT,4,Shot,-35.925525094675315,-7.947279020457344,https://www.iihf.com//pdf/901/ihm901905_77a_3_0,POL,AUT,https://www.iihf.com//en/events/2022/ogqmd/gamecenter/playbyplay/27517/5-pol-vs-aut
1,AUT,17,Goal,-79.4106288709435,-2.6379205059746624,https://www.iihf.com//pdf/901/ihm901905_77a_3_0,POL,AUT,https://www.iihf.com//en/events/2022/ogqmd/gamecenter/playbyplay/27517/5-pol-vs-aut
1,AUT,25,Shot,-33.58658619695322,-11.88804899894766,https://www.iihf.com//pdf/901/ihm901905_77a_3_0,POL,AUT,https://www.iihf.com//en/events/2022/ogqmd/gamecenter/playbyplay/27517/5-pol-vs-aut
1,AUT,21,Shot,-69.02142453090336,27.74936071453395,https://www.iihf.com//pdf/901/ihm901905_77a_3_0,POL,AUT,https://www.iihf.com//en/events/2022/ogqmd/gamecenter/playbyplay/27517/5-pol-vs-aut
1,AUT,10,Shot,-79.7846060910676,3.4772967357435576,https://www.iihf.com//pdf/901/ihm901905_77a_3_0,POL,AUT,https://www.iihf.com//en/events/2022/ogqmd/gamecenter/playbyplay/27517/5-pol-vs-aut
1,AUT,18,Shot,-48.9075770544506,-17.21164574393933,https://www.iihf.com//pdf/901/ihm901905_77a_3_0,POL,AUT,https://www.iihf.com//en/events/2022/ogqmd/gamecenter/playbyplay/27517/5-pol-vs-aut
1,AUT,21,Shot,-51.91637178373966,11.191597428678477,https://www.iihf.com//pdf/901/ihm901905_77a_3_0,POL,AUT,https://www.iihf.com//en/events/2022/ogqmd/gamecenter/playbyplay/27517/5-pol-vs-aut
1,AUT,16,Shot,-61.29750742984755,8.236411010885263,https://www.iihf.com//pdf/901/ihm901905_77a_3_0,POL,AUT,https://www.iihf.com//en/events/2022/ogqmd/gamecenter/playbyplay/27517/5-pol-vs-aut
1,AUT,7,Goal,-67.98265268807056,0.9197931162763098,https://www.iihf.com//pdf/901/ihm901905_77a_3_0,POL,AUT,https://www.iihf.com//en/events/2022/ogqmd/gamecenter/playbyplay/27517/5-pol-vs-aut
1,AUT,14,Shot,-57.17490516284167,32.67372466938602,https://www.iihf.com//pdf/901/ihm901905_77a_3_0,POL,AUT,https://www.iihf.com//en/events/2022/ogqmd/gamecenter/playbyplay/27517/5-pol-vs-aut
2,AUT,5,Shot,65.63709835199828,22.003883601042986,https://www.iihf.com//pdf/901/ihm901905_77a_3_0,POL,AUT,https://www.iihf.com//en/events/2022/ogqmd/gamecenter/playbyplay/27517/5-pol-vs-aut
2,AUT,6,Shot,28.884273408910985,38.577874701742786,https://www.iihf.com//pdf/901/ihm901905_77a_3_0,POL,AUT,https://www.iihf.com//en/events/2022/ogqmd/gamecenter/playbyplay/27517/5-pol-vs-aut
2,AUT,4,Shot,28.09825457898185,32.27386959892347,https://www.iihf.com//pdf/901/ihm901905_77a_3_0,POL,AUT,https://www.iihf.com//en/events/2022/ogqmd/gamecenter/playbyplay/27517/5-pol-vs-aut
2,AUT,5,Shot,44.21514757189536,-4.995044152452877,https://www.iihf.com//pdf/901/ihm901905_77a_3_0,POL,AUT,https://www.iihf.com//en/events/2022/ogqmd/gamecenter/playbyplay/27517/5-pol-vs-aut
2,AUT,16,Shot,28.716097807478988,42.905269157590396,https://www.iihf.com//pdf/901/ihm901905_77a_3_0,POL,AUT,https://www.iihf.com//en/events/2022/ogqmd/gamecenter/playbyplay/27517/5-pol-vs-aut
2,AUT,7,Goal,53.63033963126546,-31.40254298541619,https://www.iihf.com//pdf/901/ihm901905_77a_3_0,POL,AUT,https://www.iihf.com//en/events/2022/ogqmd/gamecenter/playbyplay/27517/5-pol-vs-aut
2,AUT,10,Shot,80.43158685267676,-1.2487738833492443,https://www.iihf.com//pdf/901/ihm901905_77a_3_0,POL,AUT,https://www.iihf.com//en/events/2022/ogqmd/gamecenter/playbyplay/27517/5-pol-vs-aut
2,AUT,7,Shot,60.72637079018415,5.463412857373434,https://www.iihf.com//pdf/901/ihm901905_77a_3_0,POL,AUT,https://www.iihf.com//en/events/2022/ogqmd/gamecenter/playbyplay/27517/5-pol-vs-aut
2,AUT,23,Shot,82.76454794466073,-5.182013699032289,https://www.iihf.com//pdf/901/ihm901905_77a_3_0,POL,AUT,https://www.iihf.com//en/events/2022/ogqmd/gamecenter/playbyplay/27517/5-pol-vs-aut
2,POL,19,Shot,-54.87291479772938,4.799271337451316,https://www.iihf.com//pdf/901/ihm901905_77a_3_0,POL,AUT,https://www.iihf.com//en/events/2022/ogqmd/gamecenter/playbyplay/27517/5-pol-vs-aut
2,POL,8,Shot,-66.81195921232028,-18.401422885476308,https://www.iihf.com//pdf/901/ihm901905_77a_3_0,POL,AUT,https://www.iihf.com//en/events/2022/ogqmd/gamecenter/playbyplay/27517/5-pol-vs-aut
2,POL,11,Shot,-68.32930848939736,13.108463455651624,https://www.iihf.com//pdf/901/ihm901905_77a_3_0,POL,AUT,https://www.iihf.com//en/events/2022/ogqmd/gamecenter/playbyplay/27517/5-pol-vs-aut
2,POL,21,Shot,-72.48198196584008,1.5742093652794082,https://www.iihf.com//pdf/901/ihm901905_77a_3_0,POL,AUT,https://www.iihf.com//en/events/2022/ogqmd/gamecenter/playbyplay/27517/5-pol-vs-aut
2,POL,11,Shot,-79.83155179213084,-2.027155223479838,https://www.iihf.com//pdf/901/ihm901905_77a_3_0,POL,AUT,https://www.iihf.com//en/events/2022/ogqmd/gamecenter/playbyplay/27517/5-pol-vs-aut
3,POL,8,Shot,58.94666985213249,2.8824024559812784,https://www.iihf.com//pdf/901/ihm901905_77a_3_0,POL,AUT,https://www.iihf.com//en/events/2022/ogqmd/gamecenter/playbyplay/27517/5-pol-vs-aut
3,POL,5,Shot,83.33536576801814,0.9183544498415586,https://www.iihf.com//pdf/901/ihm901905_77a_3_0,POL,AUT,https://www.iihf.com//en/events/2022/ogqmd/gamecenter/playbyplay/27517/5-pol-vs-aut
3,POL,17,Shot,28.320617566142673,16.31425757378672,https://www.iihf.com//pdf/901/ihm901905_77a_3_0,POL,AUT,https://www.iihf.com//en/events/2022/ogqmd/gamecenter/playbyplay/27517/5-pol-vs-aut
3,AUT,27,Shot,-39.875363082701675,36.80490386321344,https://www.iihf.com//pdf/901/ihm901905_77a_3_0,POL,AUT,https://www.iihf.com//en/events/2022/ogqmd/gamecenter/playbyplay/27517/5-pol-vs-aut
3,AUT,7,Shot,-54.9783291320596,-9.709057376663978,https://www.iihf.com//pdf/901/ihm901905_77a_3_0,POL,AUT,https://www.iihf.com//en/events/2022/ogqmd/gamecenter/playbyplay/27517/5-pol-vs-aut
3,AUT,14,Shot,-47.15576115688011,20.445433913117242,https://www.iihf.com//pdf/901/ihm901905_77a_3_0,POL,AUT,https://www.iihf.com//en/events/2022/ogqmd/gamecenter/playbyplay/27517/5-pol-vs-aut
3,AUT,21,Shot,-48.55469294885952,16.51051279876343,https://www.iihf.com//pdf/901/ihm901905_77a_3_0,POL,AUT,https://www.iihf.com//en/events/2022/ogqmd/gamecenter/playbyplay/27517/5-pol-vs-aut
3,AUT,23,Shot,-51.67420802671491,-22.53565924547756,https://www.iihf.com//pdf/901/ihm901905_77a_3_0,POL,AUT,https://www.iihf.com//en/events/2022/ogqmd/gamecenter/playbyplay/27517/5-pol-vs-aut
3,AUT,23,Shot,-51.87196522682803,25.55395573510779,https://www.iihf.com//pdf/901/ihm901905_77a_3_0,POL,AUT,https://www.iihf.com//en/events/2022/ogqmd/gamecenter/playbyplay/27517/5-pol-vs-aut
3,AUT,9,Shot,-55.37563118085895,-38.692562677963664,https://www.iihf.com//pdf/901/ihm901905_77a_3_0,POL,AUT,https://www.iihf.com//en/events/2022/ogqmd/gamecenter/playbyplay/27517/5-pol-vs-aut
3,AUT,24,Shot,-33.77238778559014,-31.771646560836004,https://www.iihf.com//pdf/901/ihm901905_77a_3_0,POL,AUT,https://www.iihf.com//en/events/2022/ogqmd/gamecenter/playbyplay/27517/5-pol-vs-aut
3,AUT,7,Goal,-67.71899160298192,1.7460329513374404,https://www.iihf.com//pdf/901/ihm901905_77a_3_0,POL,AUT,https://www.iihf.com//en/events/2022/ogqmd/gamecenter/playbyplay/27517/5-pol-vs-aut
3,AUT,14,Shot,-32.0611298766656,-6.5229021971619545,https://www.iihf.com//pdf/901/ihm901905_77a_3_0,POL,AUT,https://www.iihf.com//en/events/2022/ogqmd/gamecenter/playbyplay/27517/5-pol-vs-aut
1,BLR,23,Shot,67.83688531843399,-21.343187458872322,https://www.iihf.com//pdf/901/ihm901906_77a_4_0,SVK,BLR,https://www.iihf.com//en/events/2022/ogqmd/gamecenter/playbyplay/27518/6-svk-vs-blr
1,BLR,10,Shot,40.11947389645255,12.56589495845953,https://www.iihf.com//pdf/901/ihm901906_77a_4_0,SVK,BLR,https://www.iihf.com//en/events/2022/ogqmd/gamecenter/playbyplay/27518/6-svk-vs-blr
1,BLR,23,Shot,46.21485453370255,-34.56296202091883,https://www.iihf.com//pdf/901/ihm901906_77a_4_0,SVK,BLR,https://www.iihf.com//en/events/2022/ogqmd/gamecenter/playbyplay/27518/6-svk-vs-blr
1,BLR,10,Shot,51.127358357793156,-8.519639901735687,https://www.iihf.com//pdf/901/ihm901906_77a_4_0,SVK,BLR,https://www.iihf.com//en/events/2022/ogqmd/gamecenter/playbyplay/27518/6-svk-vs-blr
1,BLR,17,Shot,58.80648176785144,-28.43466547443073,https://www.iihf.com//pdf/901/ihm901906_77a_4_0,SVK,BLR,https://www.iihf.com//en/events/2022/ogqmd/gamecenter/playbyplay/27518/6-svk-vs-blr
1,BLR,92,Shot,80.62447071782623,-0.2573842759690521,https://www.iihf.com//pdf/901/ihm901906_77a_4_0,SVK,BLR,https://www.iihf.com//en/events/2022/ogqmd/gamecenter/playbyplay/27518/6-svk-vs-blr
1,SVK,13,Shot,-74.28320300454891,8.401298169490047,https://www.iihf.com//pdf/901/ihm901906_77a_4_0,SVK,BLR,https://www.iihf.com//en/events/2022/ogqmd/gamecenter/playbyplay/27518/6-svk-vs-blr
1,SVK,34,Shot,-59.15236330100646,-27.65562760001444,https://www.iihf.com//pdf/901/ihm901906_77a_4_0,SVK,BLR,https://www.iihf.com//en/events/2022/ogqmd/gamecenter/playbyplay/27518/6-svk-vs-blr
1,SVK,67,Shot,-80.38037129037201,4.468783396018161,https://www.iihf.com//pdf/901/ihm901906_77a_4_0,SVK,BLR,https://www.iihf.com//en/events/2022/ogqmd/gamecenter/playbyplay/27518/6-svk-vs-blr
1,SVK,79,Shot,-69.96754607794388,6.253449108323636,https://www.iihf.com//pdf/901/ihm901906_77a_4_0,SVK,BLR,https://www.iihf.com//en/events/2022/ogqmd/gamecenter/playbyplay/27518/6-svk-vs-blr
1,SVK,83,Shot,-38.88268296868381,-33.76977155090037,https://www.iihf.com//pdf/901/ihm901906_77a_4_0,SVK,BLR,https://www.iihf.com//en/events/2022/ogqmd/gamecenter/playbyplay/27518/6-svk-vs-blr
1,SVK,14,Shot,-54.40645238311432,8.613735537360782,https://www.iihf.com//pdf/901/ihm901906_77a_4_0,SVK,BLR,https://www.iihf.com//en/events/2022/ogqmd/gamecenter/playbyplay/27518/6-svk-vs-blr
1,SVK,34,Goal,-58.21292551009598,20.46369412975035,https://www.iihf.com//pdf/901/ihm901906_77a_4_0,SVK,BLR,https://www.iihf.com//en/events/2022/ogqmd/gamecenter/playbyplay/27518/6-svk-vs-blr
1,SVK,27,Shot,-32.393962713866586,-7.3491363232293025,https://www.iihf.com//pdf/901/ihm901906_77a_4_0,SVK,BLR,https://www.iihf.com//en/events/2022/ogqmd/gamecenter/playbyplay/27518/6-svk-vs-blr
1,SVK,13,Shot,-80.5781171041885,1.1304264421098154,https://www.iihf.com//pdf/901/ihm901906_77a_4_0,SVK,BLR,https://www.iihf.com//en/events/2022/ogqmd/gamecenter/playbyplay/27518/6-svk-vs-blr
1,SVK,52,Shot,-28.859530986303554,-47.55103136105777,https://www.iihf.com//pdf/901/ihm901906_77a_4_0,SVK,BLR,https://www.iihf.com//en/events/2022/ogqmd/gamecenter/playbyplay/27518/6-svk-vs-blr
1,SVK,79,Shot,-83.9086601108956,3.0826511221131696,https://www.iihf.com//pdf/901/ihm901906_77a_4_0,SVK,BLR,https://www.iihf.com//en/events/2022/ogqmd/gamecenter/playbyplay/27518/6-svk-vs-blr
1,SVK,52,Shot,-42.99313605717054,-44.60962074527666,https://www.iihf.com//pdf/901/ihm901906_77a_4_0,SVK,BLR,https://www.iihf.com//en/events/2022/ogqmd/gamecenter/playbyplay/27518/6-svk-vs-blr
1,SVK,88,Shot,-79.39345264245601,-3.59741396505747,https://www.iihf.com//pdf/901/ihm901906_77a_4_0,SVK,BLR,https://www.iihf.com//en/events/2022/ogqmd/gamecenter/playbyplay/27518/6-svk-vs-blr
1,SVK,71,Shot,-75.32131444217637,-8.90245648023592,https://www.iihf.com//pdf/901/ihm901906_77a_4_0,SVK,BLR,https://www.iihf.com//en/events/2022/ogqmd/gamecenter/playbyplay/27518/6-svk-vs-blr
1,SVK,60,Shot,-82.12460391437759,-6.768023554472904,https://www.iihf.com//pdf/901/ihm901906_77a_4_0,SVK,BLR,https://www.iihf.com//en/events/2022/ogqmd/gamecenter/playbyplay/27518/6-svk-vs-blr
1,SVK,60,Shot,-82.91558716964352,-5.776548312185881,https://www.iihf.com//pdf/901/ihm901906_77a_4_0,SVK,BLR,https://www.iihf.com//en/events/2022/ogqmd/gamecenter/playbyplay/27518/6-svk-vs-blr
1,SVK,88,Shot,-75.07599668098123,0.3376013476938553,https://www.iihf.com//pdf/901/ihm901906_77a_4_0,SVK,BLR,https://www.iihf.com//en/events/2022/ogqmd/gamecenter/playbyplay/27518/6-svk-vs-blr
1,SVK,34,Shot,-60.10812904130445,-16.220524459267196,https://www.iihf.com//pdf/901/ihm901906_77a_4_0,SVK,BLR,https://www.iihf.com//en/events/2022/ogqmd/gamecenter/playbyplay/27518/6-svk-vs-blr
2,SVK,28,Shot,33.42906816918003,9.78973973138256,https://www.iihf.com//pdf/901/ihm901906_77a_4_0,SVK,BLR,https://www.iihf.com//en/events/2022/ogqmd/gamecenter/playbyplay/27518/6-svk-vs-blr
2,SVK,88,Shot,76.274085586457,2.320563250255482,https://www.iihf.com//pdf/901/ihm901906_77a_4_0,SVK,BLR,https://www.iihf.com//en/events/2022/ogqmd/gamecenter/playbyplay/27518/6-svk-vs-blr
2,SVK,67,Shot,76.07632838634385,-9.709422752266448,https://www.iihf.com//pdf/901/ihm901906_77a_4_0,SVK,BLR,https://www.iihf.com//en/events/2022/ogqmd/gamecenter/playbyplay/27518/6-svk-vs-blr
2,SVK,14,Shot,-68.970516398608,-19.181476960786995,https://www.iihf.com//pdf/901/ihm901906_77a_4_0,SVK,BLR,https://www.iihf.com//en/events/2022/ogqmd/gamecenter/playbyplay/27518/6-svk-vs-blr
2,SVK,16,Shot,82.1735080584636,-3.1973448073278377,https://www.iihf.com//pdf/901/ihm901906_77a_4_0,SVK,BLR,https://www.iihf.com//en/events/2022/ogqmd/gamecenter/playbyplay/27518/6-svk-vs-blr
2,SVK,79,Shot,73.34083893540091,7.443226249860615,https://www.iihf.com//pdf/901/ihm901906_77a_4_0,SVK,BLR,https://www.iihf.com//en/events/2022/ogqmd/gamecenter/playbyplay/27518/6-svk-vs-blr
2,SVK,27,Shot,65.46393555263623,24.41136628173119,https://www.iihf.com//pdf/901/ihm901906_77a_4_0,SVK,BLR,https://www.iihf.com//en/events/2022/ogqmd/gamecenter/playbyplay/27518/6-svk-vs-blr
2,SVK,52,Shot,37.54956397130678,0.3376013476938553,https://www.iihf.com//pdf/901/ihm901906_77a_4_0,SVK,BLR,https://www.iihf.com//en/events/2022/ogqmd/gamecenter/playbyplay/27518/6-svk-vs-blr
2,SVK,83,Shot,71.56111522475595,19.43980892972496,https://www.iihf.com//pdf/901/ihm901906_77a_4_0,SVK,BLR,https://www.iihf.com//en/events/2022/ogqmd/gamecenter/playbyplay/27518/6-svk-vs-blr
2,SVK,56,Shot,68.62786857369989,-17.8065400237016,https://www.iihf.com//pdf/901/ihm901906_77a_4_0,SVK,BLR,https://www.iihf.com//en/events/2022/ogqmd/gamecenter/playbyplay/27518/6-svk-vs-blr
2,BLR,92,Shot,-80.76488652804014,9.591443541126395,https://www.iihf.com//pdf/901/ihm901906_77a_4_0,SVK,BLR,https://www.iihf.com//en/events/2022/ogqmd/gamecenter/playbyplay/27518/6-svk-vs-blr
2,BLR,41,Shot,-77.65427553416036,0.5496733399621121,https://www.iihf.com//pdf/901/ihm901906_77a_4_0,SVK,BLR,https://www.iihf.com//en/events/2022/ogqmd/gamecenter/playbyplay/27518/6-svk-vs-blr
2,BLR,17,Goal,-84.48611614519643,0.9001655956308099,https://www.iihf.com//pdf/901/ihm901906_77a_4_0,SVK,BLR,https://www.iihf.com//en/events/2022/ogqmd/gamecenter/playbyplay/27518/6-svk-vs-blr
2,BLR,14,Shot,-51.47321711835489,-14.617319114535064,https://www.iihf.com//pdf/901/ihm901906_77a_4_0,SVK,BLR,https://www.iihf.com//en/events/2022/ogqmd/gamecenter/playbyplay/27518/6-svk-vs-blr
2,BLR,91,Shot,-83.55577031215618,15.113385002821431,https://www.iihf.com//pdf/901/ihm901906_77a_4_0,SVK,BLR,https://www.iihf.com//en/events/2022/ogqmd/gamecenter/playbyplay/27518/6-svk-vs-blr
3,BLR,12,Shot,84.94192667930102,11.588189809190808,https://www.iihf.com//pdf/901/ihm901906_77a_4_0,SVK,BLR,https://www.iihf.com//en/events/2022/ogqmd/gamecenter/playbyplay/27518/6-svk-vs-blr
3,BLR,17,Shot,55.04929991904169,-21.72563866177009,https://www.iihf.com//pdf/901/ihm901906_77a_4_0,SVK,BLR,https://www.iihf.com//en/events/2022/ogqmd/gamecenter/playbyplay/27518/6-svk-vs-blr
3,BLR,17,Shot,73.54381105937699,-22.521518067863,https://www.iihf.com//pdf/901/ihm901906_77a_4_0,SVK,BLR,https://www.iihf.com//en/events/2022/ogqmd/gamecenter/playbyplay/27518/6-svk-vs-blr
3,BLR,92,Shot,51.325138330499584,14.714100831737738,https://www.iihf.com//pdf/901/ihm901906_77a_4_0,SVK,BLR,https://www.iihf.com//en/events/2022/ogqmd/gamecenter/playbyplay/27518/6-svk-vs-blr
3,BLR,17,Shot,63.12396050191953,-21.32904628125776,https://www.iihf.com//pdf/901/ihm901906_77a_4_0,SVK,BLR,https://www.iihf.com//en/events/2022/ogqmd/gamecenter/playbyplay/27518/6-svk-vs-blr
3,BLR,16,Shot,66.25491880790213,-5.181648323429812,https://www.iihf.com//pdf/901/ihm901906_77a_4_0,SVK,BLR,https://www.iihf.com//en/events/2022/ogqmd/gamecenter/playbyplay/27518/6-svk-vs-blr
3,BLR,23,Shot,46.21485453370255,-43.023610889836036,https://www.iihf.com//pdf/901/ihm901906_77a_4_0,SVK,BLR,https://www.iihf.com//en/events/2022/ogqmd/gamecenter/playbyplay/27518/6-svk-vs-blr
3,BLR,10,Shot,57.22451525731961,-43.41984360373968,https://www.iihf.com//pdf/901/ihm901906_77a_4_0,SVK,BLR,https://www.iihf.com//en/events/2022/ogqmd/gamecenter/playbyplay/27518/6-svk-vs-blr
3,BLR,92,Shot,70.40759228434484,0.3376013476938553,https://www.iihf.com//pdf/901/ihm901906_77a_4_0,SVK,BLR,https://www.iihf.com//en/events/2022/ogqmd/gamecenter/playbyplay/27518/6-svk-vs-blr
3,BLR,16,Shot,71.16564636971628,-31.191549992974004,https://www.iihf.com//pdf/901/ihm901906_77a_4_0,SVK,BLR,https://www.iihf.com//en/events/2022/ogqmd/gamecenter/playbyplay/27518/6-svk-vs-blr
3,BLR,23,Shot,81.77799365823736,2.7167959641591253,https://www.iihf.com//pdf/901/ihm901906_77a_4_0,SVK,BLR,https://www.iihf.com//en/events/2022/ogqmd/gamecenter/playbyplay/27518/6-svk-vs-blr
3,SVK,79,Shot,-66.80361305688021,-19.359860180708225,https://www.iihf.com//pdf/901/ihm901906_77a_4_0,SVK,BLR,https://www.iihf.com//en/events/2022/ogqmd/gamecenter/playbyplay/27518/6-svk-vs-blr
3,SVK,21,Shot,-67.24171220655505,-14.42171186035337,https://www.iihf.com//pdf/901/ihm901906_77a_4_0,SVK,BLR,https://www.iihf.com//en/events/2022/ogqmd/gamecenter/playbyplay/27518/6-svk-vs-blr
3,SVK,56,Shot,-66.80143827422121,-32.97622712326704,https://www.iihf.com//pdf/901/ihm901906_77a_4_0,SVK,BLR,https://www.iihf.com//en/events/2022/ogqmd/gamecenter/playbyplay/27518/6-svk-vs-blr
3,SVK,79,Shot,-70.36304339872515,0.3376013476938553,https://www.iihf.com//pdf/901/ihm901906_77a_4_0,SVK,BLR,https://www.iihf.com//en/events/2022/ogqmd/gamecenter/playbyplay/27518/6-svk-vs-blr
3,SVK,16,Shot,-56.98004008207613,-10.304311323034938,https://www.iihf.com//pdf/901/ihm901906_77a_4_0,SVK,BLR,https://www.iihf.com//en/events/2022/ogqmd/gamecenter/playbyplay/27518/6-svk-vs-blr
3,SVK,52,Shot,-25.92630710784077,-30.39835952295556,https://www.iihf.com//pdf/901/ihm901906_77a_4_0,SVK,BLR,https://www.iihf.com//en/events/2022/ogqmd/gamecenter/playbyplay/27518/6-svk-vs-blr
3,SVK,83,Shot,-82.52262329986551,23.20710542295231,https://www.iihf.com//pdf/901/ihm901906_77a_4_0,SVK,BLR,https://www.iihf.com//en/events/2022/ogqmd/gamecenter/playbyplay/27518/6-svk-vs-blr
3,SVK,28,Shot,-72.30754390125387,-17.011636855546556,https://www.iihf.com//pdf/901/ihm901906_77a_4_0,SVK,BLR,https://www.iihf.com//en/events/2022/ogqmd/gamecenter/playbyplay/27518/6-svk-vs-blr
3,SVK,79,Shot,-57.37770649236809,14.119212260969249,https://www.iihf.com//pdf/901/ihm901906_77a_4_0,SVK,BLR,https://www.iihf.com//en/events/2022/ogqmd/gamecenter/playbyplay/27518/6-svk-vs-blr
3,SVK,21,Shot,-51.91637178373966,-0.6401038015748668,https://www.iihf.com//pdf/901/ihm901906_77a_4_0,SVK,BLR,https://www.iihf.com//en/events/2022/ogqmd/gamecenter/playbyplay/27518/6-svk-vs-blr
3,SVK,79,Goal,-19.429422878329788,34.61069777248291,https://www.iihf.com//pdf/901/ihm901906_77a_4_0,SVK,BLR,https://www.iihf.com//en/events/2022/ogqmd/gamecenter/playbyplay/27518/6-svk-vs-blr
