period,team,player_number,shot_type,x,y,team1,team2,game_url,shot_chart_url
1,TPE,8,Shot,67.87805816709871,25.81871603105182,TPE,NED,https://www.iihf.com//en/events/2020/ww18iia/gamecenter/playbyplay/14875/1-tpe-vs-ned,https://www.iihf.com//pdf/887/ihw887901_77a_3_0
1,TPE,8,Shot,72.22862547921426,-7.825603235839111,TPE,NED,https://www.iihf.com//en/events/2020/ww18iia/gamecenter/playbyplay/14875/1-tpe-vs-ned,https://www.iihf.com//pdf/887/ihw887901_77a_3_0
1,TPE,8,Shot,72.62409433425393,-19.29375574162904,TPE,NED,https://www.iihf.com//en/events/2020/ww18iia/gamecenter/playbyplay/14875/1-tpe-vs-ned,https://www.iihf.com//pdf/887/ihw887901_77a_3_0
1,TPE,17,Shot,57.85069325496016,20.90812502371496,TPE,NED,https://www.iihf.com//en/events/2020/ww18iia/gamecenter/playbyplay/14875/1-tpe-vs-ned,https://www.iihf.com//pdf/887/ihw887901_77a_3_0
1,TPE,21,Shot,40.67974800911759,33.36776418977949,TPE,NED,https://www.iihf.com//en/events/2020/ww18iia/gamecenter/playbyplay/14875/1-tpe-vs-ned,https://www.iihf.com//pdf/887/ihw887901_77a_3_0
1,TPE,17,Shot,38.105033066788025,-22.849322782215467,TPE,NED,https://www.iihf.com//en/events/2020/ww18iia/gamecenter/playbyplay/14875/1-tpe-vs-ned,https://www.iihf.com//pdf/887/ihw887901_77a_3_0
1,TPE,21,Miss,72.59476323409896,-30.947724577253084,TPE,NED,https://www.iihf.com//en/events/2020/ww18iia/gamecenter/playbyplay/14875/1-tpe-vs-ned,https://www.iihf.com//pdf/887/ihw887901_77a_3_0
1,TPE,8,Miss,59.323852314761865,-19.29375574162904,TPE,NED,https://www.iihf.com//en/events/2020/ww18iia/gamecenter/playbyplay/14875/1-tpe-vs-ned,https://www.iihf.com//pdf/887/ihw887901_77a_3_0
1,TPE,14,Shot,75.81266730125523,5.077453477792538,TPE,NED,https://www.iihf.com//en/events/2020/ww18iia/gamecenter/playbyplay/14875/1-tpe-vs-ned,https://www.iihf.com//pdf/887/ihw887901_77a_3_0
1,NED,9,Miss,-83.9865936182755,-20.684021327037044,TPE,NED,https://www.iihf.com//en/events/2020/ww18iia/gamecenter/playbyplay/14875/1-tpe-vs-ned,https://www.iihf.com//pdf/887/ihw887901_77a_3_0
1,NED,16,Shot,-76.321150843635,-3.066488960697413,TPE,NED,https://www.iihf.com//en/events/2020/ww18iia/gamecenter/playbyplay/14875/1-tpe-vs-ned,https://www.iihf.com//pdf/887/ihw887901_77a_3_0
1,NED,8,Miss,-64.24593770747842,7.839818630372939,TPE,NED,https://www.iihf.com//en/events/2020/ww18iia/gamecenter/playbyplay/14875/1-tpe-vs-ned,https://www.iihf.com//pdf/887/ihw887901_77a_3_0
1,NED,14,Miss,-36.449180877333234,23.68428025079193,TPE,NED,https://www.iihf.com//en/events/2020/ww18iia/gamecenter/playbyplay/14875/1-tpe-vs-ned,https://www.iihf.com//pdf/887/ihw887901_77a_3_0
1,NED,19,Miss,-57.77787788792173,12.169302577947207,TPE,NED,https://www.iihf.com//en/events/2020/ww18iia/gamecenter/playbyplay/14875/1-tpe-vs-ned,https://www.iihf.com//pdf/887/ihw887901_77a_3_0
1,NED,16,Miss,-63.08189952211655,-0.2903422971111169,TPE,NED,https://www.iihf.com//en/events/2020/ww18iia/gamecenter/playbyplay/14875/1-tpe-vs-ned,https://www.iihf.com//pdf/887/ihw887901_77a_3_0
1,NED,11,Shot,-48.35694713504304,18.13197550563177,TPE,NED,https://www.iihf.com//en/events/2020/ww18iia/gamecenter/playbyplay/14875/1-tpe-vs-ned,https://www.iihf.com//pdf/887/ihw887901_77a_3_0
1,NED,21,Shot,-79.13943575062484,1.9047087247001357,TPE,NED,https://www.iihf.com//en/events/2020/ww18iia/gamecenter/playbyplay/14875/1-tpe-vs-ned,https://www.iihf.com//pdf/887/ihw887901_77a_3_0
1,NED,21,Goal,-79.55391972106001,-0.5540064662477278,TPE,NED,https://www.iihf.com//en/events/2020/ww18iia/gamecenter/playbyplay/14875/1-tpe-vs-ned,https://www.iihf.com//pdf/887/ihw887901_77a_3_0
1,NED,3,Miss,-79.60242534476347,-5.512507349459227,TPE,NED,https://www.iihf.com//en/events/2020/ww18iia/gamecenter/playbyplay/14875/1-tpe-vs-ned,https://www.iihf.com//pdf/887/ihw887901_77a_3_0
1,NED,8,Shot,-32.30525207671312,0.40370007777924144,TPE,NED,https://www.iihf.com//en/events/2020/ww18iia/gamecenter/playbyplay/14875/1-tpe-vs-ned,https://www.iihf.com//pdf/887/ihw887901_77a_3_0
1,NED,9,Shot,-51.71732793210577,45.94581645051203,TPE,NED,https://www.iihf.com//en/events/2020/ww18iia/gamecenter/playbyplay/14875/1-tpe-vs-ned,https://www.iihf.com//pdf/887/ihw887901_77a_3_0
2,NED,13,Shot,72.51688096505396,-12.386792405320925,TPE,NED,https://www.iihf.com//en/events/2020/ww18iia/gamecenter/playbyplay/14875/1-tpe-vs-ned,https://www.iihf.com//pdf/887/ihw887901_77a_3_0
2,NED,2,Miss,53.78428236189245,6.30027998437221,TPE,NED,https://www.iihf.com//en/events/2020/ww18iia/gamecenter/playbyplay/14875/1-tpe-vs-ned,https://www.iihf.com//pdf/887/ihw887901_77a_3_0
2,NED,4,Shot,73.81059198974609,5.536876189446225,TPE,NED,https://www.iihf.com//en/events/2020/ww18iia/gamecenter/playbyplay/14875/1-tpe-vs-ned,https://www.iihf.com//pdf/887/ihw887901_77a_3_0
2,NED,11,Shot,82.60195162858432,-3.978089670886952,TPE,NED,https://www.iihf.com//en/events/2020/ww18iia/gamecenter/playbyplay/14875/1-tpe-vs-ned,https://www.iihf.com//pdf/887/ihw887901_77a_3_0
2,NED,2,Miss,41.78765744517281,-3.614546655417321,TPE,NED,https://www.iihf.com//en/events/2020/ww18iia/gamecenter/playbyplay/14875/1-tpe-vs-ned,https://www.iihf.com//pdf/887/ihw887901_77a_3_0
2,NED,4,Miss,28.307978776867827,-42.68352612984411,TPE,NED,https://www.iihf.com//en/events/2020/ww18iia/gamecenter/playbyplay/14875/1-tpe-vs-ned,https://www.iihf.com//pdf/887/ihw887901_77a_3_0
2,NED,16,Shot,78.61406063717368,4.766224826905514,TPE,NED,https://www.iihf.com//en/events/2020/ww18iia/gamecenter/playbyplay/14875/1-tpe-vs-ned,https://www.iihf.com//pdf/887/ihw887901_77a_3_0
2,NED,13,Miss,78.16462073604143,-6.669240834947303,TPE,NED,https://www.iihf.com//en/events/2020/ww18iia/gamecenter/playbyplay/14875/1-tpe-vs-ned,https://www.iihf.com//pdf/887/ihw887901_77a_3_0
2,NED,12,Miss,30.046370230695032,-38.67878687595157,TPE,NED,https://www.iihf.com//en/events/2020/ww18iia/gamecenter/playbyplay/14875/1-tpe-vs-ned,https://www.iihf.com//pdf/887/ihw887901_77a_3_0
2,NED,16,Shot,54.25831666377579,-7.825603235839111,TPE,NED,https://www.iihf.com//en/events/2020/ww18iia/gamecenter/playbyplay/14875/1-tpe-vs-ned,https://www.iihf.com//pdf/887/ihw887901_77a_3_0
2,NED,9,Miss,36.48148380091226,11.44100053133095,TPE,NED,https://www.iihf.com//en/events/2020/ww18iia/gamecenter/playbyplay/14875/1-tpe-vs-ned,https://www.iihf.com//pdf/887/ihw887901_77a_3_0
2,NED,12,Shot,30.133281832978753,28.046804999918194,TPE,NED,https://www.iihf.com//en/events/2020/ww18iia/gamecenter/playbyplay/14875/1-tpe-vs-ned,https://www.iihf.com//pdf/887/ihw887901_77a_3_0
2,NED,3,Shot,58.22159048184207,29.94952984927677,TPE,NED,https://www.iihf.com//en/events/2020/ww18iia/gamecenter/playbyplay/14875/1-tpe-vs-ned,https://www.iihf.com//pdf/887/ihw887901_77a_3_0
2,TPE,8,Shot,-36.12833781049838,-30.49751903607121,TPE,NED,https://www.iihf.com//en/events/2020/ww18iia/gamecenter/playbyplay/14875/1-tpe-vs-ned,https://www.iihf.com//pdf/887/ihw887901_77a_3_0
2,TPE,5,Miss,-32.64385776631262,11.826928511446013,TPE,NED,https://www.iihf.com//en/events/2020/ww18iia/gamecenter/playbyplay/14875/1-tpe-vs-ned,https://www.iihf.com//pdf/887/ihw887901_77a_3_0
2,TPE,15,Miss,-43.7422405133798,-6.668881168338622,TPE,NED,https://www.iihf.com//en/events/2020/ww18iia/gamecenter/playbyplay/14875/1-tpe-vs-ned,https://www.iihf.com//pdf/887/ihw887901_77a_3_0
2,TPE,21,Shot,-57.6839750994986,17.17521094557995,TPE,NED,https://www.iihf.com//en/events/2020/ww18iia/gamecenter/playbyplay/14875/1-tpe-vs-ned,https://www.iihf.com//pdf/887/ihw887901_77a_3_0
2,TPE,10,Shot,-77.609396445938,0.40370007777924144,TPE,NED,https://www.iihf.com//en/events/2020/ww18iia/gamecenter/playbyplay/14875/1-tpe-vs-ned,https://www.iihf.com//pdf/887/ihw887901_77a_3_0
2,TPE,3,Shot,-51.51778308341954,-3.2321011615133557,TPE,NED,https://www.iihf.com//en/events/2020/ww18iia/gamecenter/playbyplay/14875/1-tpe-vs-ned,https://www.iihf.com//pdf/887/ihw887901_77a_3_0
2,TPE,8,Shot,-82.89531956161717,-8.948082758595085,TPE,NED,https://www.iihf.com//en/events/2020/ww18iia/gamecenter/playbyplay/14875/1-tpe-vs-ned,https://www.iihf.com//pdf/887/ihw887901_77a_3_0
2,TPE,7,Miss,-54.12612175973886,-0.1908231173867705,TPE,NED,https://www.iihf.com//en/events/2020/ww18iia/gamecenter/playbyplay/14875/1-tpe-vs-ned,https://www.iihf.com//pdf/887/ihw887901_77a_3_0
2,TPE,24,Shot,-60.10812904130445,-4.738230775862704,TPE,NED,https://www.iihf.com//en/events/2020/ww18iia/gamecenter/playbyplay/14875/1-tpe-vs-ned,https://www.iihf.com//pdf/887/ihw887901_77a_3_0
2,TPE,8,Shot,-76.23786008368408,-11.229699253224169,TPE,NED,https://www.iihf.com//en/events/2020/ww18iia/gamecenter/playbyplay/14875/1-tpe-vs-ned,https://www.iihf.com//pdf/887/ihw887901_77a_3_0
2,TPE,21,Shot,-60.91382339183443,43.67918321008135,TPE,NED,https://www.iihf.com//en/events/2020/ww18iia/gamecenter/playbyplay/14875/1-tpe-vs-ned,https://www.iihf.com//pdf/887/ihw887901_77a_3_0
2,TPE,4,Shot,-30.223837050188536,39.11751163062439,TPE,NED,https://www.iihf.com//en/events/2020/ww18iia/gamecenter/playbyplay/14875/1-tpe-vs-ned,https://www.iihf.com//pdf/887/ihw887901_77a_3_0
2,TPE,7,Shot,-76.0383038487012,5.163179728523424,TPE,NED,https://www.iihf.com//en/events/2020/ww18iia/gamecenter/playbyplay/14875/1-tpe-vs-ned,https://www.iihf.com//pdf/887/ihw887901_77a_3_0
2,TPE,21,Miss,-82.54237852454287,6.8951685551407,TPE,NED,https://www.iihf.com//en/events/2020/ww18iia/gamecenter/playbyplay/14875/1-tpe-vs-ned,https://www.iihf.com//pdf/887/ihw887901_77a_3_0
2,TPE,3,Miss,-53.76358207459366,12.003687522634365,TPE,NED,https://www.iihf.com//en/events/2020/ww18iia/gamecenter/playbyplay/14875/1-tpe-vs-ned,https://www.iihf.com//pdf/887/ihw887901_77a_3_0
2,TPE,10,Shot,-56.87981789901557,-40.214049485604576,TPE,NED,https://www.iihf.com//en/events/2020/ww18iia/gamecenter/playbyplay/14875/1-tpe-vs-ned,https://www.iihf.com//pdf/887/ihw887901_77a_3_0
3,TPE,7,Shot,75.32130305587972,-1.1492604126186876,TPE,NED,https://www.iihf.com//en/events/2020/ww18iia/gamecenter/playbyplay/14875/1-tpe-vs-ned,https://www.iihf.com//pdf/887/ihw887901_77a_3_0
3,TPE,7,Miss,75.07494914168996,20.993856983439628,TPE,NED,https://www.iihf.com//en/events/2020/ww18iia/gamecenter/playbyplay/14875/1-tpe-vs-ned,https://www.iihf.com//pdf/887/ihw887901_77a_3_0
3,TPE,3,Miss,34.37219512020317,42.34306457626212,TPE,NED,https://www.iihf.com//en/events/2020/ww18iia/gamecenter/playbyplay/14875/1-tpe-vs-ned,https://www.iihf.com//pdf/887/ihw887901_77a_3_0
3,TPE,3,Shot,29.317692790665134,43.466745842210614,TPE,NED,https://www.iihf.com//en/events/2020/ww18iia/gamecenter/playbyplay/14875/1-tpe-vs-ned,https://www.iihf.com//pdf/887/ihw887901_77a_3_0
3,TPE,21,Shot,49.314659932067144,-11.215923451212063,TPE,NED,https://www.iihf.com//en/events/2020/ww18iia/gamecenter/playbyplay/14875/1-tpe-vs-ned,https://www.iihf.com//pdf/887/ihw887901_77a_3_0
3,TPE,19,Shot,78.97660032231892,1.5261681825476288,TPE,NED,https://www.iihf.com//en/events/2020/ww18iia/gamecenter/playbyplay/14875/1-tpe-vs-ned,https://www.iihf.com//pdf/887/ihw887901_77a_3_0
3,TPE,10,Shot,78.81181783728681,0.9667495901882361,TPE,NED,https://www.iihf.com//en/events/2020/ww18iia/gamecenter/playbyplay/14875/1-tpe-vs-ned,https://www.iihf.com//pdf/887/ihw887901_77a_3_0
3,TPE,3,Shot,74.56860052993096,5.922590082294221,TPE,NED,https://www.iihf.com//en/events/2020/ww18iia/gamecenter/playbyplay/14875/1-tpe-vs-ned,https://www.iihf.com//pdf/887/ihw887901_77a_3_0
3,TPE,14,Shot,70.60534948445797,-7.018636963808582,TPE,NED,https://www.iihf.com//en/events/2020/ww18iia/gamecenter/playbyplay/14875/1-tpe-vs-ned,https://www.iihf.com//pdf/887/ihw887901_77a_3_0
3,TPE,21,Miss,43.55902361408107,-9.695641241260574,TPE,NED,https://www.iihf.com//en/events/2020/ww18iia/gamecenter/playbyplay/14875/1-tpe-vs-ned,https://www.iihf.com//pdf/887/ihw887901_77a_3_0
3,TPE,7,Shot,42.23712011889836,23.07596983562624,TPE,NED,https://www.iihf.com//en/events/2020/ww18iia/gamecenter/playbyplay/14875/1-tpe-vs-ned,https://www.iihf.com//pdf/887/ihw887901_77a_3_0
3,TPE,21,Shot,63.585333241934705,-14.454761225396062,TPE,NED,https://www.iihf.com//en/events/2020/ww18iia/gamecenter/playbyplay/14875/1-tpe-vs-ned,https://www.iihf.com//pdf/887/ihw887901_77a_3_0
3,TPE,21,Goal,83.5422092328532,-5.908015021151712,TPE,NED,https://www.iihf.com//en/events/2020/ww18iia/gamecenter/playbyplay/14875/1-tpe-vs-ned,https://www.iihf.com//pdf/887/ihw887901_77a_3_0
3,TPE,3,Shot,44.70894848475268,43.301033734003354,TPE,NED,https://www.iihf.com//en/events/2020/ww18iia/gamecenter/playbyplay/14875/1-tpe-vs-ned,https://www.iihf.com//pdf/887/ihw887901_77a_3_0
3,TPE,22,Miss,46.03085197993539,-38.67878687595157,TPE,NED,https://www.iihf.com//en/events/2020/ww18iia/gamecenter/playbyplay/14875/1-tpe-vs-ned,https://www.iihf.com//pdf/887/ihw887901_77a_3_0
3,TPE,10,Miss,54.20436839027647,-4.190173081142788,TPE,NED,https://www.iihf.com//en/events/2020/ww18iia/gamecenter/playbyplay/14875/1-tpe-vs-ned,https://www.iihf.com//pdf/887/ihw887901_77a_3_0
3,TPE,10,Goal,79.72449783108388,-3.628328166423202,TPE,NED,https://www.iihf.com//en/events/2020/ww18iia/gamecenter/playbyplay/14875/1-tpe-vs-ned,https://www.iihf.com//pdf/887/ihw887901_77a_3_0
3,TPE,8,Shot,51.92667638220249,-9.709422752266448,TPE,NED,https://www.iihf.com//en/events/2020/ww18iia/gamecenter/playbyplay/14875/1-tpe-vs-ned,https://www.iihf.com//pdf/887/ihw887901_77a_3_0
3,NED,4,Shot,-73.76600325208815,-0.7425060231625054,TPE,NED,https://www.iihf.com//en/events/2020/ww18iia/gamecenter/playbyplay/14875/1-tpe-vs-ned,https://www.iihf.com//pdf/887/ihw887901_77a_3_0
3,NED,13,Shot,-63.53899101459359,3.245591513836011,TPE,NED,https://www.iihf.com//en/events/2020/ww18iia/gamecenter/playbyplay/14875/1-tpe-vs-ned,https://www.iihf.com//pdf/887/ihw887901_77a_3_0
3,NED,8,Shot,-35.9305919966819,-3.628328166423202,TPE,NED,https://www.iihf.com//en/events/2020/ww18iia/gamecenter/playbyplay/14875/1-tpe-vs-ned,https://www.iihf.com//pdf/887/ihw887901_77a_3_0
3,NED,16,Shot,-78.17185103441037,0.007107697266917512,TPE,NED,https://www.iihf.com//en/events/2020/ww18iia/gamecenter/playbyplay/14875/1-tpe-vs-ned,https://www.iihf.com//pdf/887/ihw887901_77a_3_0
3,NED,8,Shot,-73.56829159716162,-3.99187118189284,TPE,NED,https://www.iihf.com//en/events/2020/ww18iia/gamecenter/playbyplay/14875/1-tpe-vs-ned,https://www.iihf.com//pdf/887/ihw887901_77a_3_0
3,NED,9,Shot,-80.62123700957935,-8.585744340814863,TPE,NED,https://www.iihf.com//en/events/2020/ww18iia/gamecenter/playbyplay/14875/1-tpe-vs-ned,https://www.iihf.com//pdf/887/ihw887901_77a_3_0
3,NED,16,Miss,-53.62304101511666,9.525341956544118,TPE,NED,https://www.iihf.com//en/events/2020/ww18iia/gamecenter/playbyplay/14875/1-tpe-vs-ned,https://www.iihf.com//pdf/887/ihw887901_77a_3_0
3,NED,4,Miss,-58.30849069782913,21.169260108603154,TPE,NED,https://www.iihf.com//en/events/2020/ww18iia/gamecenter/playbyplay/14875/1-tpe-vs-ned,https://www.iihf.com//pdf/887/ihw887901_77a_3_0
3,NED,8,Miss,-51.65842661956632,-14.303295911188485,TPE,NED,https://www.iihf.com//en/events/2020/ww18iia/gamecenter/playbyplay/14875/1-tpe-vs-ned,https://www.iihf.com//pdf/887/ihw887901_77a_3_0
1,KAZ,3,Shot,50.70724955681587,-3.9261378274099243,KAZ,AUS,https://www.iihf.com//en/events/2020/ww18iia/gamecenter/playbyplay/14876/2-kaz-vs-aus,https://www.iihf.com//pdf/887/ihw887902_77a_4_0
1,KAZ,22,Shot,83.45883876882576,-7.944019185004009,KAZ,AUS,https://www.iihf.com//en/events/2020/ww18iia/gamecenter/playbyplay/14876/2-kaz-vs-aus,https://www.iihf.com//pdf/887/ihw887902_77a_4_0
1,KAZ,19,Miss,66.36577579202819,-14.071670615193973,KAZ,AUS,https://www.iihf.com//en/events/2020/ww18iia/gamecenter/playbyplay/14876/2-kaz-vs-aus,https://www.iihf.com//pdf/887/ihw887902_77a_4_0
1,KAZ,21,Shot,74.65472647774624,-0.07825888685528781,KAZ,AUS,https://www.iihf.com//en/events/2020/ww18iia/gamecenter/playbyplay/14876/2-kaz-vs-aus,https://www.iihf.com//pdf/887/ihw887902_77a_4_0
1,KAZ,21,Shot,55.34593571921138,1.83860428562096,KAZ,AUS,https://www.iihf.com//en/events/2020/ww18iia/gamecenter/playbyplay/14876/2-kaz-vs-aus,https://www.iihf.com//pdf/887/ihw887902_77a_4_0
1,KAZ,3,Shot,78.62239540631711,-5.446414328367624,KAZ,AUS,https://www.iihf.com//en/events/2020/ww18iia/gamecenter/playbyplay/14876/2-kaz-vs-aus,https://www.iihf.com//pdf/887/ihw887902_77a_4_0
1,KAZ,19,Miss,33.86947873707359,15.441195426167681,KAZ,AUS,https://www.iihf.com//en/events/2020/ww18iia/gamecenter/playbyplay/14876/2-kaz-vs-aus,https://www.iihf.com//pdf/887/ihw887902_77a_4_0
1,KAZ,7,Miss,69.3732610972032,-2.206845802978677,KAZ,AUS,https://www.iihf.com//en/events/2020/ww18iia/gamecenter/playbyplay/14876/2-kaz-vs-aus,https://www.iihf.com//pdf/887/ihw887902_77a_4_0
1,KAZ,3,Shot,71.37173833897285,0.3016803587754495,KAZ,AUS,https://www.iihf.com//en/events/2020/ww18iia/gamecenter/playbyplay/14876/2-kaz-vs-aus,https://www.iihf.com//pdf/887/ihw887902_77a_4_0
1,KAZ,18,Miss,50.117621571402566,8.335564815007132,KAZ,AUS,https://www.iihf.com//en/events/2020/ww18iia/gamecenter/playbyplay/14876/2-kaz-vs-aus,https://www.iihf.com//pdf/887/ihw887902_77a_4_0
1,AUS,2,Shot,-50.32529623589262,16.87609392501561,KAZ,AUS,https://www.iihf.com//en/events/2020/ww18iia/gamecenter/playbyplay/14876/2-kaz-vs-aus,https://www.iihf.com//pdf/887/ihw887902_77a_4_0
1,AUS,8,Shot,-28.712852712935444,-7.693411484662121,KAZ,AUS,https://www.iihf.com//en/events/2020/ww18iia/gamecenter/playbyplay/14876/2-kaz-vs-aus,https://www.iihf.com//pdf/887/ihw887902_77a_4_0
1,AUS,11,Shot,-53.10264171329895,6.630773634799148,KAZ,AUS,https://www.iihf.com//en/events/2020/ww18iia/gamecenter/playbyplay/14876/2-kaz-vs-aus,https://www.iihf.com//pdf/887/ihw887902_77a_4_0
1,AUS,2,Shot,-57.24445266274327,27.09004329436327,KAZ,AUS,https://www.iihf.com//en/events/2020/ww18iia/gamecenter/playbyplay/14876/2-kaz-vs-aus,https://www.iihf.com//pdf/887/ihw887902_77a_4_0
1,AUS,3,Miss,-56.92752648195396,-27.688676965057127,KAZ,AUS,https://www.iihf.com//en/events/2020/ww18iia/gamecenter/playbyplay/14876/2-kaz-vs-aus,https://www.iihf.com//pdf/887/ihw887902_77a_4_0
1,AUS,16,Miss,-35.0678636862621,18.6139344702663,KAZ,AUS,https://www.iihf.com//en/events/2020/ww18iia/gamecenter/playbyplay/14876/2-kaz-vs-aus,https://www.iihf.com//pdf/887/ihw887902_77a_4_0
1,AUS,8,Shot,-29.800460382074405,-23.854585244502175,KAZ,AUS,https://www.iihf.com//en/events/2020/ww18iia/gamecenter/playbyplay/14876/2-kaz-vs-aus,https://www.iihf.com//pdf/887/ihw887902_77a_4_0
1,AUS,11,Shot,-78.11775473905469,9.770469022848857,KAZ,AUS,https://www.iihf.com//en/events/2020/ww18iia/gamecenter/playbyplay/14876/2-kaz-vs-aus,https://www.iihf.com//pdf/887/ihw887902_77a_4_0
1,AUS,11,Shot,-66.8462205789221,-0.7392461877091634,KAZ,AUS,https://www.iihf.com//en/events/2020/ww18iia/gamecenter/playbyplay/14876/2-kaz-vs-aus,https://www.iihf.com//pdf/887/ihw887902_77a_4_0
1,AUS,17,Miss,-55.89748792864711,7.589205221037268,KAZ,AUS,https://www.iihf.com//en/events/2020/ww18iia/gamecenter/playbyplay/14876/2-kaz-vs-aus,https://www.iihf.com//pdf/887/ihw887902_77a_4_0
2,AUS,8,Miss,31.14232405527406,-9.907718942522614,KAZ,AUS,https://www.iihf.com//en/events/2020/ww18iia/gamecenter/playbyplay/14876/2-kaz-vs-aus,https://www.iihf.com//pdf/887/ihw887902_77a_4_0
2,AUS,5,Shot,49.35596941629163,9.213750784551515,KAZ,AUS,https://www.iihf.com//en/events/2020/ww18iia/gamecenter/playbyplay/14876/2-kaz-vs-aus,https://www.iihf.com//pdf/887/ihw887902_77a_4_0
2,AUS,11,Goal,72.40789133357751,7.576151606739444,KAZ,AUS,https://www.iihf.com//en/events/2020/ww18iia/gamecenter/playbyplay/14876/2-kaz-vs-aus,https://www.iihf.com//pdf/887/ihw887902_77a_4_0
2,AUS,21,Shot,32.14370329992795,-19.01557931028161,KAZ,AUS,https://www.iihf.com//en/events/2020/ww18iia/gamecenter/playbyplay/14876/2-kaz-vs-aus,https://www.iihf.com//pdf/887/ihw887902_77a_4_0
2,AUS,3,Shot,78.35873432122847,7.046271348242705,KAZ,AUS,https://www.iihf.com//en/events/2020/ww18iia/gamecenter/playbyplay/14876/2-kaz-vs-aus,https://www.iihf.com//pdf/887/ihw887902_77a_4_0
2,AUS,7,Shot,75.88692872796744,4.568291157754935,KAZ,AUS,https://www.iihf.com//en/events/2020/ww18iia/gamecenter/playbyplay/14876/2-kaz-vs-aus,https://www.iihf.com//pdf/887/ihw887902_77a_4_0
2,AUS,17,Shot,74.79095213079512,17.76843249016214,KAZ,AUS,https://www.iihf.com//en/events/2020/ww18iia/gamecenter/playbyplay/14876/2-kaz-vs-aus,https://www.iihf.com//pdf/887/ihw887902_77a_4_0
2,AUS,11,Miss,46.03085197993539,17.57013629990597,KAZ,AUS,https://www.iihf.com//en/events/2020/ww18iia/gamecenter/playbyplay/14876/2-kaz-vs-aus,https://www.iihf.com//pdf/887/ihw887902_77a_4_0
2,AUS,5,Shot,57.4635591690639,9.511200778929542,KAZ,AUS,https://www.iihf.com//en/events/2020/ww18iia/gamecenter/playbyplay/14876/2-kaz-vs-aus,https://www.iihf.com//pdf/887/ihw887902_77a_4_0
2,AUS,17,Shot,85.07377999443864,-6.655099657332727,KAZ,AUS,https://www.iihf.com//en/events/2020/ww18iia/gamecenter/playbyplay/14876/2-kaz-vs-aus,https://www.iihf.com//pdf/887/ihw887902_77a_4_0
2,AUS,5,Shot,76.84269446826545,-0.20380536926224835,KAZ,AUS,https://www.iihf.com//en/events/2020/ww18iia/gamecenter/playbyplay/14876/2-kaz-vs-aus,https://www.iihf.com//pdf/887/ihw887902_77a_4_0
2,AUS,7,Shot,56.31005900124609,19.440536826433018,KAZ,AUS,https://www.iihf.com//en/events/2020/ww18iia/gamecenter/playbyplay/14876/2-kaz-vs-aus,https://www.iihf.com//pdf/887/ihw887902_77a_4_0
2,AUS,16,Shot,74.79095213079512,0.7672430932488723,KAZ,AUS,https://www.iihf.com//en/events/2020/ww18iia/gamecenter/playbyplay/14876/2-kaz-vs-aus,https://www.iihf.com//pdf/887/ihw887902_77a_4_0
2,AUS,14,Shot,68.72674717375645,-27.806727538619555,KAZ,AUS,https://www.iihf.com//en/events/2020/ww18iia/gamecenter/playbyplay/14876/2-kaz-vs-aus,https://www.iihf.com//pdf/887/ihw887902_77a_4_0
2,AUS,5,Miss,52.070462536223005,-7.24485584268519,KAZ,AUS,https://www.iihf.com//en/events/2020/ww18iia/gamecenter/playbyplay/14876/2-kaz-vs-aus,https://www.iihf.com//pdf/887/ihw887902_77a_4_0
2,AUS,11,Shot,71.19857553961074,5.176598718423719,KAZ,AUS,https://www.iihf.com//en/events/2020/ww18iia/gamecenter/playbyplay/14876/2-kaz-vs-aus,https://www.iihf.com//pdf/887/ihw887902_77a_4_0
2,KAZ,4,Shot,-60.050559925472356,4.774714100669286,KAZ,AUS,https://www.iihf.com//en/events/2020/ww18iia/gamecenter/playbyplay/14876/2-kaz-vs-aus,https://www.iihf.com//pdf/887/ihw887902_77a_4_0
2,KAZ,21,Shot,-69.48283142980848,8.21714601134535,KAZ,AUS,https://www.iihf.com//en/events/2020/ww18iia/gamecenter/playbyplay/14876/2-kaz-vs-aus,https://www.iihf.com//pdf/887/ihw887902_77a_4_0
2,KAZ,2,Shot,-72.99824804197601,3.8215718971763835,KAZ,AUS,https://www.iihf.com//en/events/2020/ww18iia/gamecenter/playbyplay/14876/2-kaz-vs-aus,https://www.iihf.com//pdf/887/ihw887902_77a_4_0
2,KAZ,22,Shot,-21.11446953237983,38.52393898292419,KAZ,AUS,https://www.iihf.com//en/events/2020/ww18iia/gamecenter/playbyplay/14876/2-kaz-vs-aus,https://www.iihf.com//pdf/887/ihw887902_77a_4_0
2,KAZ,2,Shot,-72.04247091538137,-0.5385350930803909,KAZ,AUS,https://www.iihf.com//en/events/2020/ww18iia/gamecenter/playbyplay/14876/2-kaz-vs-aus,https://www.iihf.com//pdf/887/ihw887902_77a_4_0
2,KAZ,2,Shot,-42.38053052512965,29.765374836635175,KAZ,AUS,https://www.iihf.com//en/events/2020/ww18iia/gamecenter/playbyplay/14876/2-kaz-vs-aus,https://www.iihf.com//pdf/887/ihw887902_77a_4_0
2,KAZ,7,Goal,-68.44405958697567,0.5562558098004615,KAZ,AUS,https://www.iihf.com//en/events/2020/ww18iia/gamecenter/playbyplay/14876/2-kaz-vs-aus,https://www.iihf.com//pdf/887/ihw887902_77a_4_0
2,KAZ,12,Shot,-75.89017382251099,-14.289514400182597,KAZ,AUS,https://www.iihf.com//en/events/2020/ww18iia/gamecenter/playbyplay/14876/2-kaz-vs-aus,https://www.iihf.com//pdf/887/ihw887902_77a_4_0
2,KAZ,7,Shot,-66.15099607843229,-1.31450723783216,KAZ,AUS,https://www.iihf.com//en/events/2020/ww18iia/gamecenter/playbyplay/14876/2-kaz-vs-aus,https://www.iihf.com//pdf/887/ihw887902_77a_4_0
2,KAZ,14,Shot,-39.970985201918054,15.454971228179787,KAZ,AUS,https://www.iihf.com//en/events/2020/ww18iia/gamecenter/playbyplay/14876/2-kaz-vs-aus,https://www.iihf.com//pdf/887/ihw887902_77a_4_0
2,KAZ,22,Miss,-52.102799618692,-33.359037992773494,KAZ,AUS,https://www.iihf.com//en/events/2020/ww18iia/gamecenter/playbyplay/14876/2-kaz-vs-aus,https://www.iihf.com//pdf/887/ihw887902_77a_4_0
2,KAZ,18,Shot,-47.391525815190924,-8.585744340814863,KAZ,AUS,https://www.iihf.com//en/events/2020/ww18iia/gamecenter/playbyplay/14876/2-kaz-vs-aus,https://www.iihf.com//pdf/887/ihw887902_77a_4_0
2,KAZ,2,Shot,-53.98164104162304,10.89535488648675,KAZ,AUS,https://www.iihf.com//en/events/2020/ww18iia/gamecenter/playbyplay/14876/2-kaz-vs-aus,https://www.iihf.com//pdf/887/ihw887902_77a_4_0
3,KAZ,4,Shot,68.86693525803747,0.7777590598076287,KAZ,AUS,https://www.iihf.com//en/events/2020/ww18iia/gamecenter/playbyplay/14876/2-kaz-vs-aus,https://www.iihf.com//pdf/887/ihw887902_77a_4_0
3,KAZ,7,Shot,64.6812870665137,-6.4695173962439725,KAZ,AUS,https://www.iihf.com//en/events/2020/ww18iia/gamecenter/playbyplay/14876/2-kaz-vs-aus,https://www.iihf.com//pdf/887/ihw887902_77a_4_0
3,KAZ,23,Shot,53.137768438445704,7.641165628004977,KAZ,AUS,https://www.iihf.com//en/events/2020/ww18iia/gamecenter/playbyplay/14876/2-kaz-vs-aus,https://www.iihf.com//pdf/887/ihw887902_77a_4_0
3,KAZ,19,Miss,50.57901708401104,-4.753827746893386,KAZ,AUS,https://www.iihf.com//en/events/2020/ww18iia/gamecenter/playbyplay/14876/2-kaz-vs-aus,https://www.iihf.com//pdf/887/ihw887902_77a_4_0
3,KAZ,12,Shot,78.02083458202091,7.853602995875718,KAZ,AUS,https://www.iihf.com//en/events/2020/ww18iia/gamecenter/playbyplay/14876/2-kaz-vs-aus,https://www.iihf.com//pdf/887/ihw887902_77a_4_0
3,KAZ,2,Shot,37.68895501482271,14.49653964194166,KAZ,AUS,https://www.iihf.com//en/events/2020/ww18iia/gamecenter/playbyplay/14876/2-kaz-vs-aus,https://www.iihf.com//pdf/887/ihw887902_77a_4_0
3,KAZ,7,Goal,77.39285754951061,0.19271850332462037,KAZ,AUS,https://www.iihf.com//en/events/2020/ww18iia/gamecenter/playbyplay/14876/2-kaz-vs-aus,https://www.iihf.com//pdf/887/ihw887902_77a_4_0
3,KAZ,4,Shot,39.40275206789886,-20.37145962610036,KAZ,AUS,https://www.iihf.com//en/events/2020/ww18iia/gamecenter/playbyplay/14876/2-kaz-vs-aus,https://www.iihf.com//pdf/887/ihw887902_77a_4_0
3,KAZ,4,Shot,61.64920736058764,-7.418494888768031,KAZ,AUS,https://www.iihf.com//en/events/2020/ww18iia/gamecenter/playbyplay/14876/2-kaz-vs-aus,https://www.iihf.com//pdf/887/ihw887902_77a_4_0
3,KAZ,21,Shot,57.685910769928086,8.977284261824202,KAZ,AUS,https://www.iihf.com//en/events/2020/ww18iia/gamecenter/playbyplay/14876/2-kaz-vs-aus,https://www.iihf.com//pdf/887/ihw887902_77a_4_0
3,KAZ,21,Shot,66.81521569316047,-8.571962829808982,KAZ,AUS,https://www.iihf.com//en/events/2020/ww18iia/gamecenter/playbyplay/14876/2-kaz-vs-aus,https://www.iihf.com//pdf/887/ihw887902_77a_4_0
3,KAZ,18,Shot,56.36760534448487,18.118196849122782,KAZ,AUS,https://www.iihf.com//en/events/2020/ww18iia/gamecenter/playbyplay/14876/2-kaz-vs-aus,https://www.iihf.com//pdf/887/ihw887902_77a_4_0
3,KAZ,18,Shot,39.26256398361784,28.991457929647325,KAZ,AUS,https://www.iihf.com//en/events/2020/ww18iia/gamecenter/playbyplay/14876/2-kaz-vs-aus,https://www.iihf.com//pdf/887/ihw887902_77a_4_0
3,KAZ,23,Miss,28.728076191548496,-2.8685581460437177,KAZ,AUS,https://www.iihf.com//en/events/2020/ww18iia/gamecenter/playbyplay/14876/2-kaz-vs-aus,https://www.iihf.com//pdf/887/ihw887902_77a_4_0
3,KAZ,21,Shot,51.62170581288939,-7.415229344320906,KAZ,AUS,https://www.iihf.com//en/events/2020/ww18iia/gamecenter/playbyplay/14876/2-kaz-vs-aus,https://www.iihf.com//pdf/887/ihw887902_77a_4_0
3,KAZ,7,Miss,55.10231451621621,25.356381732565907,KAZ,AUS,https://www.iihf.com//en/events/2020/ww18iia/gamecenter/playbyplay/14876/2-kaz-vs-aus,https://www.iihf.com//pdf/887/ihw887902_77a_4_0
3,AUS,18,Miss,-49.044087364915605,5.922955457896691,KAZ,AUS,https://www.iihf.com//en/events/2020/ww18iia/gamecenter/playbyplay/14876/2-kaz-vs-aus,https://www.iihf.com//pdf/887/ihw887902_77a_4_0
3,AUS,8,Miss,-29.047131609810222,-31.654246812565503,KAZ,AUS,https://www.iihf.com//en/events/2020/ww18iia/gamecenter/playbyplay/14876/2-kaz-vs-aus,https://www.iihf.com//pdf/887/ihw887902_77a_4_0
3,AUS,8,Goal,-29.29213055469934,-26.49852873892388,KAZ,AUS,https://www.iihf.com//en/events/2020/ww18iia/gamecenter/playbyplay/14876/2-kaz-vs-aus,https://www.iihf.com//pdf/887/ihw887902_77a_4_0
3,AUS,7,Miss,-73.53820330827982,-26.696470971565148,KAZ,AUS,https://www.iihf.com//en/events/2020/ww18iia/gamecenter/playbyplay/14876/2-kaz-vs-aus,https://www.iihf.com//pdf/887/ihw887902_77a_4_0
3,AUS,8,Miss,-32.63950820099461,-23.821530170465678,KAZ,AUS,https://www.iihf.com//en/events/2020/ww18iia/gamecenter/playbyplay/14876/2-kaz-vs-aus,https://www.iihf.com//pdf/887/ihw887902_77a_4_0
3,AUS,3,Shot,-64.99747313802116,1.7253150128783048,KAZ,AUS,https://www.iihf.com//en/events/2020/ww18iia/gamecenter/playbyplay/14876/2-kaz-vs-aus,https://www.iihf.com//pdf/887/ihw887902_77a_4_0
3,AUS,13,Shot,-58.03504878392329,21.55497114695426,KAZ,AUS,https://www.iihf.com//en/events/2020/ww18iia/gamecenter/playbyplay/14876/2-kaz-vs-aus,https://www.iihf.com//pdf/887/ihw887902_77a_4_0
3,AUS,7,Shot,-49.04595471756523,-8.18879229369385,KAZ,AUS,https://www.iihf.com//en/events/2020/ww18iia/gamecenter/playbyplay/14876/2-kaz-vs-aus,https://www.iihf.com//pdf/887/ihw887902_77a_4_0
3,AUS,17,Shot,-52.498165997061875,-8.175370449296643,KAZ,AUS,https://www.iihf.com//en/events/2020/ww18iia/gamecenter/playbyplay/14876/2-kaz-vs-aus,https://www.iihf.com//pdf/887/ihw887902_77a_4_0
3,AUS,7,Shot,-45.81609503893275,10.880734153393938,KAZ,AUS,https://www.iihf.com//en/events/2020/ww18iia/gamecenter/playbyplay/14876/2-kaz-vs-aus,https://www.iihf.com//pdf/887/ihw887902_77a_4_0
3,AUS,17,Miss,-39.15497486662861,-2.457824587916818,KAZ,AUS,https://www.iihf.com//en/events/2020/ww18iia/gamecenter/playbyplay/14876/2-kaz-vs-aus,https://www.iihf.com//pdf/887/ihw887902_77a_4_0
3,AUS,13,Shot,-49.10327333487116,21.55497114695426,KAZ,AUS,https://www.iihf.com//en/events/2020/ww18iia/gamecenter/playbyplay/14876/2-kaz-vs-aus,https://www.iihf.com//pdf/887/ihw887902_77a_4_0
3,AUS,5,Miss,-38.18074055317403,-7.443300466779867,KAZ,AUS,https://www.iihf.com//en/events/2020/ww18iia/gamecenter/playbyplay/14876/2-kaz-vs-aus,https://www.iihf.com//pdf/887/ihw887902_77a_4_0
4,AUS,8,Shot,-64.83450107415548,-20.21914367181826,KAZ,AUS,https://www.iihf.com//en/events/2020/ww18iia/gamecenter/playbyplay/14876/2-kaz-vs-aus,https://www.iihf.com//pdf/887/ihw887902_77a_4_0
4,AUS,3,Shot,-67.46930150387547,0.20504422091438812,KAZ,AUS,https://www.iihf.com//en/events/2020/ww18iia/gamecenter/playbyplay/14876/2-kaz-vs-aus,https://www.iihf.com//pdf/887/ihw887902_77a_4_0
4,AUS,11,Goal,-70.06209788527572,3.2466762226558643,KAZ,AUS,https://www.iihf.com//en/events/2020/ww18iia/gamecenter/playbyplay/14876/2-kaz-vs-aus,https://www.iihf.com//pdf/887/ihw887902_77a_4_0
1,AUS,6,Shot,22.98981536224116,25.983960001768395,NED,AUS,https://www.iihf.com//en/events/2020/ww18iia/gamecenter/playbyplay/14877/3-ned-vs-aus,https://www.iihf.com//pdf/887/ihw887903_77a_3_0
1,AUS,17,Shot,23.014409762992216,11.059399968507705,NED,AUS,https://www.iihf.com//en/events/2020/ww18iia/gamecenter/playbyplay/14877/3-ned-vs-aus,https://www.iihf.com//pdf/887/ihw887903_77a_3_0
1,AUS,8,Shot,30.439584598999204,33.84972315441401,NED,AUS,https://www.iihf.com//en/events/2020/ww18iia/gamecenter/playbyplay/14877/3-ned-vs-aus,https://www.iihf.com//pdf/887/ihw887903_77a_3_0
1,AUS,18,Shot,51.325138330499584,29.057556659732725,NED,AUS,https://www.iihf.com//en/events/2020/ww18iia/gamecenter/playbyplay/14877/3-ned-vs-aus,https://www.iihf.com//pdf/887/ihw887903_77a_3_0
1,AUS,3,Shot,35.97515796174656,2.0227650072563392,NED,AUS,https://www.iihf.com//en/events/2020/ww18iia/gamecenter/playbyplay/14877/3-ned-vs-aus,https://www.iihf.com//pdf/887/ihw887903_77a_3_0
1,AUS,12,Shot,62.989921017826276,40.57198056017994,NED,AUS,https://www.iihf.com//en/events/2020/ww18iia/gamecenter/playbyplay/14877/3-ned-vs-aus,https://www.iihf.com//pdf/887/ihw887903_77a_3_0
1,AUS,5,Shot,29.086983648064262,-30.015914029051586,NED,AUS,https://www.iihf.com//en/events/2020/ww18iia/gamecenter/playbyplay/14877/3-ned-vs-aus,https://www.iihf.com//pdf/887/ihw887903_77a_3_0
1,NED,2,Shot,-76.26105396994792,5.308793324097607,NED,AUS,https://www.iihf.com//en/events/2020/ww18iia/gamecenter/playbyplay/14877/3-ned-vs-aus,https://www.iihf.com//pdf/887/ihw887903_77a_3_0
1,NED,8,Miss,-27.30035984165302,-41.89956710278196,NED,AUS,https://www.iihf.com//en/events/2020/ww18iia/gamecenter/playbyplay/14877/3-ned-vs-aus,https://www.iihf.com//pdf/887/ihw887903_77a_3_0
1,NED,16,Shot,-82.45634936024908,9.128749576031787,NED,AUS,https://www.iihf.com//en/events/2020/ww18iia/gamecenter/playbyplay/14877/3-ned-vs-aus,https://www.iihf.com//pdf/887/ihw887903_77a_3_0
1,NED,13,Miss,-61.17072101671653,-9.280797207605822,NED,AUS,https://www.iihf.com//en/events/2020/ww18iia/gamecenter/playbyplay/14877/3-ned-vs-aus,https://www.iihf.com//pdf/887/ihw887903_77a_3_0
1,NED,19,Miss,-68.25842879278842,-7.761508362573558,NED,AUS,https://www.iihf.com//en/events/2020/ww18iia/gamecenter/playbyplay/14877/3-ned-vs-aus,https://www.iihf.com//pdf/887/ihw887903_77a_3_0
1,NED,8,Shot,-62.329709379516764,-2.2072054695873717,NED,AUS,https://www.iihf.com//en/events/2020/ww18iia/gamecenter/playbyplay/14877/3-ned-vs-aus,https://www.iihf.com//pdf/887/ihw887903_77a_3_0
1,NED,2,Goal,-80.1360953753198,-0.4879134451561242,NED,AUS,https://www.iihf.com//en/events/2020/ww18iia/gamecenter/playbyplay/14877/3-ned-vs-aus,https://www.iihf.com//pdf/887/ihw887903_77a_3_0
1,NED,13,Shot,-78.99615059365665,4.501461676464594,NED,AUS,https://www.iihf.com//en/events/2020/ww18iia/gamecenter/playbyplay/14877/3-ned-vs-aus,https://www.iihf.com//pdf/887/ihw887903_77a_3_0
1,NED,14,Miss,-53.91677330964213,-10.81933107069974,NED,AUS,https://www.iihf.com//en/events/2020/ww18iia/gamecenter/playbyplay/14877/3-ned-vs-aus,https://www.iihf.com//pdf/887/ihw887903_77a_3_0
1,NED,11,Miss,-56.435433513593246,-20.007071679549995,NED,AUS,https://www.iihf.com//en/events/2020/ww18iia/gamecenter/playbyplay/14877/3-ned-vs-aus,https://www.iihf.com//pdf/887/ihw887903_77a_3_0
1,NED,19,Shot,-65.05685267501966,1.626532293352703,NED,AUS,https://www.iihf.com//en/events/2020/ww18iia/gamecenter/playbyplay/14877/3-ned-vs-aus,https://www.iihf.com//pdf/887/ihw887903_77a_3_0
1,NED,21,Shot,-77.68929978263733,15.454971228179787,NED,AUS,https://www.iihf.com//en/events/2020/ww18iia/gamecenter/playbyplay/14877/3-ned-vs-aus,https://www.iihf.com//pdf/887/ihw887903_77a_3_0
1,NED,8,Shot,-58.308866445618385,18.31649589387584,NED,AUS,https://www.iihf.com//en/events/2020/ww18iia/gamecenter/playbyplay/14877/3-ned-vs-aus,https://www.iihf.com//pdf/887/ihw887903_77a_3_0
1,NED,8,Shot,-66.35055231341516,18.118193994625884,NED,AUS,https://www.iihf.com//en/events/2020/ww18iia/gamecenter/playbyplay/14877/3-ned-vs-aus,https://www.iihf.com//pdf/887/ihw887903_77a_3_0
1,NED,2,Goal,-82.04763824221243,6.055877960278636,NED,AUS,https://www.iihf.com//en/events/2020/ww18iia/gamecenter/playbyplay/14877/3-ned-vs-aus,https://www.iihf.com//pdf/887/ihw887903_77a_3_0
1,NED,8,Miss,-56.92932551682372,-36.148971876359454,NED,AUS,https://www.iihf.com//en/events/2020/ww18iia/gamecenter/playbyplay/14877/3-ned-vs-aus,https://www.iihf.com//pdf/887/ihw887903_77a_3_0
1,NED,8,Miss,-57.12708271693684,-2.2072054695873717,NED,AUS,https://www.iihf.com//en/events/2020/ww18iia/gamecenter/playbyplay/14877/3-ned-vs-aus,https://www.iihf.com//pdf/887/ihw887903_77a_3_0
1,NED,7,Shot,-58.10932159693215,6.815659398645693,NED,AUS,https://www.iihf.com//en/events/2020/ww18iia/gamecenter/playbyplay/14877/3-ned-vs-aus,https://www.iihf.com//pdf/887/ihw887903_77a_3_0
1,NED,11,Shot,-72.15240560947927,3.953763648353366,NED,AUS,https://www.iihf.com//en/events/2020/ww18iia/gamecenter/playbyplay/14877/3-ned-vs-aus,https://www.iihf.com//pdf/887/ihw887903_77a_3_0
2,NED,2,Shot,63.92327852632886,0.7810246042547533,NED,AUS,https://www.iihf.com//en/events/2020/ww18iia/gamecenter/playbyplay/14877/3-ned-vs-aus,https://www.iihf.com//pdf/887/ihw887903_77a_3_0
2,NED,19,Shot,61.50901927630662,-7.988589299512263,NED,AUS,https://www.iihf.com//en/events/2020/ww18iia/gamecenter/playbyplay/14877/3-ned-vs-aus,https://www.iihf.com//pdf/887/ihw887903_77a_3_0
2,NED,21,Shot,59.037190910452324,33.400348271828406,NED,AUS,https://www.iihf.com//en/events/2020/ww18iia/gamecenter/playbyplay/14877/3-ned-vs-aus,https://www.iihf.com//pdf/887/ihw887903_77a_3_0
2,NED,16,Shot,56.56536254459803,-2.0750080094165924,NED,AUS,https://www.iihf.com//en/events/2020/ww18iia/gamecenter/playbyplay/14877/3-ned-vs-aus,https://www.iihf.com//pdf/887/ihw887903_77a_3_0
2,NED,4,Miss,47.6871026897727,-34.884601021979506,NED,AUS,https://www.iihf.com//en/events/2020/ww18iia/gamecenter/playbyplay/14877/3-ned-vs-aus,https://www.iihf.com//pdf/887/ihw887903_77a_3_0
2,NED,9,Shot,68.86693525803747,0.20540388752307592,NED,AUS,https://www.iihf.com//en/events/2020/ww18iia/gamecenter/playbyplay/14877/3-ned-vs-aus,https://www.iihf.com//pdf/887/ihw887903_77a_3_0
2,NED,13,Miss,69.59561269806738,7.046271348242705,NED,AUS,https://www.iihf.com//en/events/2020/ww18iia/gamecenter/playbyplay/14877/3-ned-vs-aus,https://www.iihf.com//pdf/887/ihw887903_77a_3_0
2,NED,19,Shot,49.314659932067144,13.359076864987287,NED,AUS,https://www.iihf.com//en/events/2020/ww18iia/gamecenter/playbyplay/14877/3-ned-vs-aus,https://www.iihf.com//pdf/887/ihw887903_77a_3_0
2,NED,8,Shot,28.922189776735536,1.7256803884807823,NED,AUS,https://www.iihf.com//en/events/2020/ww18iia/gamecenter/playbyplay/14877/3-ned-vs-aus,https://www.iihf.com//pdf/887/ihw887903_77a_3_0
2,NED,16,Shot,74.79095213079512,11.078667822544517,NED,AUS,https://www.iihf.com//en/events/2020/ww18iia/gamecenter/playbyplay/14877/3-ned-vs-aus,https://www.iihf.com//pdf/887/ihw887903_77a_3_0
2,NED,8,Shot,56.31005900124609,13.160780674731129,NED,AUS,https://www.iihf.com//en/events/2020/ww18iia/gamecenter/playbyplay/14877/3-ned-vs-aus,https://www.iihf.com//pdf/887/ihw887903_77a_3_0
2,NED,16,Shot,78.41630343706058,5.724659267640526,NED,AUS,https://www.iihf.com//en/events/2020/ww18iia/gamecenter/playbyplay/14877/3-ned-vs-aus,https://www.iihf.com//pdf/887/ihw887903_77a_3_0
2,NED,7,Shot,43.95089439938121,5.163179728523424,NED,AUS,https://www.iihf.com//en/events/2020/ww18iia/gamecenter/playbyplay/14877/3-ned-vs-aus,https://www.iihf.com//pdf/887/ihw887903_77a_3_0
2,NED,19,Shot,80.32788046284313,-3.99187118189284,NED,AUS,https://www.iihf.com//en/events/2020/ww18iia/gamecenter/playbyplay/14877/3-ned-vs-aus,https://www.iihf.com//pdf/887/ihw887903_77a_3_0
2,NED,16,Miss,64.48717348132666,4.567928636649349,NED,AUS,https://www.iihf.com//en/events/2020/ww18iia/gamecenter/playbyplay/14877/3-ned-vs-aus,https://www.iihf.com//pdf/887/ihw887903_77a_3_0
2,NED,8,Shot,73.81059198974609,18.5147892296351,NED,AUS,https://www.iihf.com//en/events/2020/ww18iia/gamecenter/playbyplay/14877/3-ned-vs-aus,https://www.iihf.com//pdf/887/ihw887903_77a_3_0
2,NED,8,Miss,79.62311424576563,16.961466218131605,NED,AUS,https://www.iihf.com//en/events/2020/ww18iia/gamecenter/playbyplay/14877/3-ned-vs-aus,https://www.iihf.com//pdf/887/ihw887903_77a_3_0
2,AUS,8,Miss,-42.16428197926665,-38.330224260183456,NED,AUS,https://www.iihf.com//en/events/2020/ww18iia/gamecenter/playbyplay/14877/3-ned-vs-aus,https://www.iihf.com//pdf/887/ihw887903_77a_3_0
2,AUS,17,Shot,-70.55898448452356,-39.07900446751971,NED,AUS,https://www.iihf.com//en/events/2020/ww18iia/gamecenter/playbyplay/14877/3-ned-vs-aus,https://www.iihf.com//pdf/887/ihw887903_77a_3_0
2,AUS,7,Shot,-75.47802404288785,23.637814750345825,NED,AUS,https://www.iihf.com//en/events/2020/ww18iia/gamecenter/playbyplay/14877/3-ned-vs-aus,https://www.iihf.com//pdf/887/ihw887903_77a_3_0
2,AUS,7,Miss,-49.940484954511746,-4.388103895796476,NED,AUS,https://www.iihf.com//en/events/2020/ww18iia/gamecenter/playbyplay/14877/3-ned-vs-aus,https://www.iihf.com//pdf/887/ihw887903_77a_3_0
2,AUS,7,Shot,-76.23604966251769,-2.4712407233202285,NED,AUS,https://www.iihf.com//en/events/2020/ww18iia/gamecenter/playbyplay/14877/3-ned-vs-aus,https://www.iihf.com//pdf/887/ihw887903_77a_3_0
2,AUS,8,Shot,-81.74179662120606,-7.032418474814456,NED,AUS,https://www.iihf.com//en/events/2020/ww18iia/gamecenter/playbyplay/14877/3-ned-vs-aus,https://www.iihf.com//pdf/887/ihw887903_77a_3_0
2,AUS,5,Shot,-70.73826172518346,-0.9654764845733581,NED,AUS,https://www.iihf.com//en/events/2020/ww18iia/gamecenter/playbyplay/14877/3-ned-vs-aus,https://www.iihf.com//pdf/887/ihw887903_77a_3_0
3,AUS,17,Shot,49.61129573223684,30.624661182242107,NED,AUS,https://www.iihf.com//en/events/2020/ww18iia/gamecenter/playbyplay/14877/3-ned-vs-aus,https://www.iihf.com//pdf/887/ihw887903_77a_3_0
3,AUS,8,Miss,49.69751277042528,21.786682077855588,NED,AUS,https://www.iihf.com//en/events/2020/ww18iia/gamecenter/playbyplay/14877/3-ned-vs-aus,https://www.iihf.com//pdf/887/ihw887903_77a_3_0
3,AUS,8,Shot,47.44443793569562,27.900828883238432,NED,AUS,https://www.iihf.com//en/events/2020/ww18iia/gamecenter/playbyplay/14877/3-ned-vs-aus,https://www.iihf.com//pdf/887/ihw887903_77a_3_0
3,AUS,8,Shot,43.81908662943022,25.22382175128955,NED,AUS,https://www.iihf.com//en/events/2020/ww18iia/gamecenter/playbyplay/14877/3-ned-vs-aus,https://www.iihf.com//pdf/887/ihw887903_77a_3_0
3,AUS,5,Shot,45.33514925498653,-21.39001833492091,NED,AUS,https://www.iihf.com//en/events/2020/ww18iia/gamecenter/playbyplay/14877/3-ned-vs-aus,https://www.iihf.com//pdf/887/ihw887903_77a_3_0
3,AUS,5,Shot,67.71341231762634,-14.282218306120654,NED,AUS,https://www.iihf.com//en/events/2020/ww18iia/gamecenter/playbyplay/14877/3-ned-vs-aus,https://www.iihf.com//pdf/887/ihw887903_77a_3_0
3,AUS,3,Shot,69.26242688567041,14.482392755333294,NED,AUS,https://www.iihf.com//en/events/2020/ww18iia/gamecenter/playbyplay/14877/3-ned-vs-aus,https://www.iihf.com//pdf/887/ihw887903_77a_3_0
3,AUS,8,Shot,41.149501063462765,9.293999255742158,NED,AUS,https://www.iihf.com//en/events/2020/ww18iia/gamecenter/playbyplay/14877/3-ned-vs-aus,https://www.iihf.com//pdf/887/ihw887903_77a_3_0
3,AUS,4,Miss,64.59438685052666,-13.10299709409896,NED,AUS,https://www.iihf.com//en/events/2020/ww18iia/gamecenter/playbyplay/14877/3-ned-vs-aus,https://www.iihf.com//pdf/887/ihw887903_77a_3_0
3,AUS,17,Shot,66.4197012929342,12.579670760471629,NED,AUS,https://www.iihf.com//en/events/2020/ww18iia/gamecenter/playbyplay/14877/3-ned-vs-aus,https://www.iihf.com//pdf/887/ihw887903_77a_3_0
3,AUS,18,Shot,68.92450437386958,8.335564815007132,NED,AUS,https://www.iihf.com//en/events/2020/ww18iia/gamecenter/playbyplay/14877/3-ned-vs-aus,https://www.iihf.com//pdf/887/ihw887903_77a_3_0
3,NED,16,Miss,-65.38893970979046,6.815291168546324,NED,AUS,https://www.iihf.com//en/events/2020/ww18iia/gamecenter/playbyplay/14877/3-ned-vs-aus,https://www.iihf.com//pdf/887/ihw887903_77a_3_0
3,NED,19,Shot,-61.036009741121276,-22.535299578868873,NED,AUS,https://www.iihf.com//en/events/2020/ww18iia/gamecenter/playbyplay/14877/3-ned-vs-aus,https://www.iihf.com//pdf/887/ihw887903_77a_3_0
3,NED,7,Shot,-77.059996246568,14.681419696794414,NED,AUS,https://www.iihf.com//en/events/2020/ww18iia/gamecenter/playbyplay/14877/3-ned-vs-aus,https://www.iihf.com//pdf/887/ihw887903_77a_3_0
3,NED,4,Shot,-42.81368802206097,31.381533888273836,NED,AUS,https://www.iihf.com//en/events/2020/ww18iia/gamecenter/playbyplay/14877/3-ned-vs-aus,https://www.iihf.com//pdf/887/ihw887903_77a_3_0
3,NED,8,Shot,-81.24743208666486,-14.071670615193973,NED,AUS,https://www.iihf.com//en/events/2020/ww18iia/gamecenter/playbyplay/14877/3-ned-vs-aus,https://www.iihf.com//pdf/887/ihw887903_77a_3_0
3,NED,16,Shot,-68.68002919862609,18.31649303937894,NED,AUS,https://www.iihf.com//en/events/2020/ww18iia/gamecenter/playbyplay/14877/3-ned-vs-aus,https://www.iihf.com//pdf/887/ihw887903_77a_3_0
3,NED,13,Shot,-67.3291248058911,-5.645606830648617,NED,AUS,https://www.iihf.com//en/events/2020/ww18iia/gamecenter/playbyplay/14877/3-ned-vs-aus,https://www.iihf.com//pdf/887/ihw887903_77a_3_0
1,TPE,7,Shot,83.79678405321991,6.617357499395737,KAZ,TPE,https://www.iihf.com//en/events/2020/ww18iia/gamecenter/playbyplay/14878/4-kaz-vs-tpe,https://www.iihf.com//pdf/887/ihw887904_77a_3_0
1,TPE,21,Miss,52.22691025211168,27.352762625027836,KAZ,TPE,https://www.iihf.com//en/events/2020/ww18iia/gamecenter/playbyplay/14878/4-kaz-vs-tpe,https://www.iihf.com//pdf/887/ihw887904_77a_3_0
1,TPE,10,Shot,58.97128702547681,30.77612649644969,KAZ,TPE,https://www.iihf.com//en/events/2020/ww18iia/gamecenter/playbyplay/14878/4-kaz-vs-tpe,https://www.iihf.com//pdf/887/ihw887904_77a_3_0
1,TPE,2,Shot,75.95283261294296,-45.32144663581876,KAZ,TPE,https://www.iihf.com//en/events/2020/ww18iia/gamecenter/playbyplay/14878/4-kaz-vs-tpe,https://www.iihf.com//pdf/887/ihw887904_77a_3_0
1,TPE,3,Miss,38.5907724816214,0.10589612578630891,KAZ,TPE,https://www.iihf.com//en/events/2020/ww18iia/gamecenter/playbyplay/14878/4-kaz-vs-tpe,https://www.iihf.com//pdf/887/ihw887904_77a_3_0
1,TPE,10,Miss,58.91731597938423,26.744095397750357,KAZ,TPE,https://www.iihf.com//en/events/2020/ww18iia/gamecenter/playbyplay/14878/4-kaz-vs-tpe,https://www.iihf.com//pdf/887/ihw887904_77a_3_0
1,TPE,7,Miss,51.97158393616647,24.265749831660102,KAZ,TPE,https://www.iihf.com//en/events/2020/ww18iia/gamecenter/playbyplay/14878/4-kaz-vs-tpe,https://www.iihf.com//pdf/887/ihw887904_77a_3_0
1,TPE,8,Shot,71.17398113885969,24.067093974795256,KAZ,TPE,https://www.iihf.com//en/events/2020/ww18iia/gamecenter/playbyplay/14878/4-kaz-vs-tpe,https://www.iihf.com//pdf/887/ihw887904_77a_3_0
1,TPE,8,Shot,67.15311543236803,19.671517006129392,KAZ,TPE,https://www.iihf.com//en/events/2020/ww18iia/gamecenter/playbyplay/14878/4-kaz-vs-tpe,https://www.iihf.com//pdf/887/ihw887904_77a_3_0
1,TPE,10,Shot,59.16899868040335,-13.311814959907657,KAZ,TPE,https://www.iihf.com//en/events/2020/ww18iia/gamecenter/playbyplay/14878/4-kaz-vs-tpe,https://www.iihf.com//pdf/887/ihw887904_77a_3_0
1,TPE,16,Shot,69.4847784865346,31.37101506721818,KAZ,TPE,https://www.iihf.com//en/events/2020/ww18iia/gamecenter/playbyplay/14878/4-kaz-vs-tpe,https://www.iihf.com//pdf/887/ihw887904_77a_3_0
1,TPE,21,Goal,78.27438463568967,3.180577492570478,KAZ,TPE,https://www.iihf.com//en/events/2020/ww18iia/gamecenter/playbyplay/14878/4-kaz-vs-tpe,https://www.iihf.com//pdf/887/ihw887904_77a_3_0
1,TPE,8,Shot,75.95283261294296,-0.0920403978611688,KAZ,TPE,https://www.iihf.com//en/events/2020/ww18iia/gamecenter/playbyplay/14878/4-kaz-vs-tpe,https://www.iihf.com//pdf/887/ihw887904_77a_3_0
1,KAZ,2,Shot,-60.408397070103575,8.34934632601302,KAZ,TPE,https://www.iihf.com//en/events/2020/ww18iia/gamecenter/playbyplay/14878/4-kaz-vs-tpe,https://www.iihf.com//pdf/887/ihw887904_77a_3_0
1,KAZ,14,Miss,-52.202964870269334,17.37184010964981,KAZ,TPE,https://www.iihf.com//en/events/2020/ww18iia/gamecenter/playbyplay/14878/4-kaz-vs-tpe,https://www.iihf.com//pdf/887/ihw887904_77a_3_0
1,KAZ,23,Shot,-46.4998649249987,-35.39009245901099,KAZ,TPE,https://www.iihf.com//en/events/2020/ww18iia/gamecenter/playbyplay/14878/4-kaz-vs-tpe,https://www.iihf.com//pdf/887/ihw887904_77a_3_0
1,KAZ,23,Shot,-43.632544931511426,31.370655400609493,KAZ,TPE,https://www.iihf.com//en/events/2020/ww18iia/gamecenter/playbyplay/14878/4-kaz-vs-tpe,https://www.iihf.com//pdf/887/ihw887904_77a_3_0
1,KAZ,2,Goal,-80.1360953753198,2.9822813023143127,KAZ,TPE,https://www.iihf.com//en/events/2020/ww18iia/gamecenter/playbyplay/14878/4-kaz-vs-tpe,https://www.iihf.com//pdf/887/ihw887904_77a_3_0
1,KAZ,22,Shot,-73.25355727847628,5.308793324097607,KAZ,TPE,https://www.iihf.com//en/events/2020/ww18iia/gamecenter/playbyplay/14878/4-kaz-vs-tpe,https://www.iihf.com//pdf/887/ihw887904_77a_3_0
1,KAZ,5,Miss,-68.04041537094561,-0.6680264901953308,KAZ,TPE,https://www.iihf.com//en/events/2020/ww18iia/gamecenter/playbyplay/14878/4-kaz-vs-tpe,https://www.iihf.com//pdf/887/ihw887904_77a_3_0
1,KAZ,22,Miss,-73.02753359694441,1.2767650798951635,KAZ,TPE,https://www.iihf.com//en/events/2020/ww18iia/gamecenter/playbyplay/14878/4-kaz-vs-tpe,https://www.iihf.com//pdf/887/ihw887904_77a_3_0
1,KAZ,5,Shot,-70.3757334263349,-3.179789651427633,KAZ,TPE,https://www.iihf.com//en/events/2020/ww18iia/gamecenter/playbyplay/14878/4-kaz-vs-tpe,https://www.iihf.com//pdf/887/ihw887904_77a_3_0
2,KAZ,3,Shot,58.58410739439398,30.710872697445026,KAZ,TPE,https://www.iihf.com//en/events/2020/ww18iia/gamecenter/playbyplay/14878/4-kaz-vs-tpe,https://www.iihf.com//pdf/887/ihw887904_77a_3_0
2,KAZ,14,Miss,67.32258907161741,-36.39957957670131,KAZ,TPE,https://www.iihf.com//en/events/2020/ww18iia/gamecenter/playbyplay/14878/4-kaz-vs-tpe,https://www.iihf.com//pdf/887/ihw887904_77a_3_0
2,KAZ,4,Shot,38.05147192737462,3.4547690462534106,KAZ,TPE,https://www.iihf.com//en/events/2020/ww18iia/gamecenter/playbyplay/14878/4-kaz-vs-tpe,https://www.iihf.com//pdf/887/ihw887904_77a_3_0
2,KAZ,5,Shot,49.454848016348166,-28.79308752247192,KAZ,TPE,https://www.iihf.com//en/events/2020/ww18iia/gamecenter/playbyplay/14878/4-kaz-vs-tpe,https://www.iihf.com//pdf/887/ihw887904_77a_3_0
2,KAZ,22,Shot,68.72674717375645,-21.130755799995384,KAZ,TPE,https://www.iihf.com//en/events/2020/ww18iia/gamecenter/playbyplay/14878/4-kaz-vs-tpe,https://www.iihf.com//pdf/887/ihw887904_77a_3_0
2,KAZ,12,Shot,77.65426414786373,-0.9375480869591186,KAZ,TPE,https://www.iihf.com//en/events/2020/ww18iia/gamecenter/playbyplay/14878/4-kaz-vs-tpe,https://www.iihf.com//pdf/887/ihw887904_77a_3_0
2,KAZ,21,Miss,72.0674410639217,-16.569920588128483,KAZ,TPE,https://www.iihf.com//en/events/2020/ww18iia/gamecenter/playbyplay/14878/4-kaz-vs-tpe,https://www.iihf.com//pdf/887/ihw887904_77a_3_0
2,KAZ,21,Shot,51.423971385369555,-15.413198520627972,KAZ,TPE,https://www.iihf.com//en/events/2020/ww18iia/gamecenter/playbyplay/14878/4-kaz-vs-tpe,https://www.iihf.com//pdf/887/ihw887904_77a_3_0
2,KAZ,12,Shot,77.09879505238246,2.3013011052124597,KAZ,TPE,https://www.iihf.com//en/events/2020/ww18iia/gamecenter/playbyplay/14878/4-kaz-vs-tpe,https://www.iihf.com//pdf/887/ihw887904_77a_3_0
2,KAZ,21,Goal,78.80168403327363,-6.272026174112007,KAZ,TPE,https://www.iihf.com//en/events/2020/ww18iia/gamecenter/playbyplay/14878/4-kaz-vs-tpe,https://www.iihf.com//pdf/887/ihw887904_77a_3_0
2,KAZ,12,Shot,44.20622071532645,23.849527076005387,KAZ,TPE,https://www.iihf.com//en/events/2020/ww18iia/gamecenter/playbyplay/14878/4-kaz-vs-tpe,https://www.iihf.com//pdf/887/ihw887904_77a_3_0
2,KAZ,7,Shot,48.696793930976725,13.360138737831981,KAZ,TPE,https://www.iihf.com//en/events/2020/ww18iia/gamecenter/playbyplay/14878/4-kaz-vs-tpe,https://www.iihf.com//pdf/887/ihw887904_77a_3_0
2,KAZ,21,Shot,72.91239536528019,0.21918539852896401,KAZ,TPE,https://www.iihf.com//en/events/2020/ww18iia/gamecenter/playbyplay/14878/4-kaz-vs-tpe,https://www.iihf.com//pdf/887/ihw887904_77a_3_0
2,TPE,21,Shot,-61.67185470461259,-28.401621818381827,KAZ,TPE,https://www.iihf.com//en/events/2020/ww18iia/gamecenter/playbyplay/14878/4-kaz-vs-tpe,https://www.iihf.com//pdf/887/ihw887904_77a_3_0
2,TPE,8,Goal,-79.28895490500562,0.9667495901882361,KAZ,TPE,https://www.iihf.com//en/events/2020/ww18iia/gamecenter/playbyplay/14878/4-kaz-vs-tpe,https://www.iihf.com//pdf/887/ihw887904_77a_3_0
2,TPE,7,Shot,-86.88138874556476,12.79760018036707,KAZ,TPE,https://www.iihf.com//en/events/2020/ww18iia/gamecenter/playbyplay/14878/4-kaz-vs-tpe,https://www.iihf.com//pdf/887/ihw887904_77a_3_0
2,TPE,10,Shot,-87.69445572317173,8.599959735348683,KAZ,TPE,https://www.iihf.com//en/events/2020/ww18iia/gamecenter/playbyplay/14878/4-kaz-vs-tpe,https://www.iihf.com//pdf/887/ihw887904_77a_3_0
2,TPE,8,Shot,-70.14068610471267,19.836766685839763,KAZ,TPE,https://www.iihf.com//en/events/2020/ww18iia/gamecenter/playbyplay/14878/4-kaz-vs-tpe,https://www.iihf.com//pdf/887/ihw887904_77a_3_0
2,TPE,5,Miss,-39.89453760625019,-35.668360234259055,KAZ,TPE,https://www.iihf.com//en/events/2020/ww18iia/gamecenter/playbyplay/14878/4-kaz-vs-tpe,https://www.iihf.com//pdf/887/ihw887904_77a_3_0
2,TPE,8,Miss,-58.70904922746867,24.23233794551183,KAZ,TPE,https://www.iihf.com//en/events/2020/ww18iia/gamecenter/playbyplay/14878/4-kaz-vs-tpe,https://www.iihf.com//pdf/887/ihw887904_77a_3_0
2,TPE,3,Shot,-29.073581976914255,-24.21848792658048,KAZ,TPE,https://www.iihf.com//en/events/2020/ww18iia/gamecenter/playbyplay/14878/4-kaz-vs-tpe,https://www.iihf.com//pdf/887/ihw887904_77a_3_0
2,TPE,22,Shot,-31.792766251062986,19.850545342348752,KAZ,TPE,https://www.iihf.com//en/events/2020/ww18iia/gamecenter/playbyplay/14878/4-kaz-vs-tpe,https://www.iihf.com//pdf/887/ihw887904_77a_3_0
2,TPE,8,Shot,-83.25785355361405,-5.346900857637081,KAZ,TPE,https://www.iihf.com//en/events/2020/ww18iia/gamecenter/playbyplay/14878/4-kaz-vs-tpe,https://www.iihf.com//pdf/887/ihw887904_77a_3_0
2,TPE,22,Miss,-56.44980301995798,-23.047613263477842,KAZ,TPE,https://www.iihf.com//en/events/2020/ww18iia/gamecenter/playbyplay/14878/4-kaz-vs-tpe,https://www.iihf.com//pdf/887/ihw887904_77a_3_0
2,TPE,8,Shot,-61.01140395407358,-0.5547372174526686,KAZ,TPE,https://www.iihf.com//en/events/2020/ww18iia/gamecenter/playbyplay/14878/4-kaz-vs-tpe,https://www.iihf.com//pdf/887/ihw887904_77a_3_0
2,TPE,3,Shot,-61.40508516054014,12.598576093402855,KAZ,TPE,https://www.iihf.com//en/events/2020/ww18iia/gamecenter/playbyplay/14878/4-kaz-vs-tpe,https://www.iihf.com//pdf/887/ihw887904_77a_3_0
2,TPE,3,Shot,-57.97747966809119,16.200968301044057,KAZ,TPE,https://www.iihf.com//en/events/2020/ww18iia/gamecenter/playbyplay/14878/4-kaz-vs-tpe,https://www.iihf.com//pdf/887/ihw887904_77a_3_0
2,TPE,7,Miss,-78.08636841235548,-24.383009709582794,KAZ,TPE,https://www.iihf.com//en/events/2020/ww18iia/gamecenter/playbyplay/14878/4-kaz-vs-tpe,https://www.iihf.com//pdf/887/ihw887904_77a_3_0
2,TPE,8,Miss,-74.49578516289253,-31.81949363777896,KAZ,TPE,https://www.iihf.com//en/events/2020/ww18iia/gamecenter/playbyplay/14878/4-kaz-vs-tpe,https://www.iihf.com//pdf/887/ihw887904_77a_3_0
2,TPE,14,Shot,-48.902510152444016,-19.04862867532431,KAZ,TPE,https://www.iihf.com//en/events/2020/ww18iia/gamecenter/playbyplay/14878/4-kaz-vs-tpe,https://www.iihf.com//pdf/887/ihw887904_77a_3_0
3,TPE,2,Shot,58.419324909361904,39.481908140665425,KAZ,TPE,https://www.iihf.com//en/events/2020/ww18iia/gamecenter/playbyplay/14878/4-kaz-vs-tpe,https://www.iihf.com//pdf/887/ihw887904_77a_3_0
3,TPE,10,Miss,60.4663305474283,-21.739414463782182,KAZ,TPE,https://www.iihf.com//en/events/2020/ww18iia/gamecenter/playbyplay/14878/4-kaz-vs-tpe,https://www.iihf.com//pdf/887/ihw887904_77a_3_0
3,TPE,21,Shot,46.28255745354781,10.89535488648675,KAZ,TPE,https://www.iihf.com//en/events/2020/ww18iia/gamecenter/playbyplay/14878/4-kaz-vs-tpe,https://www.iihf.com//pdf/887/ihw887904_77a_3_0
3,TPE,21,Shot,78.02083458202091,29.368779601625945,KAZ,TPE,https://www.iihf.com//en/events/2020/ww18iia/gamecenter/playbyplay/14878/4-kaz-vs-tpe,https://www.iihf.com//pdf/887/ihw887904_77a_3_0
3,TPE,21,Shot,63.783090442047836,24.246119456517718,KAZ,TPE,https://www.iihf.com//en/events/2020/ww18iia/gamecenter/playbyplay/14878/4-kaz-vs-tpe,https://www.iihf.com//pdf/887/ihw887904_77a_3_0
3,TPE,7,Shot,41.47906603352692,-20.38161592605043,KAZ,TPE,https://www.iihf.com//en/events/2020/ww18iia/gamecenter/playbyplay/14878/4-kaz-vs-tpe,https://www.iihf.com//pdf/887/ihw887904_77a_3_0
3,TPE,7,Shot,68.86693525803747,-34.69443443887843,KAZ,TPE,https://www.iihf.com//en/events/2020/ww18iia/gamecenter/playbyplay/14878/4-kaz-vs-tpe,https://www.iihf.com//pdf/887/ihw887904_77a_3_0
3,TPE,14,Shot,78.97660032231892,16.975244874640595,KAZ,TPE,https://www.iihf.com//en/events/2020/ww18iia/gamecenter/playbyplay/14878/4-kaz-vs-tpe,https://www.iihf.com//pdf/887/ihw887904_77a_3_0
3,TPE,19,Shot,59.959981935669276,31.47016601684315,KAZ,TPE,https://www.iihf.com//en/events/2020/ww18iia/gamecenter/playbyplay/14878/4-kaz-vs-tpe,https://www.iihf.com//pdf/887/ihw887904_77a_3_0
3,TPE,3,Shot,33.86584650844415,-12.783384785833256,KAZ,TPE,https://www.iihf.com//en/events/2020/ww18iia/gamecenter/playbyplay/14878/4-kaz-vs-tpe,https://www.iihf.com//pdf/887/ihw887904_77a_3_0
3,TPE,10,Shot,67.96873863357158,11.243911793261091,KAZ,TPE,https://www.iihf.com//en/events/2020/ww18iia/gamecenter/playbyplay/14878/4-kaz-vs-tpe,https://www.iihf.com//pdf/887/ihw887904_77a_3_0
3,TPE,21,Shot,63.783090442047836,-21.72563866177009,KAZ,TPE,https://www.iihf.com//en/events/2020/ww18iia/gamecenter/playbyplay/14878/4-kaz-vs-tpe,https://www.iihf.com//pdf/887/ihw887904_77a_3_0
3,TPE,3,Shot,32.91008076814617,31.46980349573758,KAZ,TPE,https://www.iihf.com//en/events/2020/ww18iia/gamecenter/playbyplay/14878/4-kaz-vs-tpe,https://www.iihf.com//pdf/887/ihw887904_77a_3_0
3,TPE,10,Shot,53.137768438445704,-24.38336937619148,KAZ,TPE,https://www.iihf.com//en/events/2020/ww18iia/gamecenter/playbyplay/14878/4-kaz-vs-tpe,https://www.iihf.com//pdf/887/ihw887904_77a_3_0
3,TPE,3,Shot,35.01936944885529,11.841072543557473,KAZ,TPE,https://www.iihf.com//en/events/2020/ww18iia/gamecenter/playbyplay/14878/4-kaz-vs-tpe,https://www.iihf.com//pdf/887/ihw887904_77a_3_0
3,TPE,8,Shot,67.9111467451462,0.20540388752307592,KAZ,TPE,https://www.iihf.com//en/events/2020/ww18iia/gamecenter/playbyplay/14878/4-kaz-vs-tpe,https://www.iihf.com//pdf/887/ihw887904_77a_3_0
3,TPE,21,Goal,78.80168403327363,-6.66815612612745,KAZ,TPE,https://www.iihf.com//en/events/2020/ww18iia/gamecenter/playbyplay/14878/4-kaz-vs-tpe,https://www.iihf.com//pdf/887/ihw887904_77a_3_0
3,TPE,21,Shot,77.46053769676257,3.8215718971763835,KAZ,TPE,https://www.iihf.com//en/events/2020/ww18iia/gamecenter/playbyplay/14878/4-kaz-vs-tpe,https://www.iihf.com//pdf/887/ihw887904_77a_3_0
3,TPE,4,Shot,56.50779342876592,-32.60216243224487,KAZ,TPE,https://www.iihf.com//en/events/2020/ww18iia/gamecenter/playbyplay/14878/4-kaz-vs-tpe,https://www.iihf.com//pdf/887/ihw887904_77a_3_0
3,TPE,10,Shot,56.36760534448487,-10.4695638572422,KAZ,TPE,https://www.iihf.com//en/events/2020/ww18iia/gamecenter/playbyplay/14878/4-kaz-vs-tpe,https://www.iihf.com//pdf/887/ihw887904_77a_3_0
3,TPE,3,Shot,65.04382675165891,38.344082842605474,KAZ,TPE,https://www.iihf.com//en/events/2020/ww18iia/gamecenter/playbyplay/14878/4-kaz-vs-tpe,https://www.iihf.com//pdf/887/ihw887904_77a_3_0
3,TPE,3,Shot,42.63258897393803,-5.909099729971551,KAZ,TPE,https://www.iihf.com//en/events/2020/ww18iia/gamecenter/playbyplay/14878/4-kaz-vs-tpe,https://www.iihf.com//pdf/887/ihw887904_77a_3_0
3,TPE,21,Shot,63.02508190186293,-6.655099657332727,KAZ,TPE,https://www.iihf.com//en/events/2020/ww18iia/gamecenter/playbyplay/14878/4-kaz-vs-tpe,https://www.iihf.com//pdf/887/ihw887904_77a_3_0
3,KAZ,12,Shot,-54.7972414702333,-8.374882655229811,KAZ,TPE,https://www.iihf.com//en/events/2020/ww18iia/gamecenter/playbyplay/14878/4-kaz-vs-tpe,https://www.iihf.com//pdf/887/ihw887904_77a_3_0
3,KAZ,12,Shot,-54.59949565641682,-33.920877198499284,KAZ,TPE,https://www.iihf.com//en/events/2020/ww18iia/gamecenter/playbyplay/14878/4-kaz-vs-tpe,https://www.iihf.com//pdf/887/ihw887904_77a_3_0
3,KAZ,2,Shot,-76.22809633431184,0.21918539852896401,KAZ,TPE,https://www.iihf.com//en/events/2020/ww18iia/gamecenter/playbyplay/14878/4-kaz-vs-tpe,https://www.iihf.com//pdf/887/ihw887904_77a_3_0
3,KAZ,18,Miss,-30.785523063637427,-23.259690964739875,KAZ,TPE,https://www.iihf.com//en/events/2020/ww18iia/gamecenter/playbyplay/14878/4-kaz-vs-tpe,https://www.iihf.com//pdf/887/ihw887904_77a_3_0
3,KAZ,2,Shot,-59.12305497344479,23.849527076005387,KAZ,TPE,https://www.iihf.com//en/events/2020/ww18iia/gamecenter/playbyplay/14878/4-kaz-vs-tpe,https://www.iihf.com//pdf/887/ihw887904_77a_3_0
3,KAZ,7,Goal,-79.08939867002275,-2.6825819643835374,KAZ,TPE,https://www.iihf.com//en/events/2020/ww18iia/gamecenter/playbyplay/14878/4-kaz-vs-tpe,https://www.iihf.com//pdf/887/ihw887904_77a_3_0
4,TPE,10,Shot,76.33998947143252,-0.5547372174526686,KAZ,TPE,https://www.iihf.com//en/events/2020/ww18iia/gamecenter/playbyplay/14878/4-kaz-vs-tpe,https://www.iihf.com//pdf/887/ihw887904_77a_3_0
4,TPE,7,Goal,72.44920081780197,-4.963005279310778,KAZ,TPE,https://www.iihf.com//en/events/2020/ww18iia/gamecenter/playbyplay/14878/4-kaz-vs-tpe,https://www.iihf.com//pdf/887/ihw887904_77a_3_0
1,TPE,4,Shot,77.46889523849927,17.566876464452633,AUS,TPE,https://www.iihf.com//en/events/2020/ww18iia/gamecenter/playbyplay/14879/5-aus-vs-tpe,https://www.iihf.com//pdf/887/ihw887905_77a_3_0
1,TPE,7,Shot,32.71234634062631,18.5151488962438,AUS,TPE,https://www.iihf.com//en/events/2020/ww18iia/gamecenter/playbyplay/14879/5-aus-vs-tpe,https://www.iihf.com//pdf/887/ihw887905_77a_3_0
1,TPE,19,Shot,74.26362996061786,0.30204573437792703,AUS,TPE,https://www.iihf.com//en/events/2020/ww18iia/gamecenter/playbyplay/14879/5-aus-vs-tpe,https://www.iihf.com//pdf/887/ihw887905_77a_3_0
1,TPE,7,Shot,49.949218244037695,6.055518293669941,AUS,TPE,https://www.iihf.com//en/events/2020/ww18iia/gamecenter/playbyplay/14879/5-aus-vs-tpe,https://www.iihf.com//pdf/887/ihw887905_77a_3_0
1,TPE,6,Shot,76.513106725608,-3.529699589729894,AUS,TPE,https://www.iihf.com//en/events/2020/ww18iia/gamecenter/playbyplay/14879/5-aus-vs-tpe,https://www.iihf.com//pdf/887/ihw887905_77a_3_0
1,TPE,6,Goal,76.89851009441438,1.8248227746150718,AUS,TPE,https://www.iihf.com//en/events/2020/ww18iia/gamecenter/playbyplay/14879/5-aus-vs-tpe,https://www.iihf.com//pdf/887/ihw887905_77a_3_0
1,TPE,19,Miss,71.73787609385755,-31.356796818187462,AUS,TPE,https://www.iihf.com//en/events/2020/ww18iia/gamecenter/playbyplay/14879/5-aus-vs-tpe,https://www.iihf.com//pdf/887/ihw887905_77a_3_0
1,TPE,10,Shot,70.83603585446556,-13.708407340419988,AUS,TPE,https://www.iihf.com//en/events/2020/ww18iia/gamecenter/playbyplay/14879/5-aus-vs-tpe,https://www.iihf.com//pdf/887/ihw887905_77a_3_0
1,TPE,8,Shot,81.6874725999175,-10.83310687271183,AUS,TPE,https://www.iihf.com//en/events/2020/ww18iia/gamecenter/playbyplay/14879/5-aus-vs-tpe,https://www.iihf.com//pdf/887/ihw887905_77a_3_0
1,TPE,7,Shot,85.31280113358963,-5.28043675194921,AUS,TPE,https://www.iihf.com//en/events/2020/ww18iia/gamecenter/playbyplay/14879/5-aus-vs-tpe,https://www.iihf.com//pdf/887/ihw887905_77a_3_0
1,TPE,10,Shot,61.27833290629903,25.42212079604259,AUS,TPE,https://www.iihf.com//en/events/2020/ww18iia/gamecenter/playbyplay/14879/5-aus-vs-tpe,https://www.iihf.com//pdf/887/ihw887905_77a_3_0
1,TPE,13,Miss,34.994410686611616,11.805388477881309,AUS,TPE,https://www.iihf.com//en/events/2020/ww18iia/gamecenter/playbyplay/14879/5-aus-vs-tpe,https://www.iihf.com//pdf/887/ihw887905_77a_3_0
1,TPE,8,Shot,54.332600863081296,-46.69173645196015,AUS,TPE,https://www.iihf.com//en/events/2020/ww18iia/gamecenter/playbyplay/14879/5-aus-vs-tpe,https://www.iihf.com//pdf/887/ihw887905_77a_3_0
1,TPE,19,Shot,60.685061305959664,46.705951846493974,AUS,TPE,https://www.iihf.com//en/events/2020/ww18iia/gamecenter/playbyplay/14879/5-aus-vs-tpe,https://www.iihf.com//pdf/887/ihw887905_77a_3_0
1,TPE,7,Shot,53.769184132542506,-0.85181612723445,AUS,TPE,https://www.iihf.com//en/events/2020/ww18iia/gamecenter/playbyplay/14879/5-aus-vs-tpe,https://www.iihf.com//pdf/887/ihw887905_77a_3_0
1,TPE,21,Shot,55.90618705928313,-20.40561653593805,AUS,TPE,https://www.iihf.com//en/events/2020/ww18iia/gamecenter/playbyplay/14879/5-aus-vs-tpe,https://www.iihf.com//pdf/887/ihw887905_77a_3_0
1,TPE,3,Shot,68.30663837277916,-3.727835928159969,AUS,TPE,https://www.iihf.com//en/events/2020/ww18iia/gamecenter/playbyplay/14879/5-aus-vs-tpe,https://www.iihf.com//pdf/887/ihw887905_77a_3_0
1,TPE,8,Miss,72.07579860565838,-3.1656427648192746,AUS,TPE,https://www.iihf.com//en/events/2020/ww18iia/gamecenter/playbyplay/14879/5-aus-vs-tpe,https://www.iihf.com//pdf/887/ihw887905_77a_3_0
1,TPE,14,Shot,70.4405669994259,3.193633961365201,AUS,TPE,https://www.iihf.com//en/events/2020/ww18iia/gamecenter/playbyplay/14879/5-aus-vs-tpe,https://www.iihf.com//pdf/887/ihw887905_77a_3_0
1,TPE,24,Shot,62.989921017826276,3.557171267841042,AUS,TPE,https://www.iihf.com//en/events/2020/ww18iia/gamecenter/playbyplay/14879/5-aus-vs-tpe,https://www.iihf.com//pdf/887/ihw887905_77a_3_0
1,AUS,7,Shot,-65.5907105794706,-19.262755905356485,AUS,TPE,https://www.iihf.com//en/events/2020/ww18iia/gamecenter/playbyplay/14879/5-aus-vs-tpe,https://www.iihf.com//pdf/887/ihw887905_77a_3_0
1,AUS,7,Shot,-71.68789025159035,45.349803207967156,AUS,TPE,https://www.iihf.com//en/events/2020/ww18iia/gamecenter/playbyplay/14879/5-aus-vs-tpe,https://www.iihf.com//pdf/887/ihw887905_77a_3_0
1,AUS,8,Shot,-65.7573091788174,28.297421263750763,AUS,TPE,https://www.iihf.com//en/events/2020/ww18iia/gamecenter/playbyplay/14879/5-aus-vs-tpe,https://www.iihf.com//pdf/887/ihw887905_77a_3_0
1,AUS,2,Shot,-28.274639700294173,28.31119992025974,AUS,TPE,https://www.iihf.com//en/events/2020/ww18iia/gamecenter/playbyplay/14879/5-aus-vs-tpe,https://www.iihf.com//pdf/887/ihw887905_77a_3_0
1,AUS,13,Miss,-59.09438427849518,6.052777976651377,AUS,TPE,https://www.iihf.com//en/events/2020/ww18iia/gamecenter/playbyplay/14879/5-aus-vs-tpe,https://www.iihf.com//pdf/887/ihw887905_77a_3_0
1,AUS,3,Shot,-47.5958187495777,-41.89993247838444,AUS,TPE,https://www.iihf.com//en/events/2020/ww18iia/gamecenter/playbyplay/14879/5-aus-vs-tpe,https://www.iihf.com//pdf/887/ihw887905_77a_3_0
1,AUS,11,Shot,-76.56874017101062,7.985797601549599,AUS,TPE,https://www.iihf.com//en/events/2020/ww18iia/gamecenter/playbyplay/14879/5-aus-vs-tpe,https://www.iihf.com//pdf/887/ihw887905_77a_3_0
1,AUS,17,Shot,-39.413944797499916,13.736398536965908,AUS,TPE,https://www.iihf.com//en/events/2020/ww18iia/gamecenter/playbyplay/14879/5-aus-vs-tpe,https://www.iihf.com//pdf/887/ihw887905_77a_3_0
1,AUS,7,Goal,-81.46235412896883,-17.158238107046188,AUS,TPE,https://www.iihf.com//en/events/2020/ww18iia/gamecenter/playbyplay/14879/5-aus-vs-tpe,https://www.iihf.com//pdf/887/ihw887905_77a_3_0
1,AUS,6,Shot,-71.68753158324606,0.10625579239499672,AUS,TPE,https://www.iihf.com//en/events/2020/ww18iia/gamecenter/playbyplay/14879/5-aus-vs-tpe,https://www.iihf.com//pdf/887/ihw887905_77a_3_0
2,AUS,17,Shot,73.67040390546507,0.9805311011941171,AUS,TPE,https://www.iihf.com//en/events/2020/ww18iia/gamecenter/playbyplay/14879/5-aus-vs-tpe,https://www.iihf.com//pdf/887/ihw887905_77a_3_0
2,AUS,5,Shot,73.05253790437465,3.23181000283013,AUS,TPE,https://www.iihf.com//en/events/2020/ww18iia/gamecenter/playbyplay/14879/5-aus-vs-tpe,https://www.iihf.com//pdf/887/ihw887905_77a_3_0
2,AUS,13,Miss,51.93029722453528,-28.019164906490275,AUS,TPE,https://www.iihf.com//en/events/2020/ww18iia/gamecenter/playbyplay/14879/5-aus-vs-tpe,https://www.iihf.com//pdf/887/ihw887905_77a_3_0
2,AUS,2,Shot,51.76189389717041,5.540141733893357,AUS,TPE,https://www.iihf.com//en/events/2020/ww18iia/gamecenter/playbyplay/14879/5-aus-vs-tpe,https://www.iihf.com//pdf/887/ihw887905_77a_3_0
2,AUS,13,Shot,77.26278049664944,-28.58100982120986,AUS,TPE,https://www.iihf.com//en/events/2020/ww18iia/gamecenter/playbyplay/14879/5-aus-vs-tpe,https://www.iihf.com//pdf/887/ihw887905_77a_3_0
2,AUS,16,Goal,78.80168403327363,2.48566735062424,AUS,TPE,https://www.iihf.com//en/events/2020/ww18iia/gamecenter/playbyplay/14879/5-aus-vs-tpe,https://www.iihf.com//pdf/887/ihw887905_77a_3_0
2,TPE,8,Shot,-53.99138771155032,23.07561016901755,AUS,TPE,https://www.iihf.com//en/events/2020/ww18iia/gamecenter/playbyplay/14879/5-aus-vs-tpe,https://www.iihf.com//pdf/887/ihw887905_77a_3_0
2,TPE,8,Shot,-71.09976525733407,-3.4300376851608263,AUS,TPE,https://www.iihf.com//en/events/2020/ww18iia/gamecenter/playbyplay/14879/5-aus-vs-tpe,https://www.iihf.com//pdf/887/ihw887905_77a_3_0
2,TPE,21,Shot,-79.37014489322573,30.52551308711402,AUS,TPE,https://www.iihf.com//en/events/2020/ww18iia/gamecenter/playbyplay/14879/5-aus-vs-tpe,https://www.iihf.com//pdf/887/ihw887905_77a_3_0
2,TPE,4,Shot,-41.231721511529145,-5.898229805797904,AUS,TPE,https://www.iihf.com//en/events/2020/ww18iia/gamecenter/playbyplay/14879/5-aus-vs-tpe,https://www.iihf.com//pdf/887/ihw887905_77a_3_0
2,TPE,8,Shot,-76.60039407568095,-9.907718942522614,AUS,TPE,https://www.iihf.com//en/events/2020/ww18iia/gamecenter/playbyplay/14879/5-aus-vs-tpe,https://www.iihf.com//pdf/887/ihw887905_77a_3_0
2,TPE,8,Shot,-73.00800609819993,-5.346900857637081,AUS,TPE,https://www.iihf.com//en/events/2020/ww18iia/gamecenter/playbyplay/14879/5-aus-vs-tpe,https://www.iihf.com//pdf/887/ihw887905_77a_3_0
2,TPE,8,Shot,-81.54254212308425,5.526363077384367,AUS,TPE,https://www.iihf.com//en/events/2020/ww18iia/gamecenter/playbyplay/14879/5-aus-vs-tpe,https://www.iihf.com//pdf/887/ihw887905_77a_3_0
2,TPE,21,Shot,-63.187905943872266,13.934697581718964,AUS,TPE,https://www.iihf.com//en/events/2020/ww18iia/gamecenter/playbyplay/14879/5-aus-vs-tpe,https://www.iihf.com//pdf/887/ihw887905_77a_3_0
2,TPE,8,Shot,-75.28208865023777,-7.2307146650706215,AUS,TPE,https://www.iihf.com//en/events/2020/ww18iia/gamecenter/playbyplay/14879/5-aus-vs-tpe,https://www.iihf.com//pdf/887/ihw887905_77a_3_0
2,TPE,22,Shot,-32.55036488456868,6.8951685551407,AUS,TPE,https://www.iihf.com//en/events/2020/ww18iia/gamecenter/playbyplay/14879/5-aus-vs-tpe,https://www.iihf.com//pdf/887/ihw887905_77a_3_0
2,TPE,8,Shot,-69.94294029089619,9.921934337056442,AUS,TPE,https://www.iihf.com//en/events/2020/ww18iia/gamecenter/playbyplay/14879/5-aus-vs-tpe,https://www.iihf.com//pdf/887/ihw887905_77a_3_0
2,TPE,13,Miss,-35.167106647811266,-31.819853304387664,AUS,TPE,https://www.iihf.com//en/events/2020/ww18iia/gamecenter/playbyplay/14879/5-aus-vs-tpe,https://www.iihf.com//pdf/887/ihw887905_77a_3_0
2,TPE,13,Miss,-77.5836520292259,12.400496844910663,AUS,TPE,https://www.iihf.com//en/events/2020/ww18iia/gamecenter/playbyplay/14879/5-aus-vs-tpe,https://www.iihf.com//pdf/887/ihw887905_77a_3_0
2,TPE,19,Shot,-54.0489795999757,26.87629856691491,AUS,TPE,https://www.iihf.com//en/events/2020/ww18iia/gamecenter/playbyplay/14879/5-aus-vs-tpe,https://www.iihf.com//pdf/887/ihw887905_77a_3_0
2,TPE,14,Shot,-70.75347381749987,25.766393102978526,AUS,TPE,https://www.iihf.com//en/events/2020/ww18iia/gamecenter/playbyplay/14879/5-aus-vs-tpe,https://www.iihf.com//pdf/887/ihw887905_77a_3_0
2,TPE,10,Goal,-81.41851688688939,-5.148604667380916,AUS,TPE,https://www.iihf.com//en/events/2020/ww18iia/gamecenter/playbyplay/14879/5-aus-vs-tpe,https://www.iihf.com//pdf/887/ihw887905_77a_3_0
2,TPE,7,Shot,-48.287923404787065,-0.9509642223625221,AUS,TPE,https://www.iihf.com//en/events/2020/ww18iia/gamecenter/playbyplay/14879/5-aus-vs-tpe,https://www.iihf.com//pdf/887/ihw887905_77a_3_0
2,TPE,14,Shot,-40.729005128399564,1.1776169847670843,AUS,TPE,https://www.iihf.com//en/events/2020/ww18iia/gamecenter/playbyplay/14879/5-aus-vs-tpe,https://www.iihf.com//pdf/887/ihw887905_77a_3_0
3,TPE,8,Shot,71.70130330903697,0.40370007777924144,AUS,TPE,https://www.iihf.com//en/events/2020/ww18iia/gamecenter/playbyplay/14879/5-aus-vs-tpe,https://www.iihf.com//pdf/887/ihw887905_77a_3_0
3,TPE,19,Shot,42.4924236622503,20.398603037068668,AUS,TPE,https://www.iihf.com//en/events/2020/ww18iia/gamecenter/playbyplay/14879/5-aus-vs-tpe,https://www.iihf.com//pdf/887/ihw887905_77a_3_0
3,TPE,4,Miss,36.67921822843212,18.8888510661604,AUS,TPE,https://www.iihf.com//en/events/2020/ww18iia/gamecenter/playbyplay/14879/5-aus-vs-tpe,https://www.iihf.com//pdf/887/ihw887905_77a_3_0
3,TPE,7,Goal,67.90103571372629,-5.161290051579364,AUS,TPE,https://www.iihf.com//en/events/2020/ww18iia/gamecenter/playbyplay/14879/5-aus-vs-tpe,https://www.iihf.com//pdf/887/ihw887905_77a_3_0
3,TPE,19,Shot,67.01297289327357,-11.989834649206117,AUS,TPE,https://www.iihf.com//en/events/2020/ww18iia/gamecenter/playbyplay/14879/5-aus-vs-tpe,https://www.iihf.com//pdf/887/ihw887905_77a_3_0
3,TPE,19,Shot,70.60534948445797,27.471184283186517,AUS,TPE,https://www.iihf.com//en/events/2020/ww18iia/gamecenter/playbyplay/14879/5-aus-vs-tpe,https://www.iihf.com//pdf/887/ihw887905_77a_3_0
3,TPE,21,Shot,63.18986438689501,17.37184010964981,AUS,TPE,https://www.iihf.com//en/events/2020/ww18iia/gamecenter/playbyplay/14879/5-aus-vs-tpe,https://www.iihf.com//pdf/887/ihw887905_77a_3_0
3,TPE,7,Shot,69.22947494318268,3.6429089365595004,AUS,TPE,https://www.iihf.com//en/events/2020/ww18iia/gamecenter/playbyplay/14879/5-aus-vs-tpe,https://www.iihf.com//pdf/887/ihw887905_77a_3_0
3,TPE,21,Shot,65.29915306760415,-3.779799189624576,AUS,TPE,https://www.iihf.com//en/events/2020/ww18iia/gamecenter/playbyplay/14879/5-aus-vs-tpe,https://www.iihf.com//pdf/887/ihw887905_77a_3_0
3,TPE,8,Goal,80.457934743111,-12.948266235444244,AUS,TPE,https://www.iihf.com//en/events/2020/ww18iia/gamecenter/playbyplay/14879/5-aus-vs-tpe,https://www.iihf.com//pdf/887/ihw887905_77a_3_0
3,TPE,21,Shot,61.50901927630662,-5.696662362100824,AUS,TPE,https://www.iihf.com//en/events/2020/ww18iia/gamecenter/playbyplay/14879/5-aus-vs-tpe,https://www.iihf.com//pdf/887/ihw887905_77a_3_0
3,TPE,8,Shot,70.9432719962588,-5.710443873106705,AUS,TPE,https://www.iihf.com//en/events/2020/ww18iia/gamecenter/playbyplay/14879/5-aus-vs-tpe,https://www.iihf.com//pdf/887/ihw887905_77a_3_0
3,TPE,8,Shot,68.86693525803747,-2.4716003899289234,AUS,TPE,https://www.iihf.com//en/events/2020/ww18iia/gamecenter/playbyplay/14879/5-aus-vs-tpe,https://www.iihf.com//pdf/887/ihw887905_77a_3_0
3,TPE,8,Shot,77.6007257810436,5.3611133976740035,AUS,TPE,https://www.iihf.com//en/events/2020/ww18iia/gamecenter/playbyplay/14879/5-aus-vs-tpe,https://www.iihf.com//pdf/887/ihw887905_77a_3_0
3,AUS,4,Shot,-71.48688795693367,-1.700949027388198,AUS,TPE,https://www.iihf.com//en/events/2020/ww18iia/gamecenter/playbyplay/14879/5-aus-vs-tpe,https://www.iihf.com//pdf/887/ihw887905_77a_3_0
3,AUS,7,Goal,-79.68263611147219,3.991682785097808,AUS,TPE,https://www.iihf.com//en/events/2020/ww18iia/gamecenter/playbyplay/14879/5-aus-vs-tpe,https://www.iihf.com//pdf/887/ihw887905_77a_3_0
3,AUS,3,Miss,-51.65842661956632,-8.751356541630805,AUS,TPE,https://www.iihf.com//en/events/2020/ww18iia/gamecenter/playbyplay/14879/5-aus-vs-tpe,https://www.iihf.com//pdf/887/ihw887905_77a_3_0
3,AUS,7,Miss,-70.67088900794087,-6.668515792736137,AUS,TPE,https://www.iihf.com//en/events/2020/ww18iia/gamecenter/playbyplay/14879/5-aus-vs-tpe,https://www.iihf.com//pdf/887/ihw887905_77a_3_0
3,AUS,4,Shot,-30.026102622668702,37.396529744031696,AUS,TPE,https://www.iihf.com//en/events/2020/ww18iia/gamecenter/playbyplay/14879/5-aus-vs-tpe,https://www.iihf.com//pdf/887/ihw887905_77a_3_0
3,AUS,5,Shot,-70.5442961618528,13.3463572268261,AUS,TPE,https://www.iihf.com//en/events/2020/ww18iia/gamecenter/playbyplay/14879/5-aus-vs-tpe,https://www.iihf.com//pdf/887/ihw887905_77a_3_0
3,AUS,18,Miss,-66.74237755352874,15.639488761926955,AUS,TPE,https://www.iihf.com//en/events/2020/ww18iia/gamecenter/playbyplay/14879/5-aus-vs-tpe,https://www.iihf.com//pdf/887/ihw887905_77a_3_0
1,KAZ,7,Shot,61.32353650397576,-0.752662323112574,NED,KAZ,https://www.iihf.com//en/events/2020/ww18iia/gamecenter/playbyplay/14880/6-ned-vs-kaz,https://www.iihf.com//pdf/887/ihw887906_77a_3_0
1,KAZ,4,Shot,17.782497545443903,-4.807766320208877,NED,KAZ,https://www.iihf.com//en/events/2020/ww18iia/gamecenter/playbyplay/14880/6-ned-vs-kaz,https://www.iihf.com//pdf/887/ihw887906_77a_3_0
1,KAZ,14,Shot,57.455224399920496,22.85822881252581,NED,KAZ,https://www.iihf.com//en/events/2020/ww18iia/gamecenter/playbyplay/14880/6-ned-vs-kaz,https://www.iihf.com//pdf/887/ihw887906_77a_3_0
1,KAZ,3,Shot,50.311735156589606,3.7413319894764214,NED,KAZ,https://www.iihf.com//en/events/2020/ww18iia/gamecenter/playbyplay/14880/6-ned-vs-kaz,https://www.iihf.com//pdf/887/ihw887906_77a_3_0
1,KAZ,12,Shot,46.01889636845917,-39.34349073176189,NED,KAZ,https://www.iihf.com//en/events/2020/ww18iia/gamecenter/playbyplay/14880/6-ned-vs-kaz,https://www.iihf.com//pdf/887/ihw887906_77a_3_0
1,KAZ,2,Shot,40.918814693455175,-17.9249559728665,NED,KAZ,https://www.iihf.com//en/events/2020/ww18iia/gamecenter/playbyplay/14880/6-ned-vs-kaz,https://www.iihf.com//pdf/887/ihw887906_77a_3_0
1,NED,8,Shot,-60.22042069880766,1.2615449024545313,NED,KAZ,https://www.iihf.com//en/events/2020/ww18iia/gamecenter/playbyplay/14880/6-ned-vs-kaz,https://www.iihf.com//pdf/887/ihw887906_77a_3_0
1,NED,14,Shot,-41.12450814232917,24.675761202072735,NED,KAZ,https://www.iihf.com//en/events/2020/ww18iia/gamecenter/playbyplay/14880/6-ned-vs-kaz,https://www.iihf.com//pdf/887/ihw887906_77a_3_0
1,NED,2,Shot,-52.36672258860345,6.4324774445429895,NED,KAZ,https://www.iihf.com//en/events/2020/ww18iia/gamecenter/playbyplay/14880/6-ned-vs-kaz,https://www.iihf.com//pdf/887/ihw887906_77a_3_0
1,NED,8,Shot,-45.12578941859315,-3.529699589729894,NED,KAZ,https://www.iihf.com//en/events/2020/ww18iia/gamecenter/playbyplay/14880/6-ned-vs-kaz,https://www.iihf.com//pdf/887/ihw887906_77a_3_0
1,NED,7,Shot,-31.149918715135613,2.0234900494675045,NED,KAZ,https://www.iihf.com//en/events/2020/ww18iia/gamecenter/playbyplay/14880/6-ned-vs-kaz,https://www.iihf.com//pdf/887/ihw887906_77a_3_0
1,NED,13,Shot,-84.66487530935903,-10.436845613839246,NED,KAZ,https://www.iihf.com//en/events/2020/ww18iia/gamecenter/playbyplay/14880/6-ned-vs-kaz,https://www.iihf.com//pdf/887/ihw887906_77a_3_0
1,NED,16,Shot,-79.5890293667618,3.939982137347485,NED,KAZ,https://www.iihf.com//en/events/2020/ww18iia/gamecenter/playbyplay/14880/6-ned-vs-kaz,https://www.iihf.com//pdf/887/ihw887906_77a_3_0
1,NED,2,Shot,-57.546371704555774,-7.18388949801583,NED,KAZ,https://www.iihf.com//en/events/2020/ww18iia/gamecenter/playbyplay/14880/6-ned-vs-kaz,https://www.iihf.com//pdf/887/ihw887906_77a_3_0
1,NED,16,Shot,-62.54557079129387,-2.2072054695873717,NED,KAZ,https://www.iihf.com//en/events/2020/ww18iia/gamecenter/playbyplay/14880/6-ned-vs-kaz,https://www.iihf.com//pdf/887/ihw887906_77a_3_0
1,NED,13,Miss,-49.89917547028728,-28.845410450545202,NED,KAZ,https://www.iihf.com//en/events/2020/ww18iia/gamecenter/playbyplay/14880/6-ned-vs-kaz,https://www.iihf.com//pdf/887/ihw887906_77a_3_0
1,NED,2,Miss,-71.84940486948558,-10.81933107069974,NED,KAZ,https://www.iihf.com//en/events/2020/ww18iia/gamecenter/playbyplay/14880/6-ned-vs-kaz,https://www.iihf.com//pdf/887/ihw887906_77a_3_0
1,NED,12,Miss,-30.7728615017693,-29.62444832496149,NED,KAZ,https://www.iihf.com//en/events/2020/ww18iia/gamecenter/playbyplay/14880/6-ned-vs-kaz,https://www.iihf.com//pdf/887/ihw887906_77a_3_0
2,NED,13,Shot,73.2749122778321,-15.26209287302909,NED,KAZ,https://www.iihf.com//en/events/2020/ww18iia/gamecenter/playbyplay/14880/6-ned-vs-kaz,https://www.iihf.com//pdf/887/ihw887906_77a_3_0
2,NED,4,Goal,85.00609984718665,5.523822575148401,NED,KAZ,https://www.iihf.com//en/events/2020/ww18iia/gamecenter/playbyplay/14880/6-ned-vs-kaz,https://www.iihf.com//pdf/887/ihw887906_77a_3_0
2,NED,16,Miss,82.54800335508503,-10.86615623775453,NED,KAZ,https://www.iihf.com//en/events/2020/ww18iia/gamecenter/playbyplay/14880/6-ned-vs-kaz,https://www.iihf.com//pdf/887/ihw887906_77a_3_0
2,NED,16,Shot,40.58086940906102,1.3290880079684584,NED,KAZ,https://www.iihf.com//en/events/2020/ww18iia/gamecenter/playbyplay/14880/6-ned-vs-kaz,https://www.iihf.com//pdf/887/ihw887906_77a_3_0
2,NED,2,Shot,74.93114021507617,-3.4162561741549453,NED,KAZ,https://www.iihf.com//en/events/2020/ww18iia/gamecenter/playbyplay/14880/6-ned-vs-kaz,https://www.iihf.com//pdf/887/ihw887906_77a_3_0
2,NED,13,Miss,75.1325182575221,3.641721465851461,NED,KAZ,https://www.iihf.com//en/events/2020/ww18iia/gamecenter/playbyplay/14880/6-ned-vs-kaz,https://www.iihf.com//pdf/887/ihw887906_77a_3_0
2,NED,19,Goal,83.5422092328532,-6.869729278818319,NED,KAZ,https://www.iihf.com//en/events/2020/ww18iia/gamecenter/playbyplay/14880/6-ned-vs-kaz,https://www.iihf.com//pdf/887/ihw887906_77a_3_0
2,NED,8,Shot,87.12549955931564,-8.585744340814863,NED,KAZ,https://www.iihf.com//en/events/2020/ww18iia/gamecenter/playbyplay/14880/6-ned-vs-kaz,https://www.iihf.com//pdf/887/ihw887906_77a_3_0
2,NED,13,Shot,73.2749122778321,5.360753731065316,NED,KAZ,https://www.iihf.com//en/events/2020/ww18iia/gamecenter/playbyplay/14880/6-ned-vs-kaz,https://www.iihf.com//pdf/887/ihw887906_77a_3_0
2,NED,7,Shot,60.69344162028966,10.684807195560076,NED,KAZ,https://www.iihf.com//en/events/2020/ww18iia/gamecenter/playbyplay/14880/6-ned-vs-kaz,https://www.iihf.com//pdf/887/ihw887906_77a_3_0
2,NED,4,Miss,82.49041146665962,-18.490055014045637,NED,KAZ,https://www.iihf.com//en/events/2020/ww18iia/gamecenter/playbyplay/14880/6-ned-vs-kaz,https://www.iihf.com//pdf/887/ihw887906_77a_3_0
2,NED,13,Miss,39.57115539526373,-22.499920944360397,NED,KAZ,https://www.iihf.com//en/events/2020/ww18iia/gamecenter/playbyplay/14880/6-ned-vs-kaz,https://www.iihf.com//pdf/887/ihw887906_77a_3_0
2,NED,3,Miss,59.84848731893115,42.704412483620004,NED,KAZ,https://www.iihf.com//en/events/2020/ww18iia/gamecenter/playbyplay/14880/6-ned-vs-kaz,https://www.iihf.com//pdf/887/ihw887906_77a_3_0
2,NED,3,Shot,41.11654912097501,34.14680491869268,NED,KAZ,https://www.iihf.com//en/events/2020/ww18iia/gamecenter/playbyplay/14880/6-ned-vs-kaz,https://www.iihf.com//pdf/887/ihw887906_77a_3_0
2,NED,19,Goal,76.1321212398995,-11.063989999513808,NED,KAZ,https://www.iihf.com//en/events/2020/ww18iia/gamecenter/playbyplay/14880/6-ned-vs-kaz,https://www.iihf.com//pdf/887/ihw887906_77a_3_0
2,NED,21,Shot,71.39633273972387,1.7394618994866633,NED,KAZ,https://www.iihf.com//en/events/2020/ww18iia/gamecenter/playbyplay/14880/6-ned-vs-kaz,https://www.iihf.com//pdf/887/ihw887906_77a_3_0
2,NED,3,Shot,49.29006553131609,-40.974555966182805,NED,KAZ,https://www.iihf.com//en/events/2020/ww18iia/gamecenter/playbyplay/14880/6-ned-vs-kaz,https://www.iihf.com//pdf/887/ihw887906_77a_3_0
2,NED,14,Shot,69.84729539908653,-10.092239330766688,NED,KAZ,https://www.iihf.com//en/events/2020/ww18iia/gamecenter/playbyplay/14880/6-ned-vs-kaz,https://www.iihf.com//pdf/887/ihw887906_77a_3_0
2,NED,9,Shot,80.66578020205071,10.120230527312607,NED,KAZ,https://www.iihf.com//en/events/2020/ww18iia/gamecenter/playbyplay/14880/6-ned-vs-kaz,https://www.iihf.com//pdf/887/ihw887906_77a_3_0
2,NED,4,Shot,44.14865159949437,25.564834222772134,NED,KAZ,https://www.iihf.com//en/events/2020/ww18iia/gamecenter/playbyplay/14880/6-ned-vs-kaz,https://www.iihf.com//pdf/887/ihw887906_77a_3_0
2,KAZ,12,Shot,-62.37750905282831,-44.03400573753876,NED,KAZ,https://www.iihf.com//en/events/2020/ww18iia/gamecenter/playbyplay/14880/6-ned-vs-kaz,https://www.iihf.com//pdf/887/ihw887906_77a_3_0
2,KAZ,2,Shot,-60.63910621270446,16.215109478658633,NED,KAZ,https://www.iihf.com//en/events/2020/ww18iia/gamecenter/playbyplay/14880/6-ned-vs-kaz,https://www.iihf.com//pdf/887/ihw887906_77a_3_0
2,KAZ,14,Shot,-35.02732847020943,28.046804999918194,NED,KAZ,https://www.iihf.com//en/events/2020/ww18iia/gamecenter/playbyplay/14880/6-ned-vs-kaz,https://www.iihf.com//pdf/887/ihw887906_77a_3_0
2,KAZ,4,Miss,-56.79243945856946,-5.140115393617144,NED,KAZ,https://www.iihf.com//en/events/2020/ww18iia/gamecenter/playbyplay/14880/6-ned-vs-kaz,https://www.iihf.com//pdf/887/ihw887906_77a_3_0
2,KAZ,12,Miss,-52.65825732787662,-41.357001460086764,NED,KAZ,https://www.iihf.com//en/events/2020/ww18iia/gamecenter/playbyplay/14880/6-ned-vs-kaz,https://www.iihf.com//pdf/887/ihw887906_77a_3_0
3,KAZ,21,Shot,77.88898126688329,-1.2349923723433562,NED,KAZ,https://www.iihf.com//en/events/2020/ww18iia/gamecenter/playbyplay/14880/6-ned-vs-kaz,https://www.iihf.com//pdf/887/ihw887906_77a_3_0
3,KAZ,12,Shot,39.46032118373097,0.5166296839132087,NED,KAZ,https://www.iihf.com//en/events/2020/ww18iia/gamecenter/playbyplay/14880/6-ned-vs-kaz,https://www.iihf.com//pdf/887/ihw887906_77a_3_0
3,KAZ,14,Miss,39.80186453786462,-36.13519036535355,NED,KAZ,https://www.iihf.com//en/events/2020/ww18iia/gamecenter/playbyplay/14880/6-ned-vs-kaz,https://www.iihf.com//pdf/887/ihw887906_77a_3_0
3,KAZ,8,Shot,51.465258097000714,-8.156102595259846,NED,KAZ,https://www.iihf.com//en/events/2020/ww18iia/gamecenter/playbyplay/14880/6-ned-vs-kaz,https://www.iihf.com//pdf/887/ihw887906_77a_3_0
3,KAZ,2,Goal,81.47962714097778,9.129474618242952,NED,KAZ,https://www.iihf.com//en/events/2020/ww18iia/gamecenter/playbyplay/14880/6-ned-vs-kaz,https://www.iihf.com//pdf/887/ihw887906_77a_3_0
3,KAZ,22,Shot,64.31041261222512,14.49653964194166,NED,KAZ,https://www.iihf.com//en/events/2020/ww18iia/gamecenter/playbyplay/14880/6-ned-vs-kaz,https://www.iihf.com//pdf/887/ihw887906_77a_3_0
3,KAZ,16,Shot,42.12990674969839,32.13115331769704,NED,KAZ,https://www.iihf.com//en/events/2020/ww18iia/gamecenter/playbyplay/14880/6-ned-vs-kaz,https://www.iihf.com//pdf/887/ihw887906_77a_3_0
3,KAZ,7,Miss,55.23439555728669,0.30491735825363264,NED,KAZ,https://www.iihf.com//en/events/2020/ww18iia/gamecenter/playbyplay/14880/6-ned-vs-kaz,https://www.iihf.com//pdf/887/ihw887906_77a_3_0
3,KAZ,12,Shot,69.12226157398268,-33.25988989764541,NED,KAZ,https://www.iihf.com//en/events/2020/ww18iia/gamecenter/playbyplay/14880/6-ned-vs-kaz,https://www.iihf.com//pdf/887/ihw887906_77a_3_0
3,NED,16,Miss,-51.447825676838754,9.128749576031787,NED,KAZ,https://www.iihf.com//en/events/2020/ww18iia/gamecenter/playbyplay/14880/6-ned-vs-kaz,https://www.iihf.com//pdf/887/ihw887906_77a_3_0
3,NED,8,Goal,-71.70868732241061,-3.529699589729894,NED,KAZ,https://www.iihf.com//en/events/2020/ww18iia/gamecenter/playbyplay/14880/6-ned-vs-kaz,https://www.iihf.com//pdf/887/ihw887906_77a_3_0
3,NED,13,Shot,-73.65490715573257,6.616632457184579,NED,KAZ,https://www.iihf.com//en/events/2020/ww18iia/gamecenter/playbyplay/14880/6-ned-vs-kaz,https://www.iihf.com//pdf/887/ihw887906_77a_3_0
3,NED,17,Shot,-57.21309480178567,22.92609162169191,NED,KAZ,https://www.iihf.com//en/events/2020/ww18iia/gamecenter/playbyplay/14880/6-ned-vs-kaz,https://www.iihf.com//pdf/887/ihw887906_77a_3_0
3,NED,4,Shot,-35.925525094675315,26.75442867650787,NED,KAZ,https://www.iihf.com//en/events/2020/ww18iia/gamecenter/playbyplay/14880/6-ned-vs-kaz,https://www.iihf.com//pdf/887/ihw887906_77a_3_0
3,NED,24,Shot,-57.570396790474625,28.31119992025974,NED,KAZ,https://www.iihf.com//en/events/2020/ww18iia/gamecenter/playbyplay/14880/6-ned-vs-kaz,https://www.iihf.com//pdf/887/ihw887906_77a_3_0
3,NED,4,Shot,-30.751170606662455,15.451705683732655,NED,KAZ,https://www.iihf.com//en/events/2020/ww18iia/gamecenter/playbyplay/14880/6-ned-vs-kaz,https://www.iihf.com//pdf/887/ihw887906_77a_3_0
