period,team,shooter_number,opponent,goalie_number,x,y,shot_chart_url,team1,team2,game_url
1,USA,12,JPN,30,5.344756454618047,3.63270125441872,https://www.iihf.com//pdf/164/ihw164a01_77a_3_0,JPN,USA,https://www.iihf.com//en/events/2022/ww/gamecenter/playbyplay/37185/1-jpn-vs-usa
1,USA,36,JPN,30,0.3105702688315145,0.4465365692862733,https://www.iihf.com//pdf/164/ihw164a01_77a_3_0,JPN,USA,https://www.iihf.com//en/events/2022/ww/gamecenter/playbyplay/37185/1-jpn-vs-usa
1,USA,4,JPN,30,5.046434156241682,2.710277008102725,https://www.iihf.com//pdf/164/ihw164a01_77a_3_0,JPN,USA,https://www.iihf.com//en/events/2022/ww/gamecenter/playbyplay/37185/1-jpn-vs-usa
1,USA,16,JPN,30,0.1986999268033005,2.711302290189078,https://www.iihf.com//pdf/164/ihw164a01_77a_3_0,JPN,USA,https://www.iihf.com//en/events/2022/ww/gamecenter/playbyplay/37185/1-jpn-vs-usa
2,USA,25,JPN,29,5.382043836905888,0.4466243282957522,https://www.iihf.com//pdf/164/ihw164a01_77a_3_0,JPN,USA,https://www.iihf.com//en/events/2022/ww/gamecenter/playbyplay/37185/1-jpn-vs-usa
2,USA,28,JPN,29,5.456624385652204,0.3314711299614608,https://www.iihf.com//pdf/164/ihw164a01_77a_3_0,JPN,USA,https://www.iihf.com//en/events/2022/ww/gamecenter/playbyplay/37185/1-jpn-vs-usa
2,USA,6,JPN,30,5.009141613037048,3.2486828121839477,https://www.iihf.com//pdf/164/ihw164a01_77a_3_0,JPN,USA,https://www.iihf.com//en/events/2022/ww/gamecenter/playbyplay/37185/1-jpn-vs-usa
2,USA,23,JPN,30,5.568495208771679,3.6324390476221056,https://www.iihf.com//pdf/164/ihw164a01_77a_3_0,JPN,USA,https://www.iihf.com//en/events/2022/ww/gamecenter/playbyplay/37185/1-jpn-vs-usa
2,USA,11,JPN,30,4.1141755479439945,0.4467993111987987,https://www.iihf.com//pdf/164/ihw164a01_77a_3_0,JPN,USA,https://www.iihf.com//en/events/2022/ww/gamecenter/playbyplay/37185/1-jpn-vs-usa
3,USA,25,JPN,29,0.0122479704551503,1.137542983185588,https://www.iihf.com//pdf/164/ihw164a01_77a_3_0,JPN,USA,https://www.iihf.com//en/events/2022/ww/gamecenter/playbyplay/37185/1-jpn-vs-usa
1,GER,13,HUN,1,2.7344369557253696,0.6768429659548554,https://www.iihf.com//pdf/164/ihw164b02_77a_3_0,GER,HUN,https://www.iihf.com//en/events/2022/ww/gamecenter/playbyplay/37186/2-ger-vs-hun
1,GER,25,HUN,1,5.382043836905888,0.8688521870722417,https://www.iihf.com//pdf/164/ihw164b02_77a_3_0,GER,HUN,https://www.iihf.com//en/events/2022/ww/gamecenter/playbyplay/37186/2-ger-vs-hun
1,HUN,14,GER,95,1.056378094224115,2.749861137420977,https://www.iihf.com//pdf/164/ihw164b02_77a_3_0,GER,HUN,https://www.iihf.com//en/events/2022/ww/gamecenter/playbyplay/37186/2-ger-vs-hun
2,HUN,14,GER,95,0.4970220529241066,3.5943168549739557,https://www.iihf.com//pdf/164/ihw164b02_77a_3_0,GER,HUN,https://www.iihf.com//en/events/2022/ww/gamecenter/playbyplay/37186/2-ger-vs-hun
2,HUN,97,GER,95,5.605785483144837,1.3678488447382589,https://www.iihf.com//pdf/164/ihw164b02_77a_3_0,GER,HUN,https://www.iihf.com//en/events/2022/ww/gamecenter/playbyplay/37186/2-ger-vs-hun
3,HUN,72,GER,-1,4.33791921746074,1.982174218757525,https://www.iihf.com//pdf/164/ihw164b02_77a_3_0,GER,HUN,https://www.iihf.com//en/events/2022/ww/gamecenter/playbyplay/37186/2-ger-vs-hun
1,FIN,91,CAN,35,5.419334111279046,1.6749240402963688,https://www.iihf.com//pdf/164/ihw164a03_77a_3_0,FIN,CAN,https://www.iihf.com//en/events/2022/ww/gamecenter/playbyplay/37187/3-fin-vs-can
1,CAN,20,FIN,36,5.643078752994411,3.8628332033001667,https://www.iihf.com//pdf/164/ihw164a03_77a_3_0,FIN,CAN,https://www.iihf.com//en/events/2022/ww/gamecenter/playbyplay/37187/3-fin-vs-can
1,CAN,29,FIN,36,0.08682958477508651,1.4446176436277862,https://www.iihf.com//pdf/164/ihw164a03_77a_3_0,FIN,CAN,https://www.iihf.com//en/events/2022/ww/gamecenter/playbyplay/37187/3-fin-vs-can
2,CAN,12,FIN,36,5.7176563062643115,1.8286366209784704,https://www.iihf.com//pdf/164/ihw164a03_77a_3_0,FIN,CAN,https://www.iihf.com//en/events/2022/ww/gamecenter/playbyplay/37187/3-fin-vs-can
3,CAN,40,FIN,-1,2.9208893398988556,0.4082399288509886,https://www.iihf.com//pdf/164/ihw164a03_77a_3_0,FIN,CAN,https://www.iihf.com//en/events/2022/ww/gamecenter/playbyplay/37187/3-fin-vs-can
1,DEN,68,SWE,30,0.8326342623511589,2.9032237522969853,https://www.iihf.com//pdf/164/ihw164b04_77a_3_0,DEN,SWE,https://www.iihf.com//en/events/2022/ww/gamecenter/playbyplay/37188/4-den-vs-swe
1,SWE,26,DEN,72,0.1241183124833643,1.2910800458487317,https://www.iihf.com//pdf/164/ihw164b04_77a_3_0,DEN,SWE,https://www.iihf.com//en/events/2022/ww/gamecenter/playbyplay/37188/4-den-vs-swe
2,SWE,12,DEN,72,1.5784389700202088,0.2932617134197439,https://www.iihf.com//pdf/164/ihw164b04_77a_3_0,DEN,SWE,https://www.iihf.com//en/events/2022/ww/gamecenter/playbyplay/37188/4-den-vs-swe
2,SWE,26,DEN,72,2.846307258982102,3.747679469849964,https://www.iihf.com//pdf/164/ihw164b04_77a_3_0,DEN,SWE,https://www.iihf.com//en/events/2022/ww/gamecenter/playbyplay/37188/4-den-vs-swe
3,DEN,63,SWE,30,4.785399966798099,2.288986672403109,https://www.iihf.com//pdf/164/ihw164b04_77a_3_0,DEN,SWE,https://www.iihf.com//en/events/2022/ww/gamecenter/playbyplay/37188/4-den-vs-swe
3,SWE,28,DEN,72,5.232886112589832,0.4466243282957522,https://www.iihf.com//pdf/164/ihw164b04_77a_3_0,DEN,SWE,https://www.iihf.com//en/events/2022/ww/gamecenter/playbyplay/37188/4-den-vs-swe
3,SWE,26,DEN,72,5.08372288394996,3.36383654563415,https://www.iihf.com//pdf/164/ihw164b04_77a_3_0,DEN,SWE,https://www.iihf.com//en/events/2022/ww/gamecenter/playbyplay/37188/4-den-vs-swe
2,SUI,7,JPN,29,0.4970220529241066,1.8637846393907385,https://www.iihf.com//pdf/164/ihw164a05_77a_3_0,SUI,JPN,https://www.iihf.com//en/events/2022/ww/gamecenter/playbyplay/37189/5-sui-vs-jpn
2,SUI,25,JPN,29,5.7176563062643115,1.2910800458487315,https://www.iihf.com//pdf/164/ihw164a05_77a_3_0,SUI,JPN,https://www.iihf.com//en/events/2022/ww/gamecenter/playbyplay/37189/5-sui-vs-jpn
3,JPN,11,SUI,20,0.5343123272972649,3.402395392866049,https://www.iihf.com//pdf/164/ihw164a05_77a_3_0,SUI,JPN,https://www.iihf.com//en/events/2022/ww/gamecenter/playbyplay/37189/5-sui-vs-jpn
3,SUI,71,JPN,-1,2.734437383550705,0.6771057078673812,https://www.iihf.com//pdf/164/ihw164a05_77a_3_0,SUI,JPN,https://www.iihf.com//en/events/2022/ww/gamecenter/playbyplay/37189/5-sui-vs-jpn
1,CZE,12,HUN,1,1.8767609050741028,0.2548773139749802,https://www.iihf.com//pdf/164/ihw164b06_77a_3_0,HUN,CZE,https://www.iihf.com//en/events/2022/ww/gamecenter/playbyplay/37190/6-hun-vs-cze
1,CZE,4,HUN,1,0.4597317785509485,3.554733260771616,https://www.iihf.com//pdf/164/ihw164b06_77a_3_0,HUN,CZE,https://www.iihf.com//en/events/2022/ww/gamecenter/playbyplay/37190/6-hun-vs-cze
2,HUN,18,CZE,29,3.927724695940946,1.751692839185896,https://www.iihf.com//pdf/164/ihw164b06_77a_3_0,HUN,CZE,https://www.iihf.com//en/events/2022/ww/gamecenter/playbyplay/37190/6-hun-vs-cze
2,CZE,27,HUN,1,0.1614111990950226,1.2144862298622503,https://www.iihf.com//pdf/164/ihw164b06_77a_3_0,HUN,CZE,https://www.iihf.com//en/events/2022/ww/gamecenter/playbyplay/37190/6-hun-vs-cze
2,CZE,3,HUN,1,4.89727092760181,2.3657549361767254,https://www.iihf.com//pdf/164/ihw164b06_77a_3_0,HUN,CZE,https://www.iihf.com//en/events/2022/ww/gamecenter/playbyplay/37190/6-hun-vs-cze
3,CZE,19,HUN,1,5.046431887410207,1.137542983185588,https://www.iihf.com//pdf/164/ihw164b06_77a_3_0,HUN,CZE,https://www.iihf.com//en/events/2022/ww/gamecenter/playbyplay/37190/6-hun-vs-cze
3,CZE,3,HUN,1,1.0563756486587368,3.824361044845924,https://www.iihf.com//pdf/164/ihw164b06_77a_3_0,HUN,CZE,https://www.iihf.com//en/events/2022/ww/gamecenter/playbyplay/37190/6-hun-vs-cze
3,CZE,23,HUN,1,0.9445048255392624,0.254615107178366,https://www.iihf.com//pdf/164/ihw164b06_77a_3_0,HUN,CZE,https://www.iihf.com//en/events/2022/ww/gamecenter/playbyplay/37190/6-hun-vs-cze
1,USA,19,FIN,36,5.307463568006388,0.6385457904036596,https://www.iihf.com//pdf/164/ihw164a07_77a_3_0,USA,FIN,https://www.iihf.com//en/events/2022/ww/gamecenter/playbyplay/37191/7-usa-vs-fin
2,USA,11,FIN,36,0.6461831504167392,2.8266299363105043,https://www.iihf.com//pdf/164/ihw164a07_77a_3_0,USA,FIN,https://www.iihf.com//en/events/2022/ww/gamecenter/playbyplay/37191/7-usa-vs-fin
2,USA,28,FIN,36,0.907214551166104,0.7153145892931869,https://www.iihf.com//pdf/164/ihw164a07_77a_3_0,USA,FIN,https://www.iihf.com//en/events/2022/ww/gamecenter/playbyplay/37191/7-usa-vs-fin
3,FIN,8,USA,35,0.5343123272972649,2.864839352852221,https://www.iihf.com//pdf/164/ihw164a07_77a_3_0,USA,FIN,https://www.iihf.com//en/events/2022/ww/gamecenter/playbyplay/37191/7-usa-vs-fin
3,USA,28,FIN,36,4.934563814213468,0.6385457904036596,https://www.iihf.com//pdf/164/ihw164a07_77a_3_0,USA,FIN,https://www.iihf.com//en/events/2022/ww/gamecenter/playbyplay/37191/7-usa-vs-fin
3,USA,20,FIN,36,0.6461812949161565,0.7920833881827143,https://www.iihf.com//pdf/164/ihw164a07_77a_3_0,USA,FIN,https://www.iihf.com//en/events/2022/ww/gamecenter/playbyplay/37191/7-usa-vs-fin
3,USA,23,FIN,-1,4.002308191376098,2.020295341173852,https://www.iihf.com//pdf/164/ihw164a07_77a_3_0,USA,FIN,https://www.iihf.com//en/events/2022/ww/gamecenter/playbyplay/37191/7-usa-vs-fin
2,SWE,25,GER,35,4.859980515544416,3.0183764155153647,https://www.iihf.com//pdf/164/ihw164b08_77a_5_0,SWE,GER,https://www.iihf.com//en/events/2022/ww/gamecenter/playbyplay/37192/8-swe-vs-ger
2,SWE,26,GER,35,4.859980515544416,0.3314711299614608,https://www.iihf.com//pdf/164/ihw164b08_77a_5_0,SWE,GER,https://www.iihf.com//en/events/2022/ww/gamecenter/playbyplay/37192/8-swe-vs-ger
3,GER,11,SWE,30,4.151465822317153,0.5619525095330902,https://www.iihf.com//pdf/164/ihw164b08_77a_5_0,SWE,GER,https://www.iihf.com//en/events/2022/ww/gamecenter/playbyplay/37192/8-swe-vs-ger
3,GER,29,SWE,30,3.7412733240751552,1.9436143012938036,https://www.iihf.com//pdf/164/ihw164b08_77a_5_0,SWE,GER,https://www.iihf.com//en/events/2022/ww/gamecenter/playbyplay/37192/8-swe-vs-ger
3,GER,23,SWE,30,2.547985583859578,0.7536117648443827,https://www.iihf.com//pdf/164/ihw164b08_77a_5_0,SWE,GER,https://www.iihf.com//en/events/2022/ww/gamecenter/playbyplay/37192/8-swe-vs-ger
3,SWE,24,GER,35,1.056378094224115,3.364010993421285,https://www.iihf.com//pdf/164/ihw164b08_77a_5_0,SWE,GER,https://www.iihf.com//en/events/2022/ww/gamecenter/playbyplay/37192/8-swe-vs-ger
1,CAN,10,SUI,20,1.5411481900452486,0.5617775266300433,https://www.iihf.com//pdf/164/ihw164a09_77a_3_0,CAN,SUI,https://www.iihf.com//en/events/2022/ww/gamecenter/playbyplay/37193/9-can-vs-sui
2,CAN,10,SUI,20,1.7276000675128416,0.3698555294062249,https://www.iihf.com//pdf/164/ihw164a09_77a_3_0,CAN,SUI,https://www.iihf.com//en/events/2022/ww/gamecenter/playbyplay/37193/9-can-vs-sui
2,CAN,26,SUI,20,1.4665684068321054,0.6385457904036596,https://www.iihf.com//pdf/164/ihw164a09_77a_3_0,CAN,SUI,https://www.iihf.com//en/events/2022/ww/gamecenter/playbyplay/37193/9-can-vs-sui
3,SUI,28,CAN,35,1.317407569270844,0.3698555294062249,https://www.iihf.com//pdf/164/ihw164a09_77a_3_0,CAN,SUI,https://www.iihf.com//en/events/2022/ww/gamecenter/playbyplay/37193/9-can-vs-sui
3,CAN,40,SUI,20,2.9581780676071334,0.4850081926246044,https://www.iihf.com//pdf/164/ihw164a09_77a_3_0,CAN,SUI,https://www.iihf.com//en/events/2022/ww/gamecenter/playbyplay/37193/9-can-vs-sui
1,DEN,21,CZE,29,4.4870782916755765,1.0993335666438706,https://www.iihf.com//pdf/164/ihw164b10_77a_3_0,CZE,DEN,https://www.iihf.com//en/events/2022/ww/gamecenter/playbyplay/37194/10-cze-vs-den
1,CZE,16,DEN,30,4.89727092760181,3.5941418720709093,https://www.iihf.com//pdf/164/ihw164b10_77a_3_0,CZE,DEN,https://www.iihf.com//en/events/2022/ww/gamecenter/playbyplay/37194/10-cze-vs-den
2,CZE,19,DEN,30,4.785399966798099,0.5233931271852796,https://www.iihf.com//pdf/164/ihw164b10_77a_3_0,CZE,DEN,https://www.iihf.com//en/events/2022/ww/gamecenter/playbyplay/37194/10-cze-vs-den
3,CZE,4,DEN,30,1.615729804365185,0.9829806384360916,https://www.iihf.com//pdf/164/ihw164b10_77a_3_0,CZE,DEN,https://www.iihf.com//en/events/2022/ww/gamecenter/playbyplay/37194/10-cze-vs-den
3,CZE,18,DEN,30,0.9072148655842428,3.287067746744622,https://www.iihf.com//pdf/164/ihw164b10_77a_3_0,CZE,DEN,https://www.iihf.com//en/events/2022/ww/gamecenter/playbyplay/37194/10-cze-vs-den
3,CZE,4,DEN,30,0.5716038394996008,1.8274368911049823,https://www.iihf.com//pdf/164/ihw164b10_77a_3_0,CZE,DEN,https://www.iihf.com//en/events/2022/ww/gamecenter/playbyplay/37194/10-cze-vs-den
1,CAN,51,JPN,30,1.0936668219323928,2.9799925511865126,https://www.iihf.com//pdf/164/ihw164a11_77a_3_0,JPN,CAN,https://www.iihf.com//en/events/2022/ww/gamecenter/playbyplay/37195/11-jpn-vs-can
1,CAN,29,JPN,30,1.205537163960607,2.3274582957414403,https://www.iihf.com//pdf/164/ihw164a11_77a_3_0,JPN,CAN,https://www.iihf.com//en/events/2022/ww/gamecenter/playbyplay/37195/11-jpn-vs-can
1,CAN,12,JPN,30,4.89727092760181,0.331645577748596,https://www.iihf.com//pdf/164/ihw164a11_77a_3_0,JPN,CAN,https://www.iihf.com//en/events/2022/ww/gamecenter/playbyplay/37195/11-jpn-vs-can
2,CAN,29,JPN,1,0.9817950999124204,0.7153145892931869,https://www.iihf.com//pdf/164/ihw164a11_77a_3_0,JPN,CAN,https://www.iihf.com//en/events/2022/ww/gamecenter/playbyplay/37195/11-jpn-vs-can
2,CAN,17,JPN,1,4.934561064290732,3.63270125441872,https://www.iihf.com//pdf/164/ihw164a11_77a_3_0,JPN,CAN,https://www.iihf.com//en/events/2022/ww/gamecenter/playbyplay/37195/11-jpn-vs-can
2,CAN,47,JPN,1,5.009141613037048,0.8294430406570368,https://www.iihf.com//pdf/164/ihw164a11_77a_3_0,JPN,CAN,https://www.iihf.com//en/events/2022/ww/gamecenter/playbyplay/37195/11-jpn-vs-can
2,CAN,40,JPN,30,0.4597317785509485,0.6385463255195707,https://www.iihf.com//pdf/164/ihw164a11_77a_3_0,JPN,CAN,https://www.iihf.com//en/events/2022/ww/gamecenter/playbyplay/37195/11-jpn-vs-can
3,CAN,44,JPN,1,4.748111857865318,1.0213650378808552,https://www.iihf.com//pdf/164/ihw164a11_77a_3_0,JPN,CAN,https://www.iihf.com//en/events/2022/ww/gamecenter/playbyplay/37195/11-jpn-vs-can
3,CAN,10,JPN,1,4.785400585573596,3.4406048094077657,https://www.iihf.com//pdf/164/ihw164a11_77a_3_0,JPN,CAN,https://www.iihf.com//en/events/2022/ww/gamecenter/playbyplay/37195/11-jpn-vs-can
3,DEN,80,HUN,1,0.7953439879780008,2.9032237522969853,https://www.iihf.com//pdf/164/ihw164b12_77a_3_0,DEN,HUN,https://www.iihf.com//en/events/2022/ww/gamecenter/playbyplay/37196/12-den-vs-hun
1,JPN,11,FIN,18,-0.3233632034912596,4.054929648311121,https://www.iihf.com//pdf/164/ihw164a13_77a_3_0,FIN,JPN,https://www.iihf.com//en/events/2022/ww/gamecenter/playbyplay/37197/13-fin-vs-jpn
1,FIN,34,JPN,29,2.0259224447697632,1.2526084225104,https://www.iihf.com//pdf/164/ihw164a13_77a_3_0,FIN,JPN,https://www.iihf.com//en/events/2022/ww/gamecenter/playbyplay/37197/13-fin-vs-jpn
1,FIN,77,JPN,29,1.280118778280543,0.750638125724413,https://www.iihf.com//pdf/164/ihw164a13_77a_3_0,FIN,JPN,https://www.iihf.com//en/events/2022/ww/gamecenter/playbyplay/37197/13-fin-vs-jpn
2,FIN,24,JPN,29,0.27328066661652883,1.9054048847520861,https://www.iihf.com//pdf/164/ihw164a13_77a_3_0,FIN,JPN,https://www.iihf.com//en/events/2022/ww/gamecenter/playbyplay/37197/13-fin-vs-jpn
2,FIN,10,JPN,29,5.009141613037048,3.5941418720709093,https://www.iihf.com//pdf/164/ihw164a13_77a_3_0,FIN,JPN,https://www.iihf.com//en/events/2022/ww/gamecenter/playbyplay/37197/13-fin-vs-jpn
2,FIN,24,JPN,29,1.3919878580857892,0.523568110088326,https://www.iihf.com//pdf/164/ihw164a13_77a_3_0,FIN,JPN,https://www.iihf.com//en/events/2022/ww/gamecenter/playbyplay/37197/13-fin-vs-jpn
2,FIN,16,JPN,29,5.009141613037048,0.5617775266300433,https://www.iihf.com//pdf/164/ihw164a13_77a_3_0,FIN,JPN,https://www.iihf.com//en/events/2022/ww/gamecenter/playbyplay/37197/13-fin-vs-jpn
2,JPN,11,FIN,18,0.4224406108597285,1.0225642326384317,https://www.iihf.com//pdf/164/ihw164a13_77a_3_0,FIN,JPN,https://www.iihf.com//en/events/2022/ww/gamecenter/playbyplay/37197/13-fin-vs-jpn
3,JPN,3,FIN,18,0.7580537136048426,1.0223020258418174,https://www.iihf.com//pdf/164/ihw164a13_77a_3_0,FIN,JPN,https://www.iihf.com//en/events/2022/ww/gamecenter/playbyplay/37197/13-fin-vs-jpn
3,FIN,9,JPN,29,4.076885646792654,1.598155241406841,https://www.iihf.com//pdf/164/ihw164a13_77a_3_0,FIN,JPN,https://www.iihf.com//en/events/2022/ww/gamecenter/playbyplay/37197/13-fin-vs-jpn
3,FIN,10,JPN,29,3.517533936651584,1.1375429831855879,https://www.iihf.com//pdf/164/ihw164a13_77a_3_0,FIN,JPN,https://www.iihf.com//en/events/2022/ww/gamecenter/playbyplay/37197/13-fin-vs-jpn
3,FIN,2,JPN,29,4.226048875432526,0.8690271699752885,https://www.iihf.com//pdf/164/ihw164a13_77a_3_0,FIN,JPN,https://www.iihf.com//en/events/2022/ww/gamecenter/playbyplay/37197/13-fin-vs-jpn
1,CZE,3,GER,35,0.7580537136048426,3.286979987735143,https://www.iihf.com//pdf/164/ihw164b14_77a_3_0,GER,CZE,https://www.iihf.com//en/events/2022/ww/gamecenter/playbyplay/37198/14-ger-vs-cze
1,CZE,19,GER,35,5.009141613037048,3.133530148965568,https://www.iihf.com//pdf/164/ihw164b14_77a_3_0,GER,CZE,https://www.iihf.com//en/events/2022/ww/gamecenter/playbyplay/37198/14-ger-vs-cze
2,CZE,9,GER,35,1.130955549640671,1.3294649804094063,https://www.iihf.com//pdf/164/ihw164b14_77a_3_0,GER,CZE,https://www.iihf.com//en/events/2022/ww/gamecenter/playbyplay/37198/14-ger-vs-cze
2,CZE,28,GER,35,4.636241515837104,1.3678488447382589,https://www.iihf.com//pdf/164/ihw164b14_77a_3_0,GER,CZE,https://www.iihf.com//en/events/2022/ww/gamecenter/playbyplay/37198/14-ger-vs-cze
2,CZE,23,GER,35,0.6461812949161565,0.6384585665100917,https://www.iihf.com//pdf/164/ihw164b14_77a_3_0,GER,CZE,https://www.iihf.com//en/events/2022/ww/gamecenter/playbyplay/37198/14-ger-vs-cze
3,CZE,12,GER,95,1.8021806162591576,0.5619530446490013,https://www.iihf.com//pdf/164/ihw164b14_77a_3_0,GER,CZE,https://www.iihf.com//en/events/2022/ww/gamecenter/playbyplay/37198/14-ger-vs-cze
1,USA,11,SUI,20,0.6834741815278147,2.0589424825311413,https://www.iihf.com//pdf/164/ihw164a15_77a_4_1,USA,SUI,https://www.iihf.com//en/events/2022/ww/gamecenter/playbyplay/37199/15-usa-vs-sui
1,USA,4,SUI,20,4.076885646792654,1.0213650378808552,https://www.iihf.com//pdf/164/ihw164a15_77a_4_1,USA,SUI,https://www.iihf.com//en/events/2022/ww/gamecenter/playbyplay/37199/15-usa-vs-sui
1,USA,27,SUI,20,5.009141269630024,3.018551398418412,https://www.iihf.com//pdf/164/ihw164a15_77a_4_1,USA,SUI,https://www.iihf.com//en/events/2022/ww/gamecenter/playbyplay/37199/15-usa-vs-sui
1,USA,27,SUI,20,3.59211139206814,0.6771057078673812,https://www.iihf.com//pdf/164/ihw164a15_77a_4_1,USA,SUI,https://www.iihf.com//en/events/2022/ww/gamecenter/playbyplay/37199/15-usa-vs-sui
2,USA,21,SUI,29,4.524368566048735,1.0993335666438706,https://www.iihf.com//pdf/164/ihw164a15_77a_4_1,USA,SUI,https://www.iihf.com//en/events/2022/ww/gamecenter/playbyplay/37199/15-usa-vs-sui
3,USA,15,SUI,29,5.419333910034602,3.824448268739492,https://www.iihf.com//pdf/164/ihw164a15_77a_4_1,USA,SUI,https://www.iihf.com//en/events/2022/ww/gamecenter/playbyplay/37199/15-usa-vs-sui
3,USA,21,SUI,29,0.7580557958477508,0.7154895721962333,https://www.iihf.com//pdf/164/ihw164a15_77a_4_1,USA,SUI,https://www.iihf.com//en/events/2022/ww/gamecenter/playbyplay/37199/15-usa-vs-sui
3,USA,3,SUI,29,4.71082313015704,1.674836816402801,https://www.iihf.com//pdf/164/ihw164a15_77a_4_1,USA,SUI,https://www.iihf.com//en/events/2022/ww/gamecenter/playbyplay/37199/15-usa-vs-sui
3,USA,13,SUI,29,4.226048875432526,1.367761620844691,https://www.iihf.com//pdf/164/ihw164a15_77a_4_1,USA,SUI,https://www.iihf.com//en/events/2022/ww/gamecenter/playbyplay/37199/15-usa-vs-sui
1,SWE,6,HUN,1,0.3851512298046321,0.2930867305166971,https://www.iihf.com//pdf/164/ihw164b16_77a_5_0,HUN,SWE,https://www.iihf.com//en/events/2022/ww/gamecenter/playbyplay/37200/16-hun-vs-swe
1,HUN,88,SWE,1,4.375207945169018,0.7536995238538622,https://www.iihf.com//pdf/164/ihw164b16_77a_5_0,HUN,SWE,https://www.iihf.com//en/events/2022/ww/gamecenter/playbyplay/37200/16-hun-vs-swe
2,SWE,16,HUN,1,0.6834741815278147,3.824448268739492,https://www.iihf.com//pdf/164/ihw164b16_77a_5_0,HUN,SWE,https://www.iihf.com//en/events/2022/ww/gamecenter/playbyplay/37200/16-hun-vs-swe
3,HUN,14,SWE,1,0.5716038394996008,0.3700305123092713,https://www.iihf.com//pdf/164/ihw164b16_77a_5_0,HUN,SWE,https://www.iihf.com//en/events/2022/ww/gamecenter/playbyplay/37200/16-hun-vs-swe
2,CZE,26,SWE,30,0.8326332512643067,3.133530148965568,https://www.iihf.com//pdf/164/ihw164b17_77a_3_0,SWE,CZE,https://www.iihf.com//en/events/2022/ww/gamecenter/playbyplay/37201/17-swe-vs-cze
3,CZE,19,SWE,30,0.907214551166104,3.287067746744622,https://www.iihf.com//pdf/164/ihw164b17_77a_3_0,SWE,CZE,https://www.iihf.com//en/events/2022/ww/gamecenter/playbyplay/37201/17-swe-vs-cze
3,CZE,12,SWE,-1,0.2359903922433706,0.1781079799695413,https://www.iihf.com//pdf/164/ihw164b17_77a_3_0,SWE,CZE,https://www.iihf.com//en/events/2022/ww/gamecenter/playbyplay/37201/17-swe-vs-cze
1,FIN,77,SUI,20,3.2937932525951554,1.0577127861666114,https://www.iihf.com//pdf/164/ihw164a18_77a_3_0,SUI,FIN,https://www.iihf.com//en/events/2022/ww/gamecenter/playbyplay/37202/18-sui-vs-fin
1,FIN,10,SUI,20,5.344756454618047,3.17191401329442,https://www.iihf.com//pdf/164/ihw164a18_77a_3_0,SUI,FIN,https://www.iihf.com//en/events/2022/ww/gamecenter/playbyplay/37202/18-sui-vs-fin
2,FIN,14,SUI,20,0.6461831504167392,3.1720889961974663,https://www.iihf.com//pdf/164/ihw164a18_77a_3_0,SUI,FIN,https://www.iihf.com//en/events/2022/ww/gamecenter/playbyplay/37202/18-sui-vs-fin
2,FIN,88,SUI,29,2.6598564069790536,0.7153151244090981,https://www.iihf.com//pdf/164/ihw164a18_77a_3_0,SUI,FIN,https://www.iihf.com//en/events/2022/ww/gamecenter/playbyplay/37202/18-sui-vs-fin
1,DEN,8,GER,35,5.1955924650400975,1.6365391057356935,https://www.iihf.com//pdf/164/ihw164b19_77a_3_0,DEN,GER,https://www.iihf.com//en/events/2022/ww/gamecenter/playbyplay/37203/19-den-vs-ger
1,GER,28,DEN,72,4.71082313015704,0.4082399288509886,https://www.iihf.com//pdf/164/ihw164b19_77a_3_0,DEN,GER,https://www.iihf.com//en/events/2022/ww/gamecenter/playbyplay/37203/19-den-vs-ger
2,DEN,68,GER,35,0.6834741815278147,3.287067746744622,https://www.iihf.com//pdf/164/ihw164b19_77a_3_0,DEN,GER,https://www.iihf.com//en/events/2022/ww/gamecenter/playbyplay/37203/19-den-vs-ger
3,GER,25,DEN,72,5.009141269630024,1.2910800458487317,https://www.iihf.com//pdf/164/ihw164b19_77a_3_0,DEN,GER,https://www.iihf.com//en/events/2022/ww/gamecenter/playbyplay/37203/19-den-vs-ger
3,GER,23,DEN,72,5.419333910034602,1.2142240230656365,https://www.iihf.com//pdf/164/ihw164b19_77a_3_0,DEN,GER,https://www.iihf.com//en/events/2022/ww/gamecenter/playbyplay/37203/19-den-vs-ger
1,CAN,10,USA,29,2.6598564069790536,0.4466243282957522,https://www.iihf.com//pdf/164/ihw164a20_77a_3_0,CAN,USA,https://www.iihf.com//en/events/2022/ww/gamecenter/playbyplay/37204/20-can-vs-usa
1,CAN,17,USA,29,0.7207634392316845,0.753873971640997,https://www.iihf.com//pdf/164/ihw164a20_77a_3_0,CAN,USA,https://www.iihf.com//en/events/2022/ww/gamecenter/playbyplay/37204/20-can-vs-usa
2,USA,5,CAN,38,4.300626919809786,0.481597363804974,https://www.iihf.com//pdf/164/ihw164a20_77a_3_0,CAN,USA,https://www.iihf.com//en/events/2022/ww/gamecenter/playbyplay/37204/20-can-vs-usa
2,USA,12,CAN,38,4.4870782916755765,2.980167534089559,https://www.iihf.com//pdf/164/ihw164a20_77a_3_0,CAN,USA,https://www.iihf.com//en/events/2022/ww/gamecenter/playbyplay/37204/20-can-vs-usa
3,USA,6,CAN,38,0.1241183124833643,3.9779858665185466,https://www.iihf.com//pdf/164/ihw164a20_77a_3_0,CAN,USA,https://www.iihf.com//en/events/2022/ww/gamecenter/playbyplay/37204/20-can-vs-usa
3,USA,26,CAN,38,0.3851518831514506,0.5233931271852796,https://www.iihf.com//pdf/164/ihw164a20_77a_3_0,CAN,USA,https://www.iihf.com//en/events/2022/ww/gamecenter/playbyplay/37204/20-can-vs-usa
3,USA,21,CAN,-1,1.727600146393399,2.5963235396419218,https://www.iihf.com//pdf/164/ihw164a20_77a_3_0,CAN,USA,https://www.iihf.com//en/events/2022/ww/gamecenter/playbyplay/37204/20-can-vs-usa
