jersey_number,name,team,home,pos,g,a,p,pim,ts,+/-,tot,shf,avg,ts_1,tot_1,ts_2,tot_2,ts_3,tot_3,statistics_url,game_url
5,ALZIDAN Abdullah,KUW,True,D,0,0,0,4,1,1.0,0:00,0.0,0:00,0,0:00,0,0:00,1,0:00,https://www.iihf.com//en/events/2022/wmiv/gamecenter/statistics/29797/1-kuw-vs-mas,https://www.iihf.com//en/events/2022/wmiv/gamecenter/playbyplay/29797/1-kuw-vs-mas
6,ALSARRAF Ali,KUW,True,F,1,0,1,0,15,-1.0,0:00,0.0,0:00,5,0:00,3,0:00,7,0:00,https://www.iihf.com//en/events/2022/wmiv/gamecenter/statistics/29797/1-kuw-vs-mas,https://www.iihf.com//en/events/2022/wmiv/gamecenter/playbyplay/29797/1-kuw-vs-mas
9,ALAJMI Ahmad,KUW,True,F,0,0,0,0,2,-1.0,0:00,0.0,0:00,1,0:00,1,0:00,0,0:00,https://www.iihf.com//en/events/2022/wmiv/gamecenter/statistics/29797/1-kuw-vs-mas,https://www.iihf.com//en/events/2022/wmiv/gamecenter/playbyplay/29797/1-kuw-vs-mas
11,ALAJMI Mohammad,KUW,True,F,0,0,0,0,1,-1.0,0:00,0.0,0:00,0,0:00,1,0:00,0,0:00,https://www.iihf.com//en/events/2022/wmiv/gamecenter/statistics/29797/1-kuw-vs-mas,https://www.iihf.com//en/events/2022/wmiv/gamecenter/playbyplay/29797/1-kuw-vs-mas
17,ALAWADHI Jasem,KUW,True,D,0,0,0,4,3,-1.0,0:00,0.0,0:00,1,0:00,2,0:00,0,0:00,https://www.iihf.com//en/events/2022/wmiv/gamecenter/statistics/29797/1-kuw-vs-mas,https://www.iihf.com//en/events/2022/wmiv/gamecenter/playbyplay/29797/1-kuw-vs-mas
2,ALDAEI Abdulrazaq,KUW,True,D,0,0,0,4,3,-1.0,0:00,0.0,0:00,1,0:00,1,0:00,1,0:00,https://www.iihf.com//en/events/2022/wmiv/gamecenter/statistics/29797/1-kuw-vs-mas,https://www.iihf.com//en/events/2022/wmiv/gamecenter/playbyplay/29797/1-kuw-vs-mas
3,KHALAF Khalaf,KUW,True,D,0,0,0,0,0,-2.0,0:00,0.0,0:00,0,0:00,0,0:00,0,0:00,https://www.iihf.com//en/events/2022/wmiv/gamecenter/statistics/29797/1-kuw-vs-mas,https://www.iihf.com//en/events/2022/wmiv/gamecenter/playbyplay/29797/1-kuw-vs-mas
7,ALAJMI Mashari,KUW,True,F,0,0,0,0,0,-1.0,0:00,0.0,0:00,0,0:00,0,0:00,0,0:00,https://www.iihf.com//en/events/2022/wmiv/gamecenter/statistics/29797/1-kuw-vs-mas,https://www.iihf.com//en/events/2022/wmiv/gamecenter/playbyplay/29797/1-kuw-vs-mas
10,ALKHASHAN Abdulaziz,KUW,True,F,0,0,0,0,1,-1.0,0:00,0.0,0:00,0,0:00,0,0:00,1,0:00,https://www.iihf.com//en/events/2022/wmiv/gamecenter/statistics/29797/1-kuw-vs-mas,https://www.iihf.com//en/events/2022/wmiv/gamecenter/playbyplay/29797/1-kuw-vs-mas
12,ALMARI Salem,KUW,True,F,0,0,0,0,1,-1.0,0:00,0.0,0:00,0,0:00,0,0:00,1,0:00,https://www.iihf.com//en/events/2022/wmiv/gamecenter/statistics/29797/1-kuw-vs-mas,https://www.iihf.com//en/events/2022/wmiv/gamecenter/playbyplay/29797/1-kuw-vs-mas
8,ALDUAIJ Mohammed,KUW,True,D,0,0,0,2,0,1.0,0:00,0.0,0:00,0,0:00,0,0:00,0,0:00,https://www.iihf.com//en/events/2022/wmiv/gamecenter/statistics/29797/1-kuw-vs-mas,https://www.iihf.com//en/events/2022/wmiv/gamecenter/playbyplay/29797/1-kuw-vs-mas
13,ALFOUDARI Meshal,KUW,True,D,0,0,0,0,0,1.0,0:00,0.0,0:00,0,0:00,0,0:00,0,0:00,https://www.iihf.com//en/events/2022/wmiv/gamecenter/statistics/29797/1-kuw-vs-mas,https://www.iihf.com//en/events/2022/wmiv/gamecenter/playbyplay/29797/1-kuw-vs-mas
14,ALAJMI Salem,KUW,True,F,1,0,1,0,2,0.0,0:00,0.0,0:00,1,0:00,1,0:00,0,0:00,https://www.iihf.com//en/events/2022/wmiv/gamecenter/statistics/29797/1-kuw-vs-mas,https://www.iihf.com//en/events/2022/wmiv/gamecenter/playbyplay/29797/1-kuw-vs-mas
15,ALMARAGHY Abdulaziz,KUW,True,F,0,1,1,2,0,2.0,0:00,0.0,0:00,0,0:00,0,0:00,0,0:00,https://www.iihf.com//en/events/2022/wmiv/gamecenter/statistics/29797/1-kuw-vs-mas,https://www.iihf.com//en/events/2022/wmiv/gamecenter/playbyplay/29797/1-kuw-vs-mas
23,ALKANDARI Yousef,KUW,True,F,0,1,1,0,0,1.0,0:00,0.0,0:00,0,0:00,0,0:00,0,0:00,https://www.iihf.com//en/events/2022/wmiv/gamecenter/statistics/29797/1-kuw-vs-mas,https://www.iihf.com//en/events/2022/wmiv/gamecenter/playbyplay/29797/1-kuw-vs-mas
16,ALDEAI Duaij,KUW,True,F,0,0,0,0,0,0.0,0:00,0.0,0:00,0,0:00,0,0:00,0,0:00,https://www.iihf.com//en/events/2022/wmiv/gamecenter/statistics/29797/1-kuw-vs-mas,https://www.iihf.com//en/events/2022/wmiv/gamecenter/playbyplay/29797/1-kuw-vs-mas
21,ALAJMI Hamad,KUW,True,F,0,0,0,0,0,0.0,0:00,0.0,0:00,0,0:00,0,0:00,0,0:00,https://www.iihf.com//en/events/2022/wmiv/gamecenter/statistics/29797/1-kuw-vs-mas,https://www.iihf.com//en/events/2022/wmiv/gamecenter/playbyplay/29797/1-kuw-vs-mas
1,ALSAEGH Ahmad,KUW,True,GK,0,0,0,0,0,,,,,0,,0,,0,,https://www.iihf.com//en/events/2022/wmiv/gamecenter/statistics/29797/1-kuw-vs-mas,https://www.iihf.com//en/events/2022/wmiv/gamecenter/playbyplay/29797/1-kuw-vs-mas
25,ALSARRAF Jasem,KUW,True,GK,0,0,0,0,0,,,,,0,,0,,0,,https://www.iihf.com//en/events/2022/wmiv/gamecenter/statistics/29797/1-kuw-vs-mas,https://www.iihf.com//en/events/2022/wmiv/gamecenter/playbyplay/29797/1-kuw-vs-mas
6,MOHAMMAD Hariz,MAS,False,F,2,0,2,4,4,0.0,0:00,0.0,0:00,0,0:00,3,0:00,1,0:00,https://www.iihf.com//en/events/2022/wmiv/gamecenter/statistics/29797/1-kuw-vs-mas,https://www.iihf.com//en/events/2022/wmiv/gamecenter/playbyplay/29797/1-kuw-vs-mas
9,GOH Chu Shern Austin,MAS,False,D,0,0,0,0,1,0.0,0:00,0.0,0:00,1,0:00,0,0:00,0,0:00,https://www.iihf.com//en/events/2022/wmiv/gamecenter/statistics/29797/1-kuw-vs-mas,https://www.iihf.com//en/events/2022/wmiv/gamecenter/playbyplay/29797/1-kuw-vs-mas
12,VERSLUIS Deen,MAS,False,F,0,1,1,0,6,0.0,0:00,0.0,0:00,3,0:00,2,0:00,1,0:00,https://www.iihf.com//en/events/2022/wmiv/gamecenter/statistics/29797/1-kuw-vs-mas,https://www.iihf.com//en/events/2022/wmiv/gamecenter/playbyplay/29797/1-kuw-vs-mas
22,PRAKASH Stephen,MAS,False,F,0,0,0,0,1,-2.0,0:00,0.0,0:00,0,0:00,1,0:00,0,0:00,https://www.iihf.com//en/events/2022/wmiv/gamecenter/statistics/29797/1-kuw-vs-mas,https://www.iihf.com//en/events/2022/wmiv/gamecenter/playbyplay/29797/1-kuw-vs-mas
10,LOW Ju Hong,MAS,False,F,0,1,1,0,0,1.0,0:00,0.0,0:00,0,0:00,0,0:00,0,0:00,https://www.iihf.com//en/events/2022/wmiv/gamecenter/statistics/29797/1-kuw-vs-mas,https://www.iihf.com//en/events/2022/wmiv/gamecenter/playbyplay/29797/1-kuw-vs-mas
11,SHAHARUDIN Muhammad Syukri,MAS,False,D,0,1,1,2,0,2.0,0:00,0.0,0:00,0,0:00,0,0:00,0,0:00,https://www.iihf.com//en/events/2022/wmiv/gamecenter/statistics/29797/1-kuw-vs-mas,https://www.iihf.com//en/events/2022/wmiv/gamecenter/playbyplay/29797/1-kuw-vs-mas
15,AIMAN ZUL Rafiq,MAS,False,F,0,0,0,0,0,0.0,0:00,0.0,0:00,0,0:00,0,0:00,0,0:00,https://www.iihf.com//en/events/2022/wmiv/gamecenter/statistics/29797/1-kuw-vs-mas,https://www.iihf.com//en/events/2022/wmiv/gamecenter/playbyplay/29797/1-kuw-vs-mas
18,MUHAMMAD Fareez Afdlin,MAS,False,F,2,0,2,0,2,0.0,0:00,0.0,0:00,0,0:00,2,0:00,0,0:00,https://www.iihf.com//en/events/2022/wmiv/gamecenter/statistics/29797/1-kuw-vs-mas,https://www.iihf.com//en/events/2022/wmiv/gamecenter/playbyplay/29797/1-kuw-vs-mas
24,RAJA Karim Adli,MAS,False,F,0,1,1,0,2,2.0,0:00,0.0,0:00,0,0:00,1,0:00,1,0:00,https://www.iihf.com//en/events/2022/wmiv/gamecenter/statistics/29797/1-kuw-vs-mas,https://www.iihf.com//en/events/2022/wmiv/gamecenter/playbyplay/29797/1-kuw-vs-mas
4,MOHAMMAD NOOR Harith,MAS,False,F,0,0,0,2,1,0.0,0:00,0.0,0:00,0,0:00,0,0:00,1,0:00,https://www.iihf.com//en/events/2022/wmiv/gamecenter/statistics/29797/1-kuw-vs-mas,https://www.iihf.com//en/events/2022/wmiv/gamecenter/playbyplay/29797/1-kuw-vs-mas
7,TAN Khia Peng,MAS,False,F,0,0,0,0,1,0.0,0:00,0.0,0:00,0,0:00,1,0:00,0,0:00,https://www.iihf.com//en/events/2022/wmiv/gamecenter/statistics/29797/1-kuw-vs-mas,https://www.iihf.com//en/events/2022/wmiv/gamecenter/playbyplay/29797/1-kuw-vs-mas
14,MUHD Aisar,MAS,False,F,0,2,2,0,1,1.0,0:00,0.0,0:00,1,0:00,0,0:00,0,0:00,https://www.iihf.com//en/events/2022/wmiv/gamecenter/statistics/29797/1-kuw-vs-mas,https://www.iihf.com//en/events/2022/wmiv/gamecenter/playbyplay/29797/1-kuw-vs-mas
16,SHAHABUDDIN Syed Ayman,MAS,False,F,0,0,0,0,0,1.0,0:00,0.0,0:00,0,0:00,0,0:00,0,0:00,https://www.iihf.com//en/events/2022/wmiv/gamecenter/statistics/29797/1-kuw-vs-mas,https://www.iihf.com//en/events/2022/wmiv/gamecenter/playbyplay/29797/1-kuw-vs-mas
21,GOH Juan Jie,MAS,False,D,1,0,1,0,2,1.0,0:00,0.0,0:00,1,0:00,1,0:00,0,0:00,https://www.iihf.com//en/events/2022/wmiv/gamecenter/statistics/29797/1-kuw-vs-mas,https://www.iihf.com//en/events/2022/wmiv/gamecenter/playbyplay/29797/1-kuw-vs-mas
13,GOH Chu Ern Aaron,MAS,False,F,0,0,0,0,0,0.0,0:00,0.0,0:00,0,0:00,0,0:00,0,0:00,https://www.iihf.com//en/events/2022/wmiv/gamecenter/statistics/29797/1-kuw-vs-mas,https://www.iihf.com//en/events/2022/wmiv/gamecenter/playbyplay/29797/1-kuw-vs-mas
17,AZHAR Andika Rees Pahamin,MAS,False,F,0,0,0,0,1,-1.0,0:00,0.0,0:00,1,0:00,0,0:00,0,0:00,https://www.iihf.com//en/events/2022/wmiv/gamecenter/statistics/29797/1-kuw-vs-mas,https://www.iihf.com//en/events/2022/wmiv/gamecenter/playbyplay/29797/1-kuw-vs-mas
23,ONG Zhan Fei Timothy,MAS,False,F,0,0,0,0,0,0.0,0:00,0.0,0:00,0,0:00,0,0:00,0,0:00,https://www.iihf.com//en/events/2022/wmiv/gamecenter/statistics/29797/1-kuw-vs-mas,https://www.iihf.com//en/events/2022/wmiv/gamecenter/playbyplay/29797/1-kuw-vs-mas
3,M.HAIKAL Muhammad Asyraaf,MAS,False,GK,0,0,0,0,0,,,,,0,,0,,0,,https://www.iihf.com//en/events/2022/wmiv/gamecenter/statistics/29797/1-kuw-vs-mas,https://www.iihf.com//en/events/2022/wmiv/gamecenter/playbyplay/29797/1-kuw-vs-mas
20,CHOW Meng Yenn Adrian,MAS,False,GK,0,0,0,0,0,,,,,0,,0,,0,,https://www.iihf.com//en/events/2022/wmiv/gamecenter/statistics/29797/1-kuw-vs-mas,https://www.iihf.com//en/events/2022/wmiv/gamecenter/playbyplay/29797/1-kuw-vs-mas
9,BAGHERI Danial,IRI,True,F,0,0,0,2,1,-3.0,0:00,0.0,0:00,1,0:00,0,0:00,0,0:00,https://www.iihf.com//en/events/2022/wmiv/gamecenter/statistics/29798/2-iri-vs-kgz,https://www.iihf.com//en/events/2022/wmiv/gamecenter/playbyplay/29798/2-iri-vs-kgz
25,GHAHAR Matin,IRI,True,F,0,0,0,0,1,-2.0,0:00,0.0,0:00,0,0:00,0,0:00,1,0:00,https://www.iihf.com//en/events/2022/wmiv/gamecenter/statistics/29798/2-iri-vs-kgz,https://www.iihf.com//en/events/2022/wmiv/gamecenter/playbyplay/29798/2-iri-vs-kgz
38,HOUSHIDARI Farzad,IRI,True,D,0,1,1,4,1,0.0,0:00,0.0,0:00,1,0:00,0,0:00,0,0:00,https://www.iihf.com//en/events/2022/wmiv/gamecenter/statistics/29798/2-iri-vs-kgz,https://www.iihf.com//en/events/2022/wmiv/gamecenter/playbyplay/29798/2-iri-vs-kgz
51,MOGHADASI Farshad,IRI,True,D,0,0,0,4,2,-1.0,0:00,0.0,0:00,0,0:00,0,0:00,2,0:00,https://www.iihf.com//en/events/2022/wmiv/gamecenter/statistics/29798/2-iri-vs-kgz,https://www.iihf.com//en/events/2022/wmiv/gamecenter/playbyplay/29798/2-iri-vs-kgz
78,GHAFOORI Arshia,IRI,True,D,0,0,0,2,2,-2.0,0:00,0.0,0:00,0,0:00,1,0:00,1,0:00,https://www.iihf.com//en/events/2022/wmiv/gamecenter/statistics/29798/2-iri-vs-kgz,https://www.iihf.com//en/events/2022/wmiv/gamecenter/playbyplay/29798/2-iri-vs-kgz
24,GHORBANI Maziar,IRI,True,D,0,0,0,2,2,-2.0,0:00,0.0,0:00,0,0:00,1,0:00,1,0:00,https://www.iihf.com//en/events/2022/wmiv/gamecenter/statistics/29798/2-iri-vs-kgz,https://www.iihf.com//en/events/2022/wmiv/gamecenter/playbyplay/29798/2-iri-vs-kgz
27,KEYHANFAR Jalal,IRI,True,F,1,0,1,0,2,-1.0,0:00,0.0,0:00,1,0:00,0,0:00,1,0:00,https://www.iihf.com//en/events/2022/wmiv/gamecenter/statistics/29798/2-iri-vs-kgz,https://www.iihf.com//en/events/2022/wmiv/gamecenter/playbyplay/29798/2-iri-vs-kgz
66,AGHAMOHAMMADI Mohsen,IRI,True,F,0,0,0,0,0,0.0,0:00,0.0,0:00,0,0:00,0,0:00,0,0:00,https://www.iihf.com//en/events/2022/wmiv/gamecenter/statistics/29798/2-iri-vs-kgz,https://www.iihf.com//en/events/2022/wmiv/gamecenter/playbyplay/29798/2-iri-vs-kgz
77,MEHRABAN Nima,IRI,True,F,0,1,1,0,2,-1.0,0:00,0.0,0:00,0,0:00,0,0:00,2,0:00,https://www.iihf.com//en/events/2022/wmiv/gamecenter/statistics/29798/2-iri-vs-kgz,https://www.iihf.com//en/events/2022/wmiv/gamecenter/playbyplay/29798/2-iri-vs-kgz
96,BAHRI Arman,IRI,True,D,0,0,0,4,0,-1.0,0:00,0.0,0:00,0,0:00,0,0:00,0,0:00,https://www.iihf.com//en/events/2022/wmiv/gamecenter/statistics/29798/2-iri-vs-kgz,https://www.iihf.com//en/events/2022/wmiv/gamecenter/playbyplay/29798/2-iri-vs-kgz
8,KOREHEI Amin,IRI,True,F,0,0,0,0,0,0.0,0:00,0.0,0:00,0,0:00,0,0:00,0,0:00,https://www.iihf.com//en/events/2022/wmiv/gamecenter/statistics/29798/2-iri-vs-kgz,https://www.iihf.com//en/events/2022/wmiv/gamecenter/playbyplay/29798/2-iri-vs-kgz
10,SHEIKHJAFARI Mohammadreza,IRI,True,F,0,0,0,0,0,-2.0,0:00,0.0,0:00,0,0:00,0,0:00,0,0:00,https://www.iihf.com//en/events/2022/wmiv/gamecenter/statistics/29798/2-iri-vs-kgz,https://www.iihf.com//en/events/2022/wmiv/gamecenter/playbyplay/29798/2-iri-vs-kgz
68,DEHGHANI Abbas,IRI,True,D,0,0,0,2,1,-2.0,0:00,0.0,0:00,0,0:00,0,0:00,1,0:00,https://www.iihf.com//en/events/2022/wmiv/gamecenter/statistics/29798/2-iri-vs-kgz,https://www.iihf.com//en/events/2022/wmiv/gamecenter/playbyplay/29798/2-iri-vs-kgz
87,MAHDIYOUN Amir,IRI,True,F,0,0,0,0,0,-3.0,0:00,0.0,0:00,0,0:00,0,0:00,0,0:00,https://www.iihf.com//en/events/2022/wmiv/gamecenter/statistics/29798/2-iri-vs-kgz,https://www.iihf.com//en/events/2022/wmiv/gamecenter/playbyplay/29798/2-iri-vs-kgz
99,HEIDARI Amir,IRI,True,F,0,0,0,0,1,-2.0,0:00,0.0,0:00,0,0:00,0,0:00,1,0:00,https://www.iihf.com//en/events/2022/wmiv/gamecenter/statistics/29798/2-iri-vs-kgz,https://www.iihf.com//en/events/2022/wmiv/gamecenter/playbyplay/29798/2-iri-vs-kgz
28,ABDOLLAHI Mahbod,IRI,True,D,0,0,0,0,0,-1.0,0:00,0.0,0:00,0,0:00,0,0:00,0,0:00,https://www.iihf.com//en/events/2022/wmiv/gamecenter/statistics/29798/2-iri-vs-kgz,https://www.iihf.com//en/events/2022/wmiv/gamecenter/playbyplay/29798/2-iri-vs-kgz
79,SAROOGHI Danial,IRI,True,F,0,0,0,0,0,-2.0,0:00,0.0,0:00,0,0:00,0,0:00,0,0:00,https://www.iihf.com//en/events/2022/wmiv/gamecenter/statistics/29798/2-iri-vs-kgz,https://www.iihf.com//en/events/2022/wmiv/gamecenter/playbyplay/29798/2-iri-vs-kgz
31,HASSANZADEH Oveis,IRI,True,GK,0,0,0,0,0,,,,,0,,0,,0,,https://www.iihf.com//en/events/2022/wmiv/gamecenter/statistics/29798/2-iri-vs-kgz,https://www.iihf.com//en/events/2022/wmiv/gamecenter/playbyplay/29798/2-iri-vs-kgz
98,MAHDAVI Alireza,IRI,True,GK,0,0,0,0,0,,,,,0,,0,,0,,https://www.iihf.com//en/events/2022/wmiv/gamecenter/statistics/29798/2-iri-vs-kgz,https://www.iihf.com//en/events/2022/wmiv/gamecenter/playbyplay/29798/2-iri-vs-kgz
6,CHUVALOV Mikhail,KGZ,False,F,2,2,4,0,3,1.0,0:00,0.0,0:00,3,0:00,0,0:00,0,0:00,https://www.iihf.com//en/events/2022/wmiv/gamecenter/statistics/29798/2-iri-vs-kgz,https://www.iihf.com//en/events/2022/wmiv/gamecenter/playbyplay/29798/2-iri-vs-kgz
9,TONKIKH Vladimir,KGZ,False,F,1,1,2,0,5,1.0,0:00,0.0,0:00,1,0:00,1,0:00,3,0:00,https://www.iihf.com//en/events/2022/wmiv/gamecenter/statistics/29798/2-iri-vs-kgz,https://www.iihf.com//en/events/2022/wmiv/gamecenter/playbyplay/29798/2-iri-vs-kgz
10,EGOROV Maxim,KGZ,False,D,1,3,4,0,11,1.0,0:00,0.0,0:00,6,0:00,2,0:00,3,0:00,https://www.iihf.com//en/events/2022/wmiv/gamecenter/statistics/29798/2-iri-vs-kgz,https://www.iihf.com//en/events/2022/wmiv/gamecenter/playbyplay/29798/2-iri-vs-kgz
16,TERENTYEV Kuzma,KGZ,False,D,0,1,1,2,5,1.0,0:00,0.0,0:00,2,0:00,0,0:00,3,0:00,https://www.iihf.com//en/events/2022/wmiv/gamecenter/statistics/29798/2-iri-vs-kgz,https://www.iihf.com//en/events/2022/wmiv/gamecenter/playbyplay/29798/2-iri-vs-kgz
19,NOSOV Vladimir,KGZ,False,F,3,3,6,0,8,2.0,0:00,0.0,0:00,3,0:00,2,0:00,3,0:00,https://www.iihf.com//en/events/2022/wmiv/gamecenter/statistics/29798/2-iri-vs-kgz,https://www.iihf.com//en/events/2022/wmiv/gamecenter/playbyplay/29798/2-iri-vs-kgz
4,KACHKYNBEKOV Adis,KGZ,False,D,0,1,1,0,3,2.0,0:00,0.0,0:00,2,0:00,1,0:00,0,0:00,https://www.iihf.com//en/events/2022/wmiv/gamecenter/statistics/29798/2-iri-vs-kgz,https://www.iihf.com//en/events/2022/wmiv/gamecenter/playbyplay/29798/2-iri-vs-kgz
7,TITOV Alexander,KGZ,False,F,2,0,2,2,5,2.0,0:00,0.0,0:00,2,0:00,2,0:00,1,0:00,https://www.iihf.com//en/events/2022/wmiv/gamecenter/statistics/29798/2-iri-vs-kgz,https://www.iihf.com//en/events/2022/wmiv/gamecenter/playbyplay/29798/2-iri-vs-kgz
12,MIRBEKOV Ersultan,KGZ,False,F,0,1,1,0,8,3.0,0:00,0.0,0:00,1,0:00,4,0:00,3,0:00,https://www.iihf.com//en/events/2022/wmiv/gamecenter/statistics/29798/2-iri-vs-kgz,https://www.iihf.com//en/events/2022/wmiv/gamecenter/playbyplay/29798/2-iri-vs-kgz
15,ABDYRAEV Islambek,KGZ,False,F,2,2,4,0,3,3.0,0:00,0.0,0:00,2,0:00,1,0:00,0,0:00,https://www.iihf.com//en/events/2022/wmiv/gamecenter/statistics/29798/2-iri-vs-kgz,https://www.iihf.com//en/events/2022/wmiv/gamecenter/playbyplay/29798/2-iri-vs-kgz
17,KUDASHEV Anton,KGZ,False,D,0,1,1,2,2,4.0,0:00,0.0,0:00,2,0:00,0,0:00,0,0:00,https://www.iihf.com//en/events/2022/wmiv/gamecenter/statistics/29798/2-iri-vs-kgz,https://www.iihf.com//en/events/2022/wmiv/gamecenter/playbyplay/29798/2-iri-vs-kgz
5,MYRZABAEV Maksat,KGZ,False,D,0,0,0,4,3,0.0,0:00,0.0,0:00,2,0:00,1,0:00,0,0:00,https://www.iihf.com//en/events/2022/wmiv/gamecenter/statistics/29798/2-iri-vs-kgz,https://www.iihf.com//en/events/2022/wmiv/gamecenter/playbyplay/29798/2-iri-vs-kgz
8,TYNALIEV Salamat,KGZ,False,D,0,0,0,6,1,-1.0,0:00,0.0,0:00,0,0:00,1,0:00,0,0:00,https://www.iihf.com//en/events/2022/wmiv/gamecenter/statistics/29798/2-iri-vs-kgz,https://www.iihf.com//en/events/2022/wmiv/gamecenter/playbyplay/29798/2-iri-vs-kgz
18,KIM Kirill,KGZ,False,F,1,0,1,0,3,0.0,0:00,0.0,0:00,1,0:00,2,0:00,0,0:00,https://www.iihf.com//en/events/2022/wmiv/gamecenter/statistics/29798/2-iri-vs-kgz,https://www.iihf.com//en/events/2022/wmiv/gamecenter/playbyplay/29798/2-iri-vs-kgz
22,TURSUNBEKOV Uran,KGZ,False,D,0,0,0,0,1,0.0,0:00,0.0,0:00,0,0:00,0,0:00,1,0:00,https://www.iihf.com//en/events/2022/wmiv/gamecenter/statistics/29798/2-iri-vs-kgz,https://www.iihf.com//en/events/2022/wmiv/gamecenter/playbyplay/29798/2-iri-vs-kgz
23,ISMANOV Sultan,KGZ,False,F,0,0,0,4,2,2.0,0:00,0.0,0:00,2,0:00,0,0:00,0,0:00,https://www.iihf.com//en/events/2022/wmiv/gamecenter/statistics/29798/2-iri-vs-kgz,https://www.iihf.com//en/events/2022/wmiv/gamecenter/playbyplay/29798/2-iri-vs-kgz
2,SHAMYRKANOV Eramir,KGZ,False,F,0,0,0,0,2,1.0,0:00,0.0,0:00,0,0:00,1,0:00,1,0:00,https://www.iihf.com//en/events/2022/wmiv/gamecenter/statistics/29798/2-iri-vs-kgz,https://www.iihf.com//en/events/2022/wmiv/gamecenter/playbyplay/29798/2-iri-vs-kgz
3,TIKHONOV Aleksandr,KGZ,False,F,1,0,1,0,2,1.0,0:00,0.0,0:00,0,0:00,0,0:00,2,0:00,https://www.iihf.com//en/events/2022/wmiv/gamecenter/statistics/29798/2-iri-vs-kgz,https://www.iihf.com//en/events/2022/wmiv/gamecenter/playbyplay/29798/2-iri-vs-kgz
14,ASANALIEV Artur,KGZ,False,F,0,1,1,0,0,1.0,0:00,0.0,0:00,0,0:00,0,0:00,0,0:00,https://www.iihf.com//en/events/2022/wmiv/gamecenter/statistics/29798/2-iri-vs-kgz,https://www.iihf.com//en/events/2022/wmiv/gamecenter/playbyplay/29798/2-iri-vs-kgz
1,PETROV Alexander,KGZ,False,GK,0,0,0,0,0,,,,,0,,0,,0,,https://www.iihf.com//en/events/2022/wmiv/gamecenter/statistics/29798/2-iri-vs-kgz,https://www.iihf.com//en/events/2022/wmiv/gamecenter/playbyplay/29798/2-iri-vs-kgz
20,ALYMBEKOV Kadyr,KGZ,False,GK,0,0,0,0,0,,,,,0,,0,,0,,https://www.iihf.com//en/events/2022/wmiv/gamecenter/statistics/29798/2-iri-vs-kgz,https://www.iihf.com//en/events/2022/wmiv/gamecenter/playbyplay/29798/2-iri-vs-kgz
7,HAMNETT Matthew,SGP,True,D,0,0,0,2,1,-1.0,0:00,0.0,0:00,0,0:00,1,0:00,0,0:00,https://www.iihf.com//en/events/2022/wmiv/gamecenter/statistics/29799/3-sgp-vs-iri,https://www.iihf.com//en/events/2022/wmiv/gamecenter/playbyplay/29799/3-sgp-vs-iri
8,REDDEN Ethan,SGP,True,F,0,0,0,2,2,-2.0,0:00,0.0,0:00,1,0:00,0,0:00,1,0:00,https://www.iihf.com//en/events/2022/wmiv/gamecenter/statistics/29799/3-sgp-vs-iri,https://www.iihf.com//en/events/2022/wmiv/gamecenter/playbyplay/29799/3-sgp-vs-iri
53,WONG Christopher,SGP,True,F,0,0,0,4,1,-1.0,0:00,0.0,0:00,0,0:00,1,0:00,0,0:00,https://www.iihf.com//en/events/2022/wmiv/gamecenter/statistics/29799/3-sgp-vs-iri,https://www.iihf.com//en/events/2022/wmiv/gamecenter/playbyplay/29799/3-sgp-vs-iri
71,LEE Bryan Shao Herng,SGP,True,F,0,0,0,6,5,-1.0,0:00,0.0,0:00,2,0:00,2,0:00,1,0:00,https://www.iihf.com//en/events/2022/wmiv/gamecenter/statistics/29799/3-sgp-vs-iri,https://www.iihf.com//en/events/2022/wmiv/gamecenter/playbyplay/29799/3-sgp-vs-iri
77,CHEW Wee,SGP,True,D,0,1,1,4,3,1.0,0:00,0.0,0:00,1,0:00,1,0:00,1,0:00,https://www.iihf.com//en/events/2022/wmiv/gamecenter/statistics/29799/3-sgp-vs-iri,https://www.iihf.com//en/events/2022/wmiv/gamecenter/playbyplay/29799/3-sgp-vs-iri
55,GOH Ryan Tsui Hon,SGP,True,F,0,1,1,8,0,1.0,0:00,0.0,0:00,0,0:00,0,0:00,0,0:00,https://www.iihf.com//en/events/2022/wmiv/gamecenter/statistics/29799/3-sgp-vs-iri,https://www.iihf.com//en/events/2022/wmiv/gamecenter/playbyplay/29799/3-sgp-vs-iri
68,TAN Jiaju Ryan,SGP,True,F,0,0,0,0,3,0.0,0:00,0.0,0:00,1,0:00,1,0:00,1,0:00,https://www.iihf.com//en/events/2022/wmiv/gamecenter/statistics/29799/3-sgp-vs-iri,https://www.iihf.com//en/events/2022/wmiv/gamecenter/playbyplay/29799/3-sgp-vs-iri
76,CHUA Cael Juin Hui,SGP,True,D,0,0,0,4,1,2.0,0:00,0.0,0:00,0,0:00,0,0:00,1,0:00,https://www.iihf.com//en/events/2022/wmiv/gamecenter/statistics/29799/3-sgp-vs-iri,https://www.iihf.com//en/events/2022/wmiv/gamecenter/playbyplay/29799/3-sgp-vs-iri
88,HUANG Qiwei Benjamin,SGP,True,D,0,0,0,0,0,0.0,0:00,0.0,0:00,0,0:00,0,0:00,0,0:00,https://www.iihf.com//en/events/2022/wmiv/gamecenter/statistics/29799/3-sgp-vs-iri,https://www.iihf.com//en/events/2022/wmiv/gamecenter/playbyplay/29799/3-sgp-vs-iri
97,CHAN Joshua,SGP,True,F,2,0,2,2,5,0.0,0:00,0.0,0:00,0,0:00,4,0:00,1,0:00,https://www.iihf.com//en/events/2022/wmiv/gamecenter/statistics/29799/3-sgp-vs-iri,https://www.iihf.com//en/events/2022/wmiv/gamecenter/playbyplay/29799/3-sgp-vs-iri
14,LAM Tat Chung Joewe,SGP,True,F,0,0,0,0,0,0.0,0:00,0.0,0:00,0,0:00,0,0:00,0,0:00,https://www.iihf.com//en/events/2022/wmiv/gamecenter/statistics/29799/3-sgp-vs-iri,https://www.iihf.com//en/events/2022/wmiv/gamecenter/playbyplay/29799/3-sgp-vs-iri
47,LEE Shaw Hsiang,SGP,True,F,0,0,0,0,0,0.0,0:00,0.0,0:00,0,0:00,0,0:00,0,0:00,https://www.iihf.com//en/events/2022/wmiv/gamecenter/statistics/29799/3-sgp-vs-iri,https://www.iihf.com//en/events/2022/wmiv/gamecenter/playbyplay/29799/3-sgp-vs-iri
58,REDDEN Christian,SGP,True,D,0,0,0,0,0,1.0,0:00,0.0,0:00,0,0:00,0,0:00,0,0:00,https://www.iihf.com//en/events/2022/wmiv/gamecenter/statistics/29799/3-sgp-vs-iri,https://www.iihf.com//en/events/2022/wmiv/gamecenter/playbyplay/29799/3-sgp-vs-iri
66,KOK Hung Wei,SGP,True,F,0,0,0,0,0,0.0,0:00,0.0,0:00,0,0:00,0,0:00,0,0:00,https://www.iihf.com//en/events/2022/wmiv/gamecenter/statistics/29799/3-sgp-vs-iri,https://www.iihf.com//en/events/2022/wmiv/gamecenter/playbyplay/29799/3-sgp-vs-iri
72,LOW Elijah,SGP,True,F,0,0,0,0,0,0.0,0:00,0.0,0:00,0,0:00,0,0:00,0,0:00,https://www.iihf.com//en/events/2022/wmiv/gamecenter/statistics/29799/3-sgp-vs-iri,https://www.iihf.com//en/events/2022/wmiv/gamecenter/playbyplay/29799/3-sgp-vs-iri
94,MUTHUKUMAR Karthikeyan,SGP,True,F,0,0,0,0,0,0.0,0:00,0.0,0:00,0,0:00,0,0:00,0,0:00,https://www.iihf.com//en/events/2022/wmiv/gamecenter/statistics/29799/3-sgp-vs-iri,https://www.iihf.com//en/events/2022/wmiv/gamecenter/playbyplay/29799/3-sgp-vs-iri
1,LEE Joshua Shao Ern,SGP,True,GK,0,0,0,0,0,,,,,0,,0,,0,,https://www.iihf.com//en/events/2022/wmiv/gamecenter/statistics/29799/3-sgp-vs-iri,https://www.iihf.com//en/events/2022/wmiv/gamecenter/playbyplay/29799/3-sgp-vs-iri
45,LIANG Chin Ming Kenny,SGP,True,GK,0,0,0,0,0,,,,,0,,0,,0,,https://www.iihf.com//en/events/2022/wmiv/gamecenter/statistics/29799/3-sgp-vs-iri,https://www.iihf.com//en/events/2022/wmiv/gamecenter/playbyplay/29799/3-sgp-vs-iri
27,KEYHANFAR Jalal,IRI,False,F,2,0,2,0,9,1.0,0:00,0.0,0:00,4,0:00,2,0:00,3,0:00,https://www.iihf.com//en/events/2022/wmiv/gamecenter/statistics/29799/3-sgp-vs-iri,https://www.iihf.com//en/events/2022/wmiv/gamecenter/playbyplay/29799/3-sgp-vs-iri
38,HOUSHIDARI Farzad,IRI,False,D,1,2,3,2,7,0.0,0:00,0.0,0:00,4,0:00,2,0:00,1,0:00,https://www.iihf.com//en/events/2022/wmiv/gamecenter/statistics/29799/3-sgp-vs-iri,https://www.iihf.com//en/events/2022/wmiv/gamecenter/playbyplay/29799/3-sgp-vs-iri
51,MOGHADASI Farshad,IRI,False,D,1,1,2,2,3,1.0,0:00,0.0,0:00,2,0:00,0,0:00,1,0:00,https://www.iihf.com//en/events/2022/wmiv/gamecenter/statistics/29799/3-sgp-vs-iri,https://www.iihf.com//en/events/2022/wmiv/gamecenter/playbyplay/29799/3-sgp-vs-iri
77,MEHRABAN Nima,IRI,False,F,0,0,0,4,5,0.0,0:00,0.0,0:00,1,0:00,0,0:00,4,0:00,https://www.iihf.com//en/events/2022/wmiv/gamecenter/statistics/29799/3-sgp-vs-iri,https://www.iihf.com//en/events/2022/wmiv/gamecenter/playbyplay/29799/3-sgp-vs-iri
96,BAHRI Arman,IRI,False,D,0,0,0,0,2,0.0,0:00,0.0,0:00,1,0:00,0,0:00,1,0:00,https://www.iihf.com//en/events/2022/wmiv/gamecenter/statistics/29799/3-sgp-vs-iri,https://www.iihf.com//en/events/2022/wmiv/gamecenter/playbyplay/29799/3-sgp-vs-iri
9,BAGHERI Danial,IRI,False,F,0,0,0,6,4,-1.0,0:00,0.0,0:00,3,0:00,0,0:00,1,0:00,https://www.iihf.com//en/events/2022/wmiv/gamecenter/statistics/29799/3-sgp-vs-iri,https://www.iihf.com//en/events/2022/wmiv/gamecenter/playbyplay/29799/3-sgp-vs-iri
24,GHORBANI Maziar,IRI,False,D,1,1,2,0,9,0.0,0:00,0.0,0:00,5,0:00,0,0:00,4,0:00,https://www.iihf.com//en/events/2022/wmiv/gamecenter/statistics/29799/3-sgp-vs-iri,https://www.iihf.com//en/events/2022/wmiv/gamecenter/playbyplay/29799/3-sgp-vs-iri
66,AGHAMOHAMMADI Mohsen,IRI,False,F,0,0,0,0,0,0.0,0:00,0.0,0:00,0,0:00,0,0:00,0,0:00,https://www.iihf.com//en/events/2022/wmiv/gamecenter/statistics/29799/3-sgp-vs-iri,https://www.iihf.com//en/events/2022/wmiv/gamecenter/playbyplay/29799/3-sgp-vs-iri
78,GHAFOORI Arshia,IRI,False,D,0,0,0,2,0,0.0,0:00,0.0,0:00,0,0:00,0,0:00,0,0:00,https://www.iihf.com//en/events/2022/wmiv/gamecenter/statistics/29799/3-sgp-vs-iri,https://www.iihf.com//en/events/2022/wmiv/gamecenter/playbyplay/29799/3-sgp-vs-iri
99,HEIDARI Amir,IRI,False,F,0,0,0,2,0,-2.0,0:00,0.0,0:00,0,0:00,0,0:00,0,0:00,https://www.iihf.com//en/events/2022/wmiv/gamecenter/statistics/29799/3-sgp-vs-iri,https://www.iihf.com//en/events/2022/wmiv/gamecenter/playbyplay/29799/3-sgp-vs-iri
8,KOREHEI Amin,IRI,False,F,0,0,0,0,2,2.0,0:00,0.0,0:00,0,0:00,1,0:00,1,0:00,https://www.iihf.com//en/events/2022/wmiv/gamecenter/statistics/29799/3-sgp-vs-iri,https://www.iihf.com//en/events/2022/wmiv/gamecenter/playbyplay/29799/3-sgp-vs-iri
10,SHEIKHJAFARI Mohammadreza,IRI,False,F,0,0,0,0,0,0.0,0:00,0.0,0:00,0,0:00,0,0:00,0,0:00,https://www.iihf.com//en/events/2022/wmiv/gamecenter/statistics/29799/3-sgp-vs-iri,https://www.iihf.com//en/events/2022/wmiv/gamecenter/playbyplay/29799/3-sgp-vs-iri
25,GHAHAR Matin,IRI,False,F,0,0,0,2,0,-2.0,0:00,0.0,0:00,0,0:00,0,0:00,0,0:00,https://www.iihf.com//en/events/2022/wmiv/gamecenter/statistics/29799/3-sgp-vs-iri,https://www.iihf.com//en/events/2022/wmiv/gamecenter/playbyplay/29799/3-sgp-vs-iri
68,DEHGHANI Abbas,IRI,False,D,0,0,0,0,0,0.0,0:00,0.0,0:00,0,0:00,0,0:00,0,0:00,https://www.iihf.com//en/events/2022/wmiv/gamecenter/statistics/29799/3-sgp-vs-iri,https://www.iihf.com//en/events/2022/wmiv/gamecenter/playbyplay/29799/3-sgp-vs-iri
87,MAHDIYOUN Amir,IRI,False,F,0,0,0,0,0,0.0,0:00,0.0,0:00,0,0:00,0,0:00,0,0:00,https://www.iihf.com//en/events/2022/wmiv/gamecenter/statistics/29799/3-sgp-vs-iri,https://www.iihf.com//en/events/2022/wmiv/gamecenter/playbyplay/29799/3-sgp-vs-iri
28,ABDOLLAHI Mahbod,IRI,False,D,0,0,0,0,0,0.0,0:00,0.0,0:00,0,0:00,0,0:00,0,0:00,https://www.iihf.com//en/events/2022/wmiv/gamecenter/statistics/29799/3-sgp-vs-iri,https://www.iihf.com//en/events/2022/wmiv/gamecenter/playbyplay/29799/3-sgp-vs-iri
79,SAROOGHI Danial,IRI,False,F,0,0,0,0,0,0.0,0:00,0.0,0:00,0,0:00,0,0:00,0,0:00,https://www.iihf.com//en/events/2022/wmiv/gamecenter/statistics/29799/3-sgp-vs-iri,https://www.iihf.com//en/events/2022/wmiv/gamecenter/playbyplay/29799/3-sgp-vs-iri
31,HASSANZADEH Oveis,IRI,False,GK,0,0,0,0,0,,,,,0,,0,,0,,https://www.iihf.com//en/events/2022/wmiv/gamecenter/statistics/29799/3-sgp-vs-iri,https://www.iihf.com//en/events/2022/wmiv/gamecenter/playbyplay/29799/3-sgp-vs-iri
98,MAHDAVI Alireza,IRI,False,GK,0,0,0,0,0,,,,,0,,0,,0,,https://www.iihf.com//en/events/2022/wmiv/gamecenter/statistics/29799/3-sgp-vs-iri,https://www.iihf.com//en/events/2022/wmiv/gamecenter/playbyplay/29799/3-sgp-vs-iri
7,HAMNETT Matthew,SGP,True,D,0,0,0,2,1,0.0,0:00,0.0,0:00,0,0:00,0,0:00,1,0:00,https://www.iihf.com//en/events/2022/wmiv/gamecenter/statistics/29800/4-sgp-vs-kuw,https://www.iihf.com//en/events/2022/wmiv/gamecenter/playbyplay/29800/4-sgp-vs-kuw
55,GOH Ryan Tsui Hon,SGP,True,F,0,0,0,0,3,0.0,0:00,0.0,0:00,0,0:00,3,0:00,0,0:00,https://www.iihf.com//en/events/2022/wmiv/gamecenter/statistics/29800/4-sgp-vs-kuw,https://www.iihf.com//en/events/2022/wmiv/gamecenter/playbyplay/29800/4-sgp-vs-kuw
68,TAN Jiaju Ryan,SGP,True,F,1,0,1,0,3,0.0,0:00,0.0,0:00,2,0:00,0,0:00,1,0:00,https://www.iihf.com//en/events/2022/wmiv/gamecenter/statistics/29800/4-sgp-vs-kuw,https://www.iihf.com//en/events/2022/wmiv/gamecenter/playbyplay/29800/4-sgp-vs-kuw
77,CHEW Wee,SGP,True,D,0,1,1,0,2,2.0,0:00,0.0,0:00,0,0:00,2,0:00,0,0:00,https://www.iihf.com//en/events/2022/wmiv/gamecenter/statistics/29800/4-sgp-vs-kuw,https://www.iihf.com//en/events/2022/wmiv/gamecenter/playbyplay/29800/4-sgp-vs-kuw
97,CHAN Joshua,SGP,True,F,1,0,1,0,8,1.0,0:00,0.0,0:00,3,0:00,3,0:00,2,0:00,https://www.iihf.com//en/events/2022/wmiv/gamecenter/statistics/29800/4-sgp-vs-kuw,https://www.iihf.com//en/events/2022/wmiv/gamecenter/playbyplay/29800/4-sgp-vs-kuw
8,REDDEN Ethan,SGP,True,F,2,0,2,0,6,2.0,0:00,0.0,0:00,3,0:00,3,0:00,0,0:00,https://www.iihf.com//en/events/2022/wmiv/gamecenter/statistics/29800/4-sgp-vs-kuw,https://www.iihf.com//en/events/2022/wmiv/gamecenter/playbyplay/29800/4-sgp-vs-kuw
53,WONG Christopher,SGP,True,F,0,1,1,2,2,1.0,0:00,0.0,0:00,0,0:00,1,0:00,1,0:00,https://www.iihf.com//en/events/2022/wmiv/gamecenter/statistics/29800/4-sgp-vs-kuw,https://www.iihf.com//en/events/2022/wmiv/gamecenter/playbyplay/29800/4-sgp-vs-kuw
71,LEE Bryan Shao Herng,SGP,True,F,0,0,0,2,4,1.0,0:00,0.0,0:00,2,0:00,2,0:00,0,0:00,https://www.iihf.com//en/events/2022/wmiv/gamecenter/statistics/29800/4-sgp-vs-kuw,https://www.iihf.com//en/events/2022/wmiv/gamecenter/playbyplay/29800/4-sgp-vs-kuw
76,CHUA Cael Juin Hui,SGP,True,D,0,2,2,0,1,1.0,0:00,0.0,0:00,1,0:00,0,0:00,0,0:00,https://www.iihf.com//en/events/2022/wmiv/gamecenter/statistics/29800/4-sgp-vs-kuw,https://www.iihf.com//en/events/2022/wmiv/gamecenter/playbyplay/29800/4-sgp-vs-kuw
88,HUANG Qiwei Benjamin,SGP,True,D,0,0,0,2,0,1.0,0:00,0.0,0:00,0,0:00,0,0:00,0,0:00,https://www.iihf.com//en/events/2022/wmiv/gamecenter/statistics/29800/4-sgp-vs-kuw,https://www.iihf.com//en/events/2022/wmiv/gamecenter/playbyplay/29800/4-sgp-vs-kuw
14,LAM Tat Chung Joewe,SGP,True,F,0,0,0,0,0,0.0,0:00,0.0,0:00,0,0:00,0,0:00,0,0:00,https://www.iihf.com//en/events/2022/wmiv/gamecenter/statistics/29800/4-sgp-vs-kuw,https://www.iihf.com//en/events/2022/wmiv/gamecenter/playbyplay/29800/4-sgp-vs-kuw
47,LEE Shaw Hsiang,SGP,True,F,0,0,0,0,0,0.0,0:00,0.0,0:00,0,0:00,0,0:00,0,0:00,https://www.iihf.com//en/events/2022/wmiv/gamecenter/statistics/29800/4-sgp-vs-kuw,https://www.iihf.com//en/events/2022/wmiv/gamecenter/playbyplay/29800/4-sgp-vs-kuw
58,REDDEN Christian,SGP,True,D,0,0,0,2,0,1.0,0:00,0.0,0:00,0,0:00,0,0:00,0,0:00,https://www.iihf.com//en/events/2022/wmiv/gamecenter/statistics/29800/4-sgp-vs-kuw,https://www.iihf.com//en/events/2022/wmiv/gamecenter/playbyplay/29800/4-sgp-vs-kuw
66,KOK Hung Wei,SGP,True,F,0,0,0,0,0,0.0,0:00,0.0,0:00,0,0:00,0,0:00,0,0:00,https://www.iihf.com//en/events/2022/wmiv/gamecenter/statistics/29800/4-sgp-vs-kuw,https://www.iihf.com//en/events/2022/wmiv/gamecenter/playbyplay/29800/4-sgp-vs-kuw
72,LOW Elijah,SGP,True,F,0,0,0,0,0,0.0,0:00,0.0,0:00,0,0:00,0,0:00,0,0:00,https://www.iihf.com//en/events/2022/wmiv/gamecenter/statistics/29800/4-sgp-vs-kuw,https://www.iihf.com//en/events/2022/wmiv/gamecenter/playbyplay/29800/4-sgp-vs-kuw
94,MUTHUKUMAR Karthikeyan,SGP,True,F,0,0,0,0,0,0.0,0:00,0.0,0:00,0,0:00,0,0:00,0,0:00,https://www.iihf.com//en/events/2022/wmiv/gamecenter/statistics/29800/4-sgp-vs-kuw,https://www.iihf.com//en/events/2022/wmiv/gamecenter/playbyplay/29800/4-sgp-vs-kuw
1,LEE Joshua Shao Ern,SGP,True,GK,0,0,0,0,0,,,,,0,,0,,0,,https://www.iihf.com//en/events/2022/wmiv/gamecenter/statistics/29800/4-sgp-vs-kuw,https://www.iihf.com//en/events/2022/wmiv/gamecenter/playbyplay/29800/4-sgp-vs-kuw
45,LIANG Chin Ming Kenny,SGP,True,GK,0,0,0,0,0,,,,,0,,0,,0,,https://www.iihf.com//en/events/2022/wmiv/gamecenter/statistics/29800/4-sgp-vs-kuw,https://www.iihf.com//en/events/2022/wmiv/gamecenter/playbyplay/29800/4-sgp-vs-kuw
5,ALZIDAN Abdullah,KUW,False,D,0,0,0,2,1,-1.0,0:00,0.0,0:00,1,0:00,0,0:00,0,0:00,https://www.iihf.com//en/events/2022/wmiv/gamecenter/statistics/29800/4-sgp-vs-kuw,https://www.iihf.com//en/events/2022/wmiv/gamecenter/playbyplay/29800/4-sgp-vs-kuw
6,ALSARRAF Ali,KUW,False,F,0,0,0,2,6,0.0,0:00,0.0,0:00,2,0:00,1,0:00,3,0:00,https://www.iihf.com//en/events/2022/wmiv/gamecenter/statistics/29800/4-sgp-vs-kuw,https://www.iihf.com//en/events/2022/wmiv/gamecenter/playbyplay/29800/4-sgp-vs-kuw
9,ALAJMI Ahmad,KUW,False,F,0,0,0,2,3,-1.0,0:00,0.0,0:00,0,0:00,2,0:00,1,0:00,https://www.iihf.com//en/events/2022/wmiv/gamecenter/statistics/29800/4-sgp-vs-kuw,https://www.iihf.com//en/events/2022/wmiv/gamecenter/playbyplay/29800/4-sgp-vs-kuw
11,ALAJMI Mohammad,KUW,False,F,0,0,0,0,0,-1.0,0:00,0.0,0:00,0,0:00,0,0:00,0,0:00,https://www.iihf.com//en/events/2022/wmiv/gamecenter/statistics/29800/4-sgp-vs-kuw,https://www.iihf.com//en/events/2022/wmiv/gamecenter/playbyplay/29800/4-sgp-vs-kuw
17,ALAWADHI Jasem,KUW,False,D,0,0,0,2,7,-1.0,0:00,0.0,0:00,4,0:00,2,0:00,1,0:00,https://www.iihf.com//en/events/2022/wmiv/gamecenter/statistics/29800/4-sgp-vs-kuw,https://www.iihf.com//en/events/2022/wmiv/gamecenter/playbyplay/29800/4-sgp-vs-kuw
2,ALDAEI Abdulrazaq,KUW,False,D,0,0,0,4,5,0.0,0:00,0.0,0:00,3,0:00,0,0:00,2,0:00,https://www.iihf.com//en/events/2022/wmiv/gamecenter/statistics/29800/4-sgp-vs-kuw,https://www.iihf.com//en/events/2022/wmiv/gamecenter/playbyplay/29800/4-sgp-vs-kuw
3,KHALAF Khalaf,KUW,False,D,0,0,0,0,0,0.0,0:00,0.0,0:00,0,0:00,0,0:00,0,0:00,https://www.iihf.com//en/events/2022/wmiv/gamecenter/statistics/29800/4-sgp-vs-kuw,https://www.iihf.com//en/events/2022/wmiv/gamecenter/playbyplay/29800/4-sgp-vs-kuw
7,ALAJMI Mashari,KUW,False,F,0,0,0,0,1,0.0,0:00,0.0,0:00,0,0:00,0,0:00,1,0:00,https://www.iihf.com//en/events/2022/wmiv/gamecenter/statistics/29800/4-sgp-vs-kuw,https://www.iihf.com//en/events/2022/wmiv/gamecenter/playbyplay/29800/4-sgp-vs-kuw
10,ALKHASHAN Abdulaziz,KUW,False,F,0,0,0,0,1,0.0,0:00,0.0,0:00,0,0:00,1,0:00,0,0:00,https://www.iihf.com//en/events/2022/wmiv/gamecenter/statistics/29800/4-sgp-vs-kuw,https://www.iihf.com//en/events/2022/wmiv/gamecenter/playbyplay/29800/4-sgp-vs-kuw
12,ALMARI Salem,KUW,False,F,0,0,0,0,0,0.0,0:00,0.0,0:00,0,0:00,0,0:00,0,0:00,https://www.iihf.com//en/events/2022/wmiv/gamecenter/statistics/29800/4-sgp-vs-kuw,https://www.iihf.com//en/events/2022/wmiv/gamecenter/playbyplay/29800/4-sgp-vs-kuw
8,ALDUAIJ Mohammed,KUW,False,D,0,0,0,2,1,-2.0,0:00,0.0,0:00,0,0:00,1,0:00,0,0:00,https://www.iihf.com//en/events/2022/wmiv/gamecenter/statistics/29800/4-sgp-vs-kuw,https://www.iihf.com//en/events/2022/wmiv/gamecenter/playbyplay/29800/4-sgp-vs-kuw
13,ALFOUDARI Meshal,KUW,False,D,0,0,0,0,0,-1.0,0:00,0.0,0:00,0,0:00,0,0:00,0,0:00,https://www.iihf.com//en/events/2022/wmiv/gamecenter/statistics/29800/4-sgp-vs-kuw,https://www.iihf.com//en/events/2022/wmiv/gamecenter/playbyplay/29800/4-sgp-vs-kuw
14,ALAJMI Salem,KUW,False,F,0,0,0,6,1,-1.0,0:00,0.0,0:00,0,0:00,0,0:00,1,0:00,https://www.iihf.com//en/events/2022/wmiv/gamecenter/statistics/29800/4-sgp-vs-kuw,https://www.iihf.com//en/events/2022/wmiv/gamecenter/playbyplay/29800/4-sgp-vs-kuw
15,ALMARAGHY Abdulaziz,KUW,False,F,0,0,0,0,1,-1.0,0:00,0.0,0:00,0,0:00,0,0:00,1,0:00,https://www.iihf.com//en/events/2022/wmiv/gamecenter/statistics/29800/4-sgp-vs-kuw,https://www.iihf.com//en/events/2022/wmiv/gamecenter/playbyplay/29800/4-sgp-vs-kuw
23,ALKANDARI Yousef,KUW,False,F,0,0,0,0,0,-1.0,0:00,0.0,0:00,0,0:00,0,0:00,0,0:00,https://www.iihf.com//en/events/2022/wmiv/gamecenter/statistics/29800/4-sgp-vs-kuw,https://www.iihf.com//en/events/2022/wmiv/gamecenter/playbyplay/29800/4-sgp-vs-kuw
16,ALDEAI Duaij,KUW,False,F,0,0,0,0,0,0.0,0:00,0.0,0:00,0,0:00,0,0:00,0,0:00,https://www.iihf.com//en/events/2022/wmiv/gamecenter/statistics/29800/4-sgp-vs-kuw,https://www.iihf.com//en/events/2022/wmiv/gamecenter/playbyplay/29800/4-sgp-vs-kuw
21,ALAJMI Hamad,KUW,False,F,0,0,0,0,0,0.0,0:00,0.0,0:00,0,0:00,0,0:00,0,0:00,https://www.iihf.com//en/events/2022/wmiv/gamecenter/statistics/29800/4-sgp-vs-kuw,https://www.iihf.com//en/events/2022/wmiv/gamecenter/playbyplay/29800/4-sgp-vs-kuw
1,ALSAEGH Ahmad,KUW,False,GK,0,0,0,0,0,,,,,0,,0,,0,,https://www.iihf.com//en/events/2022/wmiv/gamecenter/statistics/29800/4-sgp-vs-kuw,https://www.iihf.com//en/events/2022/wmiv/gamecenter/playbyplay/29800/4-sgp-vs-kuw
25,ALSARRAF Jasem,KUW,False,GK,0,0,0,0,0,,,,,0,,0,,0,,https://www.iihf.com//en/events/2022/wmiv/gamecenter/statistics/29800/4-sgp-vs-kuw,https://www.iihf.com//en/events/2022/wmiv/gamecenter/playbyplay/29800/4-sgp-vs-kuw
6,CHUVALOV Mikhail,KGZ,True,F,1,4,5,0,4,7.0,0:00,0.0,0:00,1,0:00,2,0:00,1,0:00,https://www.iihf.com//en/events/2022/wmiv/gamecenter/statistics/29801/5-kgz-vs-mas,https://www.iihf.com//en/events/2022/wmiv/gamecenter/playbyplay/29801/5-kgz-vs-mas
9,TONKIKH Vladimir,KGZ,True,F,3,1,4,0,9,7.0,0:00,0.0,0:00,3,0:00,5,0:00,1,0:00,https://www.iihf.com//en/events/2022/wmiv/gamecenter/statistics/29801/5-kgz-vs-mas,https://www.iihf.com//en/events/2022/wmiv/gamecenter/playbyplay/29801/5-kgz-vs-mas
10,EGOROV Maxim,KGZ,True,D,1,1,2,2,9,7.0,0:00,0.0,0:00,4,0:00,2,0:00,3,0:00,https://www.iihf.com//en/events/2022/wmiv/gamecenter/statistics/29801/5-kgz-vs-mas,https://www.iihf.com//en/events/2022/wmiv/gamecenter/playbyplay/29801/5-kgz-vs-mas
16,TERENTYEV Kuzma,KGZ,True,D,0,1,1,2,3,7.0,0:00,0.0,0:00,0,0:00,0,0:00,3,0:00,https://www.iihf.com//en/events/2022/wmiv/gamecenter/statistics/29801/5-kgz-vs-mas,https://www.iihf.com//en/events/2022/wmiv/gamecenter/playbyplay/29801/5-kgz-vs-mas
19,NOSOV Vladimir,KGZ,True,F,3,3,6,0,10,7.0,0:00,0.0,0:00,4,0:00,3,0:00,3,0:00,https://www.iihf.com//en/events/2022/wmiv/gamecenter/statistics/29801/5-kgz-vs-mas,https://www.iihf.com//en/events/2022/wmiv/gamecenter/playbyplay/29801/5-kgz-vs-mas
4,KACHKYNBEKOV Adis,KGZ,True,D,0,0,0,0,5,4.0,0:00,0.0,0:00,1,0:00,3,0:00,1,0:00,https://www.iihf.com//en/events/2022/wmiv/gamecenter/statistics/29801/5-kgz-vs-mas,https://www.iihf.com//en/events/2022/wmiv/gamecenter/playbyplay/29801/5-kgz-vs-mas
8,TYNALIEV Salamat,KGZ,True,D,1,1,2,2,8,7.0,0:00,0.0,0:00,2,0:00,2,0:00,4,0:00,https://www.iihf.com//en/events/2022/wmiv/gamecenter/statistics/29801/5-kgz-vs-mas,https://www.iihf.com//en/events/2022/wmiv/gamecenter/playbyplay/29801/5-kgz-vs-mas
14,ASANALIEV Artur,KGZ,True,F,0,0,0,0,4,0.0,0:00,0.0,0:00,0,0:00,1,0:00,3,0:00,https://www.iihf.com//en/events/2022/wmiv/gamecenter/statistics/29801/5-kgz-vs-mas,https://www.iihf.com//en/events/2022/wmiv/gamecenter/playbyplay/29801/5-kgz-vs-mas
17,KUDASHEV Anton,KGZ,True,D,1,0,1,0,2,4.0,0:00,0.0,0:00,1,0:00,1,0:00,0,0:00,https://www.iihf.com//en/events/2022/wmiv/gamecenter/statistics/29801/5-kgz-vs-mas,https://www.iihf.com//en/events/2022/wmiv/gamecenter/playbyplay/29801/5-kgz-vs-mas
18,KIM Kirill,KGZ,True,F,2,1,3,2,5,8.0,0:00,0.0,0:00,2,0:00,1,0:00,2,0:00,https://www.iihf.com//en/events/2022/wmiv/gamecenter/statistics/29801/5-kgz-vs-mas,https://www.iihf.com//en/events/2022/wmiv/gamecenter/playbyplay/29801/5-kgz-vs-mas
5,MYRZABAEV Maksat,KGZ,True,D,1,0,1,0,4,6.0,0:00,0.0,0:00,1,0:00,2,0:00,1,0:00,https://www.iihf.com//en/events/2022/wmiv/gamecenter/statistics/29801/5-kgz-vs-mas,https://www.iihf.com//en/events/2022/wmiv/gamecenter/playbyplay/29801/5-kgz-vs-mas
7,TITOV Alexander,KGZ,True,F,3,2,5,0,7,4.0,0:00,0.0,0:00,4,0:00,1,0:00,2,0:00,https://www.iihf.com//en/events/2022/wmiv/gamecenter/statistics/29801/5-kgz-vs-mas,https://www.iihf.com//en/events/2022/wmiv/gamecenter/playbyplay/29801/5-kgz-vs-mas
12,MIRBEKOV Ersultan,KGZ,True,F,1,2,3,0,5,4.0,0:00,0.0,0:00,1,0:00,3,0:00,1,0:00,https://www.iihf.com//en/events/2022/wmiv/gamecenter/statistics/29801/5-kgz-vs-mas,https://www.iihf.com//en/events/2022/wmiv/gamecenter/playbyplay/29801/5-kgz-vs-mas
15,ABDYRAEV Islambek,KGZ,True,F,1,2,3,0,2,4.0,0:00,0.0,0:00,0,0:00,0,0:00,2,0:00,https://www.iihf.com//en/events/2022/wmiv/gamecenter/statistics/29801/5-kgz-vs-mas,https://www.iihf.com//en/events/2022/wmiv/gamecenter/playbyplay/29801/5-kgz-vs-mas
22,TURSUNBEKOV Uran,KGZ,True,D,0,1,1,0,2,6.0,0:00,0.0,0:00,0,0:00,1,0:00,1,0:00,https://www.iihf.com//en/events/2022/wmiv/gamecenter/statistics/29801/5-kgz-vs-mas,https://www.iihf.com//en/events/2022/wmiv/gamecenter/playbyplay/29801/5-kgz-vs-mas
2,SHAMYRKANOV Eramir,KGZ,True,F,0,0,0,0,2,0.0,0:00,0.0,0:00,0,0:00,2,0:00,0,0:00,https://www.iihf.com//en/events/2022/wmiv/gamecenter/statistics/29801/5-kgz-vs-mas,https://www.iihf.com//en/events/2022/wmiv/gamecenter/playbyplay/29801/5-kgz-vs-mas
3,TIKHONOV Aleksandr,KGZ,True,F,0,0,0,0,3,-1.0,0:00,0.0,0:00,1,0:00,0,0:00,2,0:00,https://www.iihf.com//en/events/2022/wmiv/gamecenter/statistics/29801/5-kgz-vs-mas,https://www.iihf.com//en/events/2022/wmiv/gamecenter/playbyplay/29801/5-kgz-vs-mas
23,ISMANOV Sultan,KGZ,True,F,4,1,5,0,5,7.0,0:00,0.0,0:00,0,0:00,4,0:00,1,0:00,https://www.iihf.com//en/events/2022/wmiv/gamecenter/statistics/29801/5-kgz-vs-mas,https://www.iihf.com//en/events/2022/wmiv/gamecenter/playbyplay/29801/5-kgz-vs-mas
1,PETROV Alexander,KGZ,True,GK,0,0,0,0,0,,,,,0,,0,,0,,https://www.iihf.com//en/events/2022/wmiv/gamecenter/statistics/29801/5-kgz-vs-mas,https://www.iihf.com//en/events/2022/wmiv/gamecenter/playbyplay/29801/5-kgz-vs-mas
20,ALYMBEKOV Kadyr,KGZ,True,GK,0,0,0,2,0,,,,,0,,0,,0,,https://www.iihf.com//en/events/2022/wmiv/gamecenter/statistics/29801/5-kgz-vs-mas,https://www.iihf.com//en/events/2022/wmiv/gamecenter/playbyplay/29801/5-kgz-vs-mas
6,MOHAMMAD Hariz,MAS,False,F,0,0,0,2,0,-4.0,0:00,0.0,0:00,0,0:00,0,0:00,0,0:00,https://www.iihf.com//en/events/2022/wmiv/gamecenter/statistics/29801/5-kgz-vs-mas,https://www.iihf.com//en/events/2022/wmiv/gamecenter/playbyplay/29801/5-kgz-vs-mas
8,VERSLUIS Arie,MAS,False,F,0,0,0,0,1,-6.0,0:00,0.0,0:00,0,0:00,1,0:00,0,0:00,https://www.iihf.com//en/events/2022/wmiv/gamecenter/statistics/29801/5-kgz-vs-mas,https://www.iihf.com//en/events/2022/wmiv/gamecenter/playbyplay/29801/5-kgz-vs-mas
9,GOH Chu Shern Austin,MAS,False,D,0,0,0,0,1,-3.0,0:00,0.0,0:00,0,0:00,1,0:00,0,0:00,https://www.iihf.com//en/events/2022/wmiv/gamecenter/statistics/29801/5-kgz-vs-mas,https://www.iihf.com//en/events/2022/wmiv/gamecenter/playbyplay/29801/5-kgz-vs-mas
10,LOW Ju Hong,MAS,False,F,0,0,0,0,1,-6.0,0:00,0.0,0:00,1,0:00,0,0:00,0,0:00,https://www.iihf.com//en/events/2022/wmiv/gamecenter/statistics/29801/5-kgz-vs-mas,https://www.iihf.com//en/events/2022/wmiv/gamecenter/playbyplay/29801/5-kgz-vs-mas
12,VERSLUIS Deen,MAS,False,F,1,0,1,0,1,-4.0,0:00,0.0,0:00,0,0:00,1,0:00,0,0:00,https://www.iihf.com//en/events/2022/wmiv/gamecenter/statistics/29801/5-kgz-vs-mas,https://www.iihf.com//en/events/2022/wmiv/gamecenter/playbyplay/29801/5-kgz-vs-mas
11,SHAHARUDIN Muhammad Syukri,MAS,False,D,0,0,0,0,0,-11.0,0:00,0.0,0:00,0,0:00,0,0:00,0,0:00,https://www.iihf.com//en/events/2022/wmiv/gamecenter/statistics/29801/5-kgz-vs-mas,https://www.iihf.com//en/events/2022/wmiv/gamecenter/playbyplay/29801/5-kgz-vs-mas
13,GOH Chu Ern Aaron,MAS,False,F,0,0,0,0,1,-8.0,0:00,0.0,0:00,0,0:00,1,0:00,0,0:00,https://www.iihf.com//en/events/2022/wmiv/gamecenter/statistics/29801/5-kgz-vs-mas,https://www.iihf.com//en/events/2022/wmiv/gamecenter/playbyplay/29801/5-kgz-vs-mas
17,AZHAR Andika Rees Pahamin,MAS,False,F,0,0,0,0,0,-3.0,0:00,0.0,0:00,0,0:00,0,0:00,0,0:00,https://www.iihf.com//en/events/2022/wmiv/gamecenter/statistics/29801/5-kgz-vs-mas,https://www.iihf.com//en/events/2022/wmiv/gamecenter/playbyplay/29801/5-kgz-vs-mas
18,MUHAMMAD Fareez Afdlin,MAS,False,F,0,0,0,0,0,-5.0,0:00,0.0,0:00,0,0:00,0,0:00,0,0:00,https://www.iihf.com//en/events/2022/wmiv/gamecenter/statistics/29801/5-kgz-vs-mas,https://www.iihf.com//en/events/2022/wmiv/gamecenter/playbyplay/29801/5-kgz-vs-mas
24,RAJA Karim Adli,MAS,False,F,0,0,0,0,0,-5.0,0:00,0.0,0:00,0,0:00,0,0:00,0,0:00,https://www.iihf.com//en/events/2022/wmiv/gamecenter/statistics/29801/5-kgz-vs-mas,https://www.iihf.com//en/events/2022/wmiv/gamecenter/playbyplay/29801/5-kgz-vs-mas
4,MOHAMMAD NOOR Harith,MAS,False,F,0,0,0,2,0,-6.0,0:00,0.0,0:00,0,0:00,0,0:00,0,0:00,https://www.iihf.com//en/events/2022/wmiv/gamecenter/statistics/29801/5-kgz-vs-mas,https://www.iihf.com//en/events/2022/wmiv/gamecenter/playbyplay/29801/5-kgz-vs-mas
14,MUHD Aisar,MAS,False,F,0,0,0,2,0,-3.0,0:00,0.0,0:00,0,0:00,0,0:00,0,0:00,https://www.iihf.com//en/events/2022/wmiv/gamecenter/statistics/29801/5-kgz-vs-mas,https://www.iihf.com//en/events/2022/wmiv/gamecenter/playbyplay/29801/5-kgz-vs-mas
21,GOH Juan Jie,MAS,False,D,0,0,0,0,0,-10.0,0:00,0.0,0:00,0,0:00,0,0:00,0,0:00,https://www.iihf.com//en/events/2022/wmiv/gamecenter/statistics/29801/5-kgz-vs-mas,https://www.iihf.com//en/events/2022/wmiv/gamecenter/playbyplay/29801/5-kgz-vs-mas
22,PRAKASH Stephen,MAS,False,F,0,0,0,0,0,-8.0,0:00,0.0,0:00,0,0:00,0,0:00,0,0:00,https://www.iihf.com//en/events/2022/wmiv/gamecenter/statistics/29801/5-kgz-vs-mas,https://www.iihf.com//en/events/2022/wmiv/gamecenter/playbyplay/29801/5-kgz-vs-mas
16,SHAHABUDDIN Syed Ayman,MAS,False,F,0,0,0,0,0,-4.0,0:00,0.0,0:00,0,0:00,0,0:00,0,0:00,https://www.iihf.com//en/events/2022/wmiv/gamecenter/statistics/29801/5-kgz-vs-mas,https://www.iihf.com//en/events/2022/wmiv/gamecenter/playbyplay/29801/5-kgz-vs-mas
23,ONG Zhan Fei Timothy,MAS,False,F,0,0,0,0,0,-4.0,0:00,0.0,0:00,0,0:00,0,0:00,0,0:00,https://www.iihf.com//en/events/2022/wmiv/gamecenter/statistics/29801/5-kgz-vs-mas,https://www.iihf.com//en/events/2022/wmiv/gamecenter/playbyplay/29801/5-kgz-vs-mas
3,M.HAIKAL Muhammad Asyraaf,MAS,False,GK,0,0,0,0,0,,,,,0,,0,,0,,https://www.iihf.com//en/events/2022/wmiv/gamecenter/statistics/29801/5-kgz-vs-mas,https://www.iihf.com//en/events/2022/wmiv/gamecenter/playbyplay/29801/5-kgz-vs-mas
20,CHOW Meng Yenn Adrian,MAS,False,GK,0,0,0,0,0,,,,,0,,0,,0,,https://www.iihf.com//en/events/2022/wmiv/gamecenter/statistics/29801/5-kgz-vs-mas,https://www.iihf.com//en/events/2022/wmiv/gamecenter/playbyplay/29801/5-kgz-vs-mas
27,KEYHANFAR Jalal,IRI,True,F,1,2,3,0,6,0.0,0:00,0.0,0:00,1,0:00,1,0:00,4,0:00,https://www.iihf.com//en/events/2022/wmiv/gamecenter/statistics/29802/6-iri-vs-kuw,https://www.iihf.com//en/events/2022/wmiv/gamecenter/playbyplay/29802/6-iri-vs-kuw
38,HOUSHIDARI Farzad,IRI,True,D,3,1,4,0,6,0.0,0:00,0.0,0:00,2,0:00,4,0:00,0,0:00,https://www.iihf.com//en/events/2022/wmiv/gamecenter/statistics/29802/6-iri-vs-kuw,https://www.iihf.com//en/events/2022/wmiv/gamecenter/playbyplay/29802/6-iri-vs-kuw
51,MOGHADASI Farshad,IRI,True,D,0,0,0,4,1,2.0,0:00,0.0,0:00,1,0:00,0,0:00,0,0:00,https://www.iihf.com//en/events/2022/wmiv/gamecenter/statistics/29802/6-iri-vs-kuw,https://www.iihf.com//en/events/2022/wmiv/gamecenter/playbyplay/29802/6-iri-vs-kuw
77,MEHRABAN Nima,IRI,True,F,2,1,3,0,7,0.0,0:00,0.0,0:00,0,0:00,3,0:00,4,0:00,https://www.iihf.com//en/events/2022/wmiv/gamecenter/statistics/29802/6-iri-vs-kuw,https://www.iihf.com//en/events/2022/wmiv/gamecenter/playbyplay/29802/6-iri-vs-kuw
96,BAHRI Arman,IRI,True,D,0,0,0,4,2,1.0,0:00,0.0,0:00,0,0:00,1,0:00,1,0:00,https://www.iihf.com//en/events/2022/wmiv/gamecenter/statistics/29802/6-iri-vs-kuw,https://www.iihf.com//en/events/2022/wmiv/gamecenter/playbyplay/29802/6-iri-vs-kuw
8,KOREHEI Amin,IRI,True,F,0,0,0,2,3,2.0,0:00,0.0,0:00,0,0:00,1,0:00,2,0:00,https://www.iihf.com//en/events/2022/wmiv/gamecenter/statistics/29802/6-iri-vs-kuw,https://www.iihf.com//en/events/2022/wmiv/gamecenter/playbyplay/29802/6-iri-vs-kuw
9,BAGHERI Danial,IRI,True,F,0,2,2,4,2,2.0,0:00,0.0,0:00,1,0:00,1,0:00,0,0:00,https://www.iihf.com//en/events/2022/wmiv/gamecenter/statistics/29802/6-iri-vs-kuw,https://www.iihf.com//en/events/2022/wmiv/gamecenter/playbyplay/29802/6-iri-vs-kuw
24,GHORBANI Maziar,IRI,True,D,2,1,3,2,6,3.0,0:00,0.0,0:00,4,0:00,1,0:00,1,0:00,https://www.iihf.com//en/events/2022/wmiv/gamecenter/statistics/29802/6-iri-vs-kuw,https://www.iihf.com//en/events/2022/wmiv/gamecenter/playbyplay/29802/6-iri-vs-kuw
78,GHAFOORI Arshia,IRI,True,D,0,0,0,24,0,0.0,0:00,0.0,0:00,0,0:00,0,0:00,0,0:00,https://www.iihf.com//en/events/2022/wmiv/gamecenter/statistics/29802/6-iri-vs-kuw,https://www.iihf.com//en/events/2022/wmiv/gamecenter/playbyplay/29802/6-iri-vs-kuw
99,HEIDARI Amir,IRI,True,F,0,0,0,4,0,0.0,0:00,0.0,0:00,0,0:00,0,0:00,0,0:00,https://www.iihf.com//en/events/2022/wmiv/gamecenter/statistics/29802/6-iri-vs-kuw,https://www.iihf.com//en/events/2022/wmiv/gamecenter/playbyplay/29802/6-iri-vs-kuw
10,SHEIKHJAFARI Mohammadreza,IRI,True,F,0,0,0,0,0,0.0,0:00,0.0,0:00,0,0:00,0,0:00,0,0:00,https://www.iihf.com//en/events/2022/wmiv/gamecenter/statistics/29802/6-iri-vs-kuw,https://www.iihf.com//en/events/2022/wmiv/gamecenter/playbyplay/29802/6-iri-vs-kuw
25,GHAHAR Matin,IRI,True,F,1,0,1,0,4,1.0,0:00,0.0,0:00,1,0:00,2,0:00,1,0:00,https://www.iihf.com//en/events/2022/wmiv/gamecenter/statistics/29802/6-iri-vs-kuw,https://www.iihf.com//en/events/2022/wmiv/gamecenter/playbyplay/29802/6-iri-vs-kuw
66,AGHAMOHAMMADI Mohsen,IRI,True,F,0,0,0,2,1,-1.0,0:00,0.0,0:00,0,0:00,1,0:00,0,0:00,https://www.iihf.com//en/events/2022/wmiv/gamecenter/statistics/29802/6-iri-vs-kuw,https://www.iihf.com//en/events/2022/wmiv/gamecenter/playbyplay/29802/6-iri-vs-kuw
68,DEHGHANI Abbas,IRI,True,D,0,0,0,0,0,-1.0,0:00,0.0,0:00,0,0:00,0,0:00,0,0:00,https://www.iihf.com//en/events/2022/wmiv/gamecenter/statistics/29802/6-iri-vs-kuw,https://www.iihf.com//en/events/2022/wmiv/gamecenter/playbyplay/29802/6-iri-vs-kuw
87,MAHDIYOUN Amir,IRI,True,F,0,0,0,2,0,0.0,0:00,0.0,0:00,0,0:00,0,0:00,0,0:00,https://www.iihf.com//en/events/2022/wmiv/gamecenter/statistics/29802/6-iri-vs-kuw,https://www.iihf.com//en/events/2022/wmiv/gamecenter/playbyplay/29802/6-iri-vs-kuw
31,HASSANZADEH Oveis,IRI,True,GK,0,0,0,0,0,,,,,0,,0,,0,,https://www.iihf.com//en/events/2022/wmiv/gamecenter/statistics/29802/6-iri-vs-kuw,https://www.iihf.com//en/events/2022/wmiv/gamecenter/playbyplay/29802/6-iri-vs-kuw
98,MAHDAVI Alireza,IRI,True,GK,0,0,0,0,0,,,,,0,,0,,0,,https://www.iihf.com//en/events/2022/wmiv/gamecenter/statistics/29802/6-iri-vs-kuw,https://www.iihf.com//en/events/2022/wmiv/gamecenter/playbyplay/29802/6-iri-vs-kuw
5,ALZIDAN Abdullah,KUW,False,D,0,0,0,2,1,-1.0,0:00,0.0,0:00,1,0:00,0,0:00,0,0:00,https://www.iihf.com//en/events/2022/wmiv/gamecenter/statistics/29802/6-iri-vs-kuw,https://www.iihf.com//en/events/2022/wmiv/gamecenter/playbyplay/29802/6-iri-vs-kuw
6,ALSARRAF Ali,KUW,False,F,1,0,1,2,5,-2.0,0:00,0.0,0:00,1,0:00,1,0:00,3,0:00,https://www.iihf.com//en/events/2022/wmiv/gamecenter/statistics/29802/6-iri-vs-kuw,https://www.iihf.com//en/events/2022/wmiv/gamecenter/playbyplay/29802/6-iri-vs-kuw
9,ALAJMI Ahmad,KUW,False,F,0,0,0,2,1,-2.0,0:00,0.0,0:00,0,0:00,0,0:00,1,0:00,https://www.iihf.com//en/events/2022/wmiv/gamecenter/statistics/29802/6-iri-vs-kuw,https://www.iihf.com//en/events/2022/wmiv/gamecenter/playbyplay/29802/6-iri-vs-kuw
11,ALAJMI Mohammad,KUW,False,F,0,0,0,24,0,-1.0,0:00,0.0,0:00,0,0:00,0,0:00,0,0:00,https://www.iihf.com//en/events/2022/wmiv/gamecenter/statistics/29802/6-iri-vs-kuw,https://www.iihf.com//en/events/2022/wmiv/gamecenter/playbyplay/29802/6-iri-vs-kuw
17,ALAWADHI Jasem,KUW,False,D,0,0,0,6,3,-2.0,0:00,0.0,0:00,0,0:00,1,0:00,2,0:00,https://www.iihf.com//en/events/2022/wmiv/gamecenter/statistics/29802/6-iri-vs-kuw,https://www.iihf.com//en/events/2022/wmiv/gamecenter/playbyplay/29802/6-iri-vs-kuw
2,ALDAEI Abdulrazaq,KUW,False,D,0,0,0,0,2,-1.0,0:00,0.0,0:00,1,0:00,1,0:00,0,0:00,https://www.iihf.com//en/events/2022/wmiv/gamecenter/statistics/29802/6-iri-vs-kuw,https://www.iihf.com//en/events/2022/wmiv/gamecenter/playbyplay/29802/6-iri-vs-kuw
3,KHALAF Khalaf,KUW,False,D,0,0,0,0,1,-1.0,0:00,0.0,0:00,0,0:00,0,0:00,1,0:00,https://www.iihf.com//en/events/2022/wmiv/gamecenter/statistics/29802/6-iri-vs-kuw,https://www.iihf.com//en/events/2022/wmiv/gamecenter/playbyplay/29802/6-iri-vs-kuw
7,ALAJMI Mashari,KUW,False,F,0,0,0,0,1,-1.0,0:00,0.0,0:00,0,0:00,0,0:00,1,0:00,https://www.iihf.com//en/events/2022/wmiv/gamecenter/statistics/29802/6-iri-vs-kuw,https://www.iihf.com//en/events/2022/wmiv/gamecenter/playbyplay/29802/6-iri-vs-kuw
10,ALKHASHAN Abdulaziz,KUW,False,F,0,0,0,0,1,-1.0,0:00,0.0,0:00,1,0:00,0,0:00,0,0:00,https://www.iihf.com//en/events/2022/wmiv/gamecenter/statistics/29802/6-iri-vs-kuw,https://www.iihf.com//en/events/2022/wmiv/gamecenter/playbyplay/29802/6-iri-vs-kuw
12,ALMARI Salem,KUW,False,F,0,0,0,0,0,-1.0,0:00,0.0,0:00,0,0:00,0,0:00,0,0:00,https://www.iihf.com//en/events/2022/wmiv/gamecenter/statistics/29802/6-iri-vs-kuw,https://www.iihf.com//en/events/2022/wmiv/gamecenter/playbyplay/29802/6-iri-vs-kuw
8,ALDUAIJ Mohammed,KUW,False,D,0,0,0,2,1,1.0,0:00,0.0,0:00,0,0:00,1,0:00,0,0:00,https://www.iihf.com//en/events/2022/wmiv/gamecenter/statistics/29802/6-iri-vs-kuw,https://www.iihf.com//en/events/2022/wmiv/gamecenter/playbyplay/29802/6-iri-vs-kuw
13,ALFOUDARI Meshal,KUW,False,D,0,0,0,2,3,1.0,0:00,0.0,0:00,0,0:00,1,0:00,2,0:00,https://www.iihf.com//en/events/2022/wmiv/gamecenter/statistics/29802/6-iri-vs-kuw,https://www.iihf.com//en/events/2022/wmiv/gamecenter/playbyplay/29802/6-iri-vs-kuw
14,ALAJMI Salem,KUW,False,F,0,0,0,26,0,0.0,0:00,0.0,0:00,0,0:00,0,0:00,0,0:00,https://www.iihf.com//en/events/2022/wmiv/gamecenter/statistics/29802/6-iri-vs-kuw,https://www.iihf.com//en/events/2022/wmiv/gamecenter/playbyplay/29802/6-iri-vs-kuw
15,ALMARAGHY Abdulaziz,KUW,False,F,0,0,0,2,3,0.0,0:00,0.0,0:00,0,0:00,0,0:00,3,0:00,https://www.iihf.com//en/events/2022/wmiv/gamecenter/statistics/29802/6-iri-vs-kuw,https://www.iihf.com//en/events/2022/wmiv/gamecenter/playbyplay/29802/6-iri-vs-kuw
23,ALKANDARI Yousef,KUW,False,F,0,0,0,0,1,1.0,0:00,0.0,0:00,0,0:00,1,0:00,0,0:00,https://www.iihf.com//en/events/2022/wmiv/gamecenter/statistics/29802/6-iri-vs-kuw,https://www.iihf.com//en/events/2022/wmiv/gamecenter/playbyplay/29802/6-iri-vs-kuw
16,ALDEAI Duaij,KUW,False,F,0,0,0,0,0,-1.0,0:00,0.0,0:00,0,0:00,0,0:00,0,0:00,https://www.iihf.com//en/events/2022/wmiv/gamecenter/statistics/29802/6-iri-vs-kuw,https://www.iihf.com//en/events/2022/wmiv/gamecenter/playbyplay/29802/6-iri-vs-kuw
21,ALAJMI Hamad,KUW,False,F,1,0,1,0,3,1.0,0:00,0.0,0:00,1,0:00,1,0:00,1,0:00,https://www.iihf.com//en/events/2022/wmiv/gamecenter/statistics/29802/6-iri-vs-kuw,https://www.iihf.com//en/events/2022/wmiv/gamecenter/playbyplay/29802/6-iri-vs-kuw
1,ALSAEGH Ahmad,KUW,False,GK,0,0,0,0,0,,,,,0,,0,,0,,https://www.iihf.com//en/events/2022/wmiv/gamecenter/statistics/29802/6-iri-vs-kuw,https://www.iihf.com//en/events/2022/wmiv/gamecenter/playbyplay/29802/6-iri-vs-kuw
25,ALSARRAF Jasem,KUW,False,GK,0,0,0,0,0,,,,,0,,0,,0,,https://www.iihf.com//en/events/2022/wmiv/gamecenter/statistics/29802/6-iri-vs-kuw,https://www.iihf.com//en/events/2022/wmiv/gamecenter/playbyplay/29802/6-iri-vs-kuw
6,MOHAMMAD Hariz,MAS,True,F,1,0,1,4,2,-3.0,0:00,0.0,0:00,1,0:00,0,0:00,1,0:00,https://www.iihf.com//en/events/2022/wmiv/gamecenter/statistics/29803/7-mas-vs-iri,https://www.iihf.com//en/events/2022/wmiv/gamecenter/playbyplay/29803/7-mas-vs-iri
8,VERSLUIS Arie,MAS,True,F,0,1,1,4,0,-2.0,0:00,0.0,0:00,0,0:00,0,0:00,0,0:00,https://www.iihf.com//en/events/2022/wmiv/gamecenter/statistics/29803/7-mas-vs-iri,https://www.iihf.com//en/events/2022/wmiv/gamecenter/playbyplay/29803/7-mas-vs-iri
9,GOH Chu Shern Austin,MAS,True,D,0,0,0,0,0,-1.0,0:00,0.0,0:00,0,0:00,0,0:00,0,0:00,https://www.iihf.com//en/events/2022/wmiv/gamecenter/statistics/29803/7-mas-vs-iri,https://www.iihf.com//en/events/2022/wmiv/gamecenter/playbyplay/29803/7-mas-vs-iri
12,VERSLUIS Deen,MAS,True,F,0,0,0,0,2,-3.0,0:00,0.0,0:00,1,0:00,1,0:00,0,0:00,https://www.iihf.com//en/events/2022/wmiv/gamecenter/statistics/29803/7-mas-vs-iri,https://www.iihf.com//en/events/2022/wmiv/gamecenter/playbyplay/29803/7-mas-vs-iri
22,PRAKASH Stephen,MAS,True,F,0,0,0,0,0,-3.0,0:00,0.0,0:00,0,0:00,0,0:00,0,0:00,https://www.iihf.com//en/events/2022/wmiv/gamecenter/statistics/29803/7-mas-vs-iri,https://www.iihf.com//en/events/2022/wmiv/gamecenter/playbyplay/29803/7-mas-vs-iri
11,SHAHARUDIN Muhammad Syukri,MAS,True,D,0,0,0,2,0,1.0,0:00,0.0,0:00,0,0:00,0,0:00,0,0:00,https://www.iihf.com//en/events/2022/wmiv/gamecenter/statistics/29803/7-mas-vs-iri,https://www.iihf.com//en/events/2022/wmiv/gamecenter/playbyplay/29803/7-mas-vs-iri
15,AIMAN ZUL Rafiq,MAS,True,F,1,0,1,2,3,0.0,0:00,0.0,0:00,0,0:00,1,0:00,2,0:00,https://www.iihf.com//en/events/2022/wmiv/gamecenter/statistics/29803/7-mas-vs-iri,https://www.iihf.com//en/events/2022/wmiv/gamecenter/playbyplay/29803/7-mas-vs-iri
17,AZHAR Andika Rees Pahamin,MAS,True,F,0,0,0,0,0,1.0,0:00,0.0,0:00,0,0:00,0,0:00,0,0:00,https://www.iihf.com//en/events/2022/wmiv/gamecenter/statistics/29803/7-mas-vs-iri,https://www.iihf.com//en/events/2022/wmiv/gamecenter/playbyplay/29803/7-mas-vs-iri
18,MUHAMMAD Fareez Afdlin,MAS,True,F,0,0,0,0,0,-2.0,0:00,0.0,0:00,0,0:00,0,0:00,0,0:00,https://www.iihf.com//en/events/2022/wmiv/gamecenter/statistics/29803/7-mas-vs-iri,https://www.iihf.com//en/events/2022/wmiv/gamecenter/playbyplay/29803/7-mas-vs-iri
24,RAJA Karim Adli,MAS,True,F,0,0,0,0,0,2.0,0:00,0.0,0:00,0,0:00,0,0:00,0,0:00,https://www.iihf.com//en/events/2022/wmiv/gamecenter/statistics/29803/7-mas-vs-iri,https://www.iihf.com//en/events/2022/wmiv/gamecenter/playbyplay/29803/7-mas-vs-iri
4,MOHAMMAD NOOR Harith,MAS,True,F,0,0,0,2,1,0.0,0:00,0.0,0:00,0,0:00,0,0:00,1,0:00,https://www.iihf.com//en/events/2022/wmiv/gamecenter/statistics/29803/7-mas-vs-iri,https://www.iihf.com//en/events/2022/wmiv/gamecenter/playbyplay/29803/7-mas-vs-iri
14,MUHD Aisar,MAS,True,F,1,0,1,0,3,1.0,0:00,0.0,0:00,2,0:00,0,0:00,1,0:00,https://www.iihf.com//en/events/2022/wmiv/gamecenter/statistics/29803/7-mas-vs-iri,https://www.iihf.com//en/events/2022/wmiv/gamecenter/playbyplay/29803/7-mas-vs-iri
16,SHAHABUDDIN Syed Ayman,MAS,True,F,0,0,0,0,0,0.0,0:00,0.0,0:00,0,0:00,0,0:00,0,0:00,https://www.iihf.com//en/events/2022/wmiv/gamecenter/statistics/29803/7-mas-vs-iri,https://www.iihf.com//en/events/2022/wmiv/gamecenter/playbyplay/29803/7-mas-vs-iri
21,GOH Juan Jie,MAS,True,D,0,1,1,0,0,-1.0,0:00,0.0,0:00,0,0:00,0,0:00,0,0:00,https://www.iihf.com//en/events/2022/wmiv/gamecenter/statistics/29803/7-mas-vs-iri,https://www.iihf.com//en/events/2022/wmiv/gamecenter/playbyplay/29803/7-mas-vs-iri
10,LOW Ju Hong,MAS,True,F,0,0,0,0,0,0.0,0:00,0.0,0:00,0,0:00,0,0:00,0,0:00,https://www.iihf.com//en/events/2022/wmiv/gamecenter/statistics/29803/7-mas-vs-iri,https://www.iihf.com//en/events/2022/wmiv/gamecenter/playbyplay/29803/7-mas-vs-iri
13,GOH Chu Ern Aaron,MAS,True,F,0,0,0,0,0,-1.0,0:00,0.0,0:00,0,0:00,0,0:00,0,0:00,https://www.iihf.com//en/events/2022/wmiv/gamecenter/statistics/29803/7-mas-vs-iri,https://www.iihf.com//en/events/2022/wmiv/gamecenter/playbyplay/29803/7-mas-vs-iri
23,ONG Zhan Fei Timothy,MAS,True,F,0,0,0,0,0,0.0,0:00,0.0,0:00,0,0:00,0,0:00,0,0:00,https://www.iihf.com//en/events/2022/wmiv/gamecenter/statistics/29803/7-mas-vs-iri,https://www.iihf.com//en/events/2022/wmiv/gamecenter/playbyplay/29803/7-mas-vs-iri
3,M.HAIKAL Muhammad Asyraaf,MAS,True,GK,0,0,0,0,0,,,,,0,,0,,0,,https://www.iihf.com//en/events/2022/wmiv/gamecenter/statistics/29803/7-mas-vs-iri,https://www.iihf.com//en/events/2022/wmiv/gamecenter/playbyplay/29803/7-mas-vs-iri
20,CHOW Meng Yenn Adrian,MAS,True,GK,0,0,0,0,0,,,,,0,,0,,0,,https://www.iihf.com//en/events/2022/wmiv/gamecenter/statistics/29803/7-mas-vs-iri,https://www.iihf.com//en/events/2022/wmiv/gamecenter/playbyplay/29803/7-mas-vs-iri
27,KEYHANFAR Jalal,IRI,False,F,0,4,4,0,8,2.0,0:00,0.0,0:00,3,0:00,2,0:00,3,0:00,https://www.iihf.com//en/events/2022/wmiv/gamecenter/statistics/29803/7-mas-vs-iri,https://www.iihf.com//en/events/2022/wmiv/gamecenter/playbyplay/29803/7-mas-vs-iri
38,HOUSHIDARI Farzad,IRI,False,D,1,0,1,2,5,-1.0,0:00,0.0,0:00,1,0:00,3,0:00,1,0:00,https://www.iihf.com//en/events/2022/wmiv/gamecenter/statistics/29803/7-mas-vs-iri,https://www.iihf.com//en/events/2022/wmiv/gamecenter/playbyplay/29803/7-mas-vs-iri
66,AGHAMOHAMMADI Mohsen,IRI,False,F,1,0,1,0,2,1.0,0:00,0.0,0:00,1,0:00,1,0:00,0,0:00,https://www.iihf.com//en/events/2022/wmiv/gamecenter/statistics/29803/7-mas-vs-iri,https://www.iihf.com//en/events/2022/wmiv/gamecenter/playbyplay/29803/7-mas-vs-iri
77,MEHRABAN Nima,IRI,False,F,0,0,0,2,7,-1.0,0:00,0.0,0:00,2,0:00,3,0:00,2,0:00,https://www.iihf.com//en/events/2022/wmiv/gamecenter/statistics/29803/7-mas-vs-iri,https://www.iihf.com//en/events/2022/wmiv/gamecenter/playbyplay/29803/7-mas-vs-iri
96,BAHRI Arman,IRI,False,D,0,2,2,2,0,1.0,0:00,0.0,0:00,0,0:00,0,0:00,0,0:00,https://www.iihf.com//en/events/2022/wmiv/gamecenter/statistics/29803/7-mas-vs-iri,https://www.iihf.com//en/events/2022/wmiv/gamecenter/playbyplay/29803/7-mas-vs-iri
8,KOREHEI Amin,IRI,False,F,1,1,2,0,5,3.0,0:00,0.0,0:00,2,0:00,2,0:00,1,0:00,https://www.iihf.com//en/events/2022/wmiv/gamecenter/statistics/29803/7-mas-vs-iri,https://www.iihf.com//en/events/2022/wmiv/gamecenter/playbyplay/29803/7-mas-vs-iri
9,BAGHERI Danial,IRI,False,F,1,0,1,2,4,-1.0,0:00,0.0,0:00,1,0:00,2,0:00,1,0:00,https://www.iihf.com//en/events/2022/wmiv/gamecenter/statistics/29803/7-mas-vs-iri,https://www.iihf.com//en/events/2022/wmiv/gamecenter/playbyplay/29803/7-mas-vs-iri
24,GHORBANI Maziar,IRI,False,D,1,2,3,0,6,0.0,0:00,0.0,0:00,2,0:00,4,0:00,0,0:00,https://www.iihf.com//en/events/2022/wmiv/gamecenter/statistics/29803/7-mas-vs-iri,https://www.iihf.com//en/events/2022/wmiv/gamecenter/playbyplay/29803/7-mas-vs-iri
51,MOGHADASI Farshad,IRI,False,D,0,1,1,0,2,1.0,0:00,0.0,0:00,1,0:00,0,0:00,1,0:00,https://www.iihf.com//en/events/2022/wmiv/gamecenter/statistics/29803/7-mas-vs-iri,https://www.iihf.com//en/events/2022/wmiv/gamecenter/playbyplay/29803/7-mas-vs-iri
78,GHAFOORI Arshia,IRI,False,D,1,1,2,0,4,2.0,0:00,0.0,0:00,1,0:00,1,0:00,2,0:00,https://www.iihf.com//en/events/2022/wmiv/gamecenter/statistics/29803/7-mas-vs-iri,https://www.iihf.com//en/events/2022/wmiv/gamecenter/playbyplay/29803/7-mas-vs-iri
10,SHEIKHJAFARI Mohammadreza,IRI,False,F,0,0,0,0,3,0.0,0:00,0.0,0:00,1,0:00,1,0:00,1,0:00,https://www.iihf.com//en/events/2022/wmiv/gamecenter/statistics/29803/7-mas-vs-iri,https://www.iihf.com//en/events/2022/wmiv/gamecenter/playbyplay/29803/7-mas-vs-iri
25,GHAHAR Matin,IRI,False,F,0,0,0,0,3,0.0,0:00,0.0,0:00,0,0:00,1,0:00,2,0:00,https://www.iihf.com//en/events/2022/wmiv/gamecenter/statistics/29803/7-mas-vs-iri,https://www.iihf.com//en/events/2022/wmiv/gamecenter/playbyplay/29803/7-mas-vs-iri
68,DEHGHANI Abbas,IRI,False,D,0,0,0,0,0,0.0,0:00,0.0,0:00,0,0:00,0,0:00,0,0:00,https://www.iihf.com//en/events/2022/wmiv/gamecenter/statistics/29803/7-mas-vs-iri,https://www.iihf.com//en/events/2022/wmiv/gamecenter/playbyplay/29803/7-mas-vs-iri
87,MAHDIYOUN Amir,IRI,False,F,0,0,0,0,0,0.0,0:00,0.0,0:00,0,0:00,0,0:00,0,0:00,https://www.iihf.com//en/events/2022/wmiv/gamecenter/statistics/29803/7-mas-vs-iri,https://www.iihf.com//en/events/2022/wmiv/gamecenter/playbyplay/29803/7-mas-vs-iri
99,HEIDARI Amir,IRI,False,F,1,0,1,0,2,1.0,0:00,0.0,0:00,0,0:00,1,0:00,1,0:00,https://www.iihf.com//en/events/2022/wmiv/gamecenter/statistics/29803/7-mas-vs-iri,https://www.iihf.com//en/events/2022/wmiv/gamecenter/playbyplay/29803/7-mas-vs-iri
28,ABDOLLAHI Mahbod,IRI,False,D,0,0,0,0,0,0.0,0:00,0.0,0:00,0,0:00,0,0:00,0,0:00,https://www.iihf.com//en/events/2022/wmiv/gamecenter/statistics/29803/7-mas-vs-iri,https://www.iihf.com//en/events/2022/wmiv/gamecenter/playbyplay/29803/7-mas-vs-iri
67,POORHASHEMI Reza,IRI,False,D,0,0,0,0,0,0.0,0:00,0.0,0:00,0,0:00,0,0:00,0,0:00,https://www.iihf.com//en/events/2022/wmiv/gamecenter/statistics/29803/7-mas-vs-iri,https://www.iihf.com//en/events/2022/wmiv/gamecenter/playbyplay/29803/7-mas-vs-iri
31,HASSANZADEH Oveis,IRI,False,GK,0,0,0,0,0,,,,,0,,0,,0,,https://www.iihf.com//en/events/2022/wmiv/gamecenter/statistics/29803/7-mas-vs-iri,https://www.iihf.com//en/events/2022/wmiv/gamecenter/playbyplay/29803/7-mas-vs-iri
98,MAHDAVI Alireza,IRI,False,GK,0,0,0,0,0,,,,,0,,0,,0,,https://www.iihf.com//en/events/2022/wmiv/gamecenter/statistics/29803/7-mas-vs-iri,https://www.iihf.com//en/events/2022/wmiv/gamecenter/playbyplay/29803/7-mas-vs-iri
6,CHUVALOV Mikhail,KGZ,True,F,2,1,3,0,5,6.0,0:00,0.0,0:00,3,0:00,1,0:00,1,0:00,https://www.iihf.com//en/events/2022/wmiv/gamecenter/statistics/29804/8-kgz-vs-sgp,https://www.iihf.com//en/events/2022/wmiv/gamecenter/playbyplay/29804/8-kgz-vs-sgp
9,TONKIKH Vladimir,KGZ,True,F,5,2,7,0,8,7.0,0:00,0.0,0:00,4,0:00,3,0:00,1,0:00,https://www.iihf.com//en/events/2022/wmiv/gamecenter/statistics/29804/8-kgz-vs-sgp,https://www.iihf.com//en/events/2022/wmiv/gamecenter/playbyplay/29804/8-kgz-vs-sgp
10,EGOROV Maxim,KGZ,True,D,0,5,5,2,5,4.0,0:00,0.0,0:00,2,0:00,1,0:00,2,0:00,https://www.iihf.com//en/events/2022/wmiv/gamecenter/statistics/29804/8-kgz-vs-sgp,https://www.iihf.com//en/events/2022/wmiv/gamecenter/playbyplay/29804/8-kgz-vs-sgp
16,TERENTYEV Kuzma,KGZ,True,D,1,1,2,0,3,4.0,0:00,0.0,0:00,0,0:00,0,0:00,3,0:00,https://www.iihf.com//en/events/2022/wmiv/gamecenter/statistics/29804/8-kgz-vs-sgp,https://www.iihf.com//en/events/2022/wmiv/gamecenter/playbyplay/29804/8-kgz-vs-sgp
19,NOSOV Vladimir,KGZ,True,F,2,3,5,0,5,7.0,0:00,0.0,0:00,3,0:00,1,0:00,1,0:00,https://www.iihf.com//en/events/2022/wmiv/gamecenter/statistics/29804/8-kgz-vs-sgp,https://www.iihf.com//en/events/2022/wmiv/gamecenter/playbyplay/29804/8-kgz-vs-sgp
4,KACHKYNBEKOV Adis,KGZ,True,D,0,0,0,0,1,3.0,0:00,0.0,0:00,0,0:00,0,0:00,1,0:00,https://www.iihf.com//en/events/2022/wmiv/gamecenter/statistics/29804/8-kgz-vs-sgp,https://www.iihf.com//en/events/2022/wmiv/gamecenter/playbyplay/29804/8-kgz-vs-sgp
7,TITOV Alexander,KGZ,True,F,3,0,3,0,7,1.0,0:00,0.0,0:00,3,0:00,2,0:00,2,0:00,https://www.iihf.com//en/events/2022/wmiv/gamecenter/statistics/29804/8-kgz-vs-sgp,https://www.iihf.com//en/events/2022/wmiv/gamecenter/playbyplay/29804/8-kgz-vs-sgp
12,MIRBEKOV Ersultan,KGZ,True,F,0,0,0,0,5,2.0,0:00,0.0,0:00,3,0:00,1,0:00,1,0:00,https://www.iihf.com//en/events/2022/wmiv/gamecenter/statistics/29804/8-kgz-vs-sgp,https://www.iihf.com//en/events/2022/wmiv/gamecenter/playbyplay/29804/8-kgz-vs-sgp
15,ABDYRAEV Islambek,KGZ,True,F,0,3,3,0,3,1.0,0:00,0.0,0:00,2,0:00,0,0:00,1,0:00,https://www.iihf.com//en/events/2022/wmiv/gamecenter/statistics/29804/8-kgz-vs-sgp,https://www.iihf.com//en/events/2022/wmiv/gamecenter/playbyplay/29804/8-kgz-vs-sgp
17,KUDASHEV Anton,KGZ,True,D,0,2,2,0,7,2.0,0:00,0.0,0:00,5,0:00,2,0:00,0,0:00,https://www.iihf.com//en/events/2022/wmiv/gamecenter/statistics/29804/8-kgz-vs-sgp,https://www.iihf.com//en/events/2022/wmiv/gamecenter/playbyplay/29804/8-kgz-vs-sgp
5,MYRZABAEV Maksat,KGZ,True,D,0,0,0,4,0,2.0,0:00,0.0,0:00,0,0:00,0,0:00,0,0:00,https://www.iihf.com//en/events/2022/wmiv/gamecenter/statistics/29804/8-kgz-vs-sgp,https://www.iihf.com//en/events/2022/wmiv/gamecenter/playbyplay/29804/8-kgz-vs-sgp
8,TYNALIEV Salamat,KGZ,True,D,0,1,1,0,0,2.0,0:00,0.0,0:00,0,0:00,0,0:00,0,0:00,https://www.iihf.com//en/events/2022/wmiv/gamecenter/statistics/29804/8-kgz-vs-sgp,https://www.iihf.com//en/events/2022/wmiv/gamecenter/playbyplay/29804/8-kgz-vs-sgp
18,KIM Kirill,KGZ,True,F,0,1,1,2,3,1.0,0:00,0.0,0:00,1,0:00,1,0:00,1,0:00,https://www.iihf.com//en/events/2022/wmiv/gamecenter/statistics/29804/8-kgz-vs-sgp,https://www.iihf.com//en/events/2022/wmiv/gamecenter/playbyplay/29804/8-kgz-vs-sgp
22,TURSUNBEKOV Uran,KGZ,True,D,0,0,0,0,4,3.0,0:00,0.0,0:00,1,0:00,1,0:00,2,0:00,https://www.iihf.com//en/events/2022/wmiv/gamecenter/statistics/29804/8-kgz-vs-sgp,https://www.iihf.com//en/events/2022/wmiv/gamecenter/playbyplay/29804/8-kgz-vs-sgp
23,ISMANOV Sultan,KGZ,True,F,2,1,3,0,5,3.0,0:00,0.0,0:00,2,0:00,2,0:00,1,0:00,https://www.iihf.com//en/events/2022/wmiv/gamecenter/statistics/29804/8-kgz-vs-sgp,https://www.iihf.com//en/events/2022/wmiv/gamecenter/playbyplay/29804/8-kgz-vs-sgp
2,SHAMYRKANOV Eramir,KGZ,True,F,0,0,0,0,0,0.0,0:00,0.0,0:00,0,0:00,0,0:00,0,0:00,https://www.iihf.com//en/events/2022/wmiv/gamecenter/statistics/29804/8-kgz-vs-sgp,https://www.iihf.com//en/events/2022/wmiv/gamecenter/playbyplay/29804/8-kgz-vs-sgp
3,TIKHONOV Aleksandr,KGZ,True,F,0,0,0,0,1,0.0,0:00,0.0,0:00,0,0:00,0,0:00,1,0:00,https://www.iihf.com//en/events/2022/wmiv/gamecenter/statistics/29804/8-kgz-vs-sgp,https://www.iihf.com//en/events/2022/wmiv/gamecenter/playbyplay/29804/8-kgz-vs-sgp
14,ASANALIEV Artur,KGZ,True,F,0,0,0,0,5,0.0,0:00,0.0,0:00,1,0:00,2,0:00,2,0:00,https://www.iihf.com//en/events/2022/wmiv/gamecenter/statistics/29804/8-kgz-vs-sgp,https://www.iihf.com//en/events/2022/wmiv/gamecenter/playbyplay/29804/8-kgz-vs-sgp
1,PETROV Alexander,KGZ,True,GK,0,0,0,0,0,,,,,0,,0,,0,,https://www.iihf.com//en/events/2022/wmiv/gamecenter/statistics/29804/8-kgz-vs-sgp,https://www.iihf.com//en/events/2022/wmiv/gamecenter/playbyplay/29804/8-kgz-vs-sgp
20,ALYMBEKOV Kadyr,KGZ,True,GK,0,0,0,0,0,,,,,0,,0,,0,,https://www.iihf.com//en/events/2022/wmiv/gamecenter/statistics/29804/8-kgz-vs-sgp,https://www.iihf.com//en/events/2022/wmiv/gamecenter/playbyplay/29804/8-kgz-vs-sgp
7,HAMNETT Matthew,SGP,False,D,0,0,0,0,0,-2.0,0:00,0.0,0:00,0,0:00,0,0:00,0,0:00,https://www.iihf.com//en/events/2022/wmiv/gamecenter/statistics/29804/8-kgz-vs-sgp,https://www.iihf.com//en/events/2022/wmiv/gamecenter/playbyplay/29804/8-kgz-vs-sgp
55,GOH Ryan Tsui Hon,SGP,False,F,0,0,0,0,0,-7.0,0:00,0.0,0:00,0,0:00,0,0:00,0,0:00,https://www.iihf.com//en/events/2022/wmiv/gamecenter/statistics/29804/8-kgz-vs-sgp,https://www.iihf.com//en/events/2022/wmiv/gamecenter/playbyplay/29804/8-kgz-vs-sgp
68,TAN Jiaju Ryan,SGP,False,F,0,0,0,0,2,-9.0,0:00,0.0,0:00,1,0:00,0,0:00,1,0:00,https://www.iihf.com//en/events/2022/wmiv/gamecenter/statistics/29804/8-kgz-vs-sgp,https://www.iihf.com//en/events/2022/wmiv/gamecenter/playbyplay/29804/8-kgz-vs-sgp
77,CHEW Wee,SGP,False,D,0,0,0,2,1,-6.0,0:00,0.0,0:00,1,0:00,0,0:00,0,0:00,https://www.iihf.com//en/events/2022/wmiv/gamecenter/statistics/29804/8-kgz-vs-sgp,https://www.iihf.com//en/events/2022/wmiv/gamecenter/playbyplay/29804/8-kgz-vs-sgp
97,CHAN Joshua,SGP,False,F,0,0,0,0,1,-7.0,0:00,0.0,0:00,0,0:00,0,0:00,1,0:00,https://www.iihf.com//en/events/2022/wmiv/gamecenter/statistics/29804/8-kgz-vs-sgp,https://www.iihf.com//en/events/2022/wmiv/gamecenter/playbyplay/29804/8-kgz-vs-sgp
8,REDDEN Ethan,SGP,False,F,0,0,0,2,3,-3.0,0:00,0.0,0:00,0,0:00,0,0:00,3,0:00,https://www.iihf.com//en/events/2022/wmiv/gamecenter/statistics/29804/8-kgz-vs-sgp,https://www.iihf.com//en/events/2022/wmiv/gamecenter/playbyplay/29804/8-kgz-vs-sgp
53,WONG Christopher,SGP,False,F,0,0,0,4,0,-3.0,0:00,0.0,0:00,0,0:00,0,0:00,0,0:00,https://www.iihf.com//en/events/2022/wmiv/gamecenter/statistics/29804/8-kgz-vs-sgp,https://www.iihf.com//en/events/2022/wmiv/gamecenter/playbyplay/29804/8-kgz-vs-sgp
71,LEE Bryan Shao Herng,SGP,False,F,0,0,0,2,2,-1.0,0:00,0.0,0:00,0,0:00,0,0:00,2,0:00,https://www.iihf.com//en/events/2022/wmiv/gamecenter/statistics/29804/8-kgz-vs-sgp,https://www.iihf.com//en/events/2022/wmiv/gamecenter/playbyplay/29804/8-kgz-vs-sgp
76,CHUA Cael Juin Hui,SGP,False,D,0,0,0,0,0,-3.0,0:00,0.0,0:00,0,0:00,0,0:00,0,0:00,https://www.iihf.com//en/events/2022/wmiv/gamecenter/statistics/29804/8-kgz-vs-sgp,https://www.iihf.com//en/events/2022/wmiv/gamecenter/playbyplay/29804/8-kgz-vs-sgp
88,HUANG Qiwei Benjamin,SGP,False,D,0,0,0,0,0,0.0,0:00,0.0,0:00,0,0:00,0,0:00,0,0:00,https://www.iihf.com//en/events/2022/wmiv/gamecenter/statistics/29804/8-kgz-vs-sgp,https://www.iihf.com//en/events/2022/wmiv/gamecenter/playbyplay/29804/8-kgz-vs-sgp
14,LAM Tat Chung Joewe,SGP,False,F,0,0,0,0,0,0.0,0:00,0.0,0:00,0,0:00,0,0:00,0,0:00,https://www.iihf.com//en/events/2022/wmiv/gamecenter/statistics/29804/8-kgz-vs-sgp,https://www.iihf.com//en/events/2022/wmiv/gamecenter/playbyplay/29804/8-kgz-vs-sgp
47,LEE Shaw Hsiang,SGP,False,F,0,0,0,0,0,-2.0,0:00,0.0,0:00,0,0:00,0,0:00,0,0:00,https://www.iihf.com//en/events/2022/wmiv/gamecenter/statistics/29804/8-kgz-vs-sgp,https://www.iihf.com//en/events/2022/wmiv/gamecenter/playbyplay/29804/8-kgz-vs-sgp
58,REDDEN Christian,SGP,False,D,0,0,0,0,0,-6.0,0:00,0.0,0:00,0,0:00,0,0:00,0,0:00,https://www.iihf.com//en/events/2022/wmiv/gamecenter/statistics/29804/8-kgz-vs-sgp,https://www.iihf.com//en/events/2022/wmiv/gamecenter/playbyplay/29804/8-kgz-vs-sgp
66,KOK Hung Wei,SGP,False,F,0,0,0,0,0,-1.0,0:00,0.0,0:00,0,0:00,0,0:00,0,0:00,https://www.iihf.com//en/events/2022/wmiv/gamecenter/statistics/29804/8-kgz-vs-sgp,https://www.iihf.com//en/events/2022/wmiv/gamecenter/playbyplay/29804/8-kgz-vs-sgp
72,LOW Elijah,SGP,False,F,0,0,0,0,0,0.0,0:00,0.0,0:00,0,0:00,0,0:00,0,0:00,https://www.iihf.com//en/events/2022/wmiv/gamecenter/statistics/29804/8-kgz-vs-sgp,https://www.iihf.com//en/events/2022/wmiv/gamecenter/playbyplay/29804/8-kgz-vs-sgp
94,MUTHUKUMAR Karthikeyan,SGP,False,F,0,0,0,0,0,0.0,0:00,0.0,0:00,0,0:00,0,0:00,0,0:00,https://www.iihf.com//en/events/2022/wmiv/gamecenter/statistics/29804/8-kgz-vs-sgp,https://www.iihf.com//en/events/2022/wmiv/gamecenter/playbyplay/29804/8-kgz-vs-sgp
1,LEE Joshua Shao Ern,SGP,False,GK,0,0,0,0,0,,,,,0,,0,,0,,https://www.iihf.com//en/events/2022/wmiv/gamecenter/statistics/29804/8-kgz-vs-sgp,https://www.iihf.com//en/events/2022/wmiv/gamecenter/playbyplay/29804/8-kgz-vs-sgp
45,LIANG Chin Ming Kenny,SGP,False,GK,0,0,0,0,0,,,,,0,,0,,0,,https://www.iihf.com//en/events/2022/wmiv/gamecenter/statistics/29804/8-kgz-vs-sgp,https://www.iihf.com//en/events/2022/wmiv/gamecenter/playbyplay/29804/8-kgz-vs-sgp
6,MOHAMMAD Hariz,MAS,True,F,1,0,1,2,6,-1.0,0:00,0.0,0:00,1,0:00,3,0:00,2,0:00,https://www.iihf.com//en/events/2022/wmiv/gamecenter/statistics/29805/9-mas-vs-sgp,https://www.iihf.com//en/events/2022/wmiv/gamecenter/playbyplay/29805/9-mas-vs-sgp
8,VERSLUIS Arie,MAS,True,F,0,0,0,2,1,0.0,0:00,0.0,0:00,0,0:00,1,0:00,0,0:00,https://www.iihf.com//en/events/2022/wmiv/gamecenter/statistics/29805/9-mas-vs-sgp,https://www.iihf.com//en/events/2022/wmiv/gamecenter/playbyplay/29805/9-mas-vs-sgp
9,GOH Chu Shern Austin,MAS,True,D,0,0,0,0,3,-3.0,0:00,0.0,0:00,0,0:00,2,0:00,1,0:00,https://www.iihf.com//en/events/2022/wmiv/gamecenter/statistics/29805/9-mas-vs-sgp,https://www.iihf.com//en/events/2022/wmiv/gamecenter/playbyplay/29805/9-mas-vs-sgp
12,VERSLUIS Deen,MAS,True,F,0,0,0,2,2,-1.0,0:00,0.0,0:00,1,0:00,1,0:00,0,0:00,https://www.iihf.com//en/events/2022/wmiv/gamecenter/statistics/29805/9-mas-vs-sgp,https://www.iihf.com//en/events/2022/wmiv/gamecenter/playbyplay/29805/9-mas-vs-sgp
22,PRAKASH Stephen,MAS,True,F,0,0,0,2,0,-4.0,0:00,0.0,0:00,0,0:00,0,0:00,0,0:00,https://www.iihf.com//en/events/2022/wmiv/gamecenter/statistics/29805/9-mas-vs-sgp,https://www.iihf.com//en/events/2022/wmiv/gamecenter/playbyplay/29805/9-mas-vs-sgp
11,SHAHARUDIN Muhammad Syukri,MAS,True,D,0,0,0,0,0,-1.0,0:00,0.0,0:00,0,0:00,0,0:00,0,0:00,https://www.iihf.com//en/events/2022/wmiv/gamecenter/statistics/29805/9-mas-vs-sgp,https://www.iihf.com//en/events/2022/wmiv/gamecenter/playbyplay/29805/9-mas-vs-sgp
15,AIMAN ZUL Rafiq,MAS,True,F,0,0,0,4,0,-2.0,0:00,0.0,0:00,0,0:00,0,0:00,0,0:00,https://www.iihf.com//en/events/2022/wmiv/gamecenter/statistics/29805/9-mas-vs-sgp,https://www.iihf.com//en/events/2022/wmiv/gamecenter/playbyplay/29805/9-mas-vs-sgp
17,AZHAR Andika Rees Pahamin,MAS,True,F,0,0,0,0,0,0.0,0:00,0.0,0:00,0,0:00,0,0:00,0,0:00,https://www.iihf.com//en/events/2022/wmiv/gamecenter/statistics/29805/9-mas-vs-sgp,https://www.iihf.com//en/events/2022/wmiv/gamecenter/playbyplay/29805/9-mas-vs-sgp
18,MUHAMMAD Fareez Afdlin,MAS,True,F,1,0,1,0,2,-2.0,0:00,0.0,0:00,0,0:00,2,0:00,0,0:00,https://www.iihf.com//en/events/2022/wmiv/gamecenter/statistics/29805/9-mas-vs-sgp,https://www.iihf.com//en/events/2022/wmiv/gamecenter/playbyplay/29805/9-mas-vs-sgp
24,RAJA Karim Adli,MAS,True,F,0,0,0,0,4,-3.0,0:00,0.0,0:00,2,0:00,1,0:00,1,0:00,https://www.iihf.com//en/events/2022/wmiv/gamecenter/statistics/29805/9-mas-vs-sgp,https://www.iihf.com//en/events/2022/wmiv/gamecenter/playbyplay/29805/9-mas-vs-sgp
4,MOHAMMAD NOOR Harith,MAS,True,F,0,0,0,0,0,-2.0,0:00,0.0,0:00,0,0:00,0,0:00,0,0:00,https://www.iihf.com//en/events/2022/wmiv/gamecenter/statistics/29805/9-mas-vs-sgp,https://www.iihf.com//en/events/2022/wmiv/gamecenter/playbyplay/29805/9-mas-vs-sgp
14,MUHD Aisar,MAS,True,F,0,0,0,0,2,-1.0,0:00,0.0,0:00,0,0:00,2,0:00,0,0:00,https://www.iihf.com//en/events/2022/wmiv/gamecenter/statistics/29805/9-mas-vs-sgp,https://www.iihf.com//en/events/2022/wmiv/gamecenter/playbyplay/29805/9-mas-vs-sgp
16,SHAHABUDDIN Syed Ayman,MAS,True,F,0,0,0,0,0,0.0,0:00,0.0,0:00,0,0:00,0,0:00,0,0:00,https://www.iihf.com//en/events/2022/wmiv/gamecenter/statistics/29805/9-mas-vs-sgp,https://www.iihf.com//en/events/2022/wmiv/gamecenter/playbyplay/29805/9-mas-vs-sgp
21,GOH Juan Jie,MAS,True,D,0,0,0,0,2,-2.0,0:00,0.0,0:00,0,0:00,1,0:00,1,0:00,https://www.iihf.com//en/events/2022/wmiv/gamecenter/statistics/29805/9-mas-vs-sgp,https://www.iihf.com//en/events/2022/wmiv/gamecenter/playbyplay/29805/9-mas-vs-sgp
10,LOW Ju Hong,MAS,True,F,0,0,0,0,0,-1.0,0:00,0.0,0:00,0,0:00,0,0:00,0,0:00,https://www.iihf.com//en/events/2022/wmiv/gamecenter/statistics/29805/9-mas-vs-sgp,https://www.iihf.com//en/events/2022/wmiv/gamecenter/playbyplay/29805/9-mas-vs-sgp
13,GOH Chu Ern Aaron,MAS,True,F,0,0,0,0,0,-1.0,0:00,0.0,0:00,0,0:00,0,0:00,0,0:00,https://www.iihf.com//en/events/2022/wmiv/gamecenter/statistics/29805/9-mas-vs-sgp,https://www.iihf.com//en/events/2022/wmiv/gamecenter/playbyplay/29805/9-mas-vs-sgp
23,ONG Zhan Fei Timothy,MAS,True,F,0,0,0,0,0,0.0,0:00,0.0,0:00,0,0:00,0,0:00,0,0:00,https://www.iihf.com//en/events/2022/wmiv/gamecenter/statistics/29805/9-mas-vs-sgp,https://www.iihf.com//en/events/2022/wmiv/gamecenter/playbyplay/29805/9-mas-vs-sgp
3,M.HAIKAL Muhammad Asyraaf,MAS,True,GK,0,0,0,0,0,,,,,0,,0,,0,,https://www.iihf.com//en/events/2022/wmiv/gamecenter/statistics/29805/9-mas-vs-sgp,https://www.iihf.com//en/events/2022/wmiv/gamecenter/playbyplay/29805/9-mas-vs-sgp
20,CHOW Meng Yenn Adrian,MAS,True,GK,0,0,0,2,0,,,,,0,,0,,0,,https://www.iihf.com//en/events/2022/wmiv/gamecenter/statistics/29805/9-mas-vs-sgp,https://www.iihf.com//en/events/2022/wmiv/gamecenter/playbyplay/29805/9-mas-vs-sgp
7,HAMNETT Matthew,SGP,False,D,0,1,1,0,0,3.0,0:00,0.0,0:00,0,0:00,0,0:00,0,0:00,https://www.iihf.com//en/events/2022/wmiv/gamecenter/statistics/29805/9-mas-vs-sgp,https://www.iihf.com//en/events/2022/wmiv/gamecenter/playbyplay/29805/9-mas-vs-sgp
55,GOH Ryan Tsui Hon,SGP,False,F,0,0,0,2,4,1.0,0:00,0.0,0:00,0,0:00,3,0:00,1,0:00,https://www.iihf.com//en/events/2022/wmiv/gamecenter/statistics/29805/9-mas-vs-sgp,https://www.iihf.com//en/events/2022/wmiv/gamecenter/playbyplay/29805/9-mas-vs-sgp
68,TAN Jiaju Ryan,SGP,False,F,1,0,1,0,2,2.0,0:00,0.0,0:00,1,0:00,1,0:00,0,0:00,https://www.iihf.com//en/events/2022/wmiv/gamecenter/statistics/29805/9-mas-vs-sgp,https://www.iihf.com//en/events/2022/wmiv/gamecenter/playbyplay/29805/9-mas-vs-sgp
77,CHEW Wee,SGP,False,D,0,4,4,0,1,4.0,0:00,0.0,0:00,0,0:00,1,0:00,0,0:00,https://www.iihf.com//en/events/2022/wmiv/gamecenter/statistics/29805/9-mas-vs-sgp,https://www.iihf.com//en/events/2022/wmiv/gamecenter/playbyplay/29805/9-mas-vs-sgp
97,CHAN Joshua,SGP,False,F,2,0,2,4,9,1.0,0:00,0.0,0:00,3,0:00,3,0:00,3,0:00,https://www.iihf.com//en/events/2022/wmiv/gamecenter/statistics/29805/9-mas-vs-sgp,https://www.iihf.com//en/events/2022/wmiv/gamecenter/playbyplay/29805/9-mas-vs-sgp
8,REDDEN Ethan,SGP,False,F,3,2,5,4,11,4.0,0:00,0.0,0:00,5,0:00,1,0:00,5,0:00,https://www.iihf.com//en/events/2022/wmiv/gamecenter/statistics/29805/9-mas-vs-sgp,https://www.iihf.com//en/events/2022/wmiv/gamecenter/playbyplay/29805/9-mas-vs-sgp
53,WONG Christopher,SGP,False,F,1,1,2,0,3,3.0,0:00,0.0,0:00,1,0:00,0,0:00,2,0:00,https://www.iihf.com//en/events/2022/wmiv/gamecenter/statistics/29805/9-mas-vs-sgp,https://www.iihf.com//en/events/2022/wmiv/gamecenter/playbyplay/29805/9-mas-vs-sgp
71,LEE Bryan Shao Herng,SGP,False,F,1,0,1,4,3,2.0,0:00,0.0,0:00,1,0:00,0,0:00,2,0:00,https://www.iihf.com//en/events/2022/wmiv/gamecenter/statistics/29805/9-mas-vs-sgp,https://www.iihf.com//en/events/2022/wmiv/gamecenter/playbyplay/29805/9-mas-vs-sgp
76,CHUA Cael Juin Hui,SGP,False,D,0,0,0,2,1,1.0,0:00,0.0,0:00,1,0:00,0,0:00,0,0:00,https://www.iihf.com//en/events/2022/wmiv/gamecenter/statistics/29805/9-mas-vs-sgp,https://www.iihf.com//en/events/2022/wmiv/gamecenter/playbyplay/29805/9-mas-vs-sgp
88,HUANG Qiwei Benjamin,SGP,False,D,0,0,0,0,0,0.0,0:00,0.0,0:00,0,0:00,0,0:00,0,0:00,https://www.iihf.com//en/events/2022/wmiv/gamecenter/statistics/29805/9-mas-vs-sgp,https://www.iihf.com//en/events/2022/wmiv/gamecenter/playbyplay/29805/9-mas-vs-sgp
14,LAM Tat Chung Joewe,SGP,False,F,0,0,0,0,0,0.0,0:00,0.0,0:00,0,0:00,0,0:00,0,0:00,https://www.iihf.com//en/events/2022/wmiv/gamecenter/statistics/29805/9-mas-vs-sgp,https://www.iihf.com//en/events/2022/wmiv/gamecenter/playbyplay/29805/9-mas-vs-sgp
47,LEE Shaw Hsiang,SGP,False,F,0,0,0,0,0,0.0,0:00,0.0,0:00,0,0:00,0,0:00,0,0:00,https://www.iihf.com//en/events/2022/wmiv/gamecenter/statistics/29805/9-mas-vs-sgp,https://www.iihf.com//en/events/2022/wmiv/gamecenter/playbyplay/29805/9-mas-vs-sgp
58,REDDEN Christian,SGP,False,D,0,0,0,0,0,1.0,0:00,0.0,0:00,0,0:00,0,0:00,0,0:00,https://www.iihf.com//en/events/2022/wmiv/gamecenter/statistics/29805/9-mas-vs-sgp,https://www.iihf.com//en/events/2022/wmiv/gamecenter/playbyplay/29805/9-mas-vs-sgp
66,KOK Hung Wei,SGP,False,F,0,0,0,0,0,0.0,0:00,0.0,0:00,0,0:00,0,0:00,0,0:00,https://www.iihf.com//en/events/2022/wmiv/gamecenter/statistics/29805/9-mas-vs-sgp,https://www.iihf.com//en/events/2022/wmiv/gamecenter/playbyplay/29805/9-mas-vs-sgp
72,LOW Elijah,SGP,False,F,0,0,0,0,0,0.0,0:00,0.0,0:00,0,0:00,0,0:00,0,0:00,https://www.iihf.com//en/events/2022/wmiv/gamecenter/statistics/29805/9-mas-vs-sgp,https://www.iihf.com//en/events/2022/wmiv/gamecenter/playbyplay/29805/9-mas-vs-sgp
94,MUTHUKUMAR Karthikeyan,SGP,False,F,0,0,0,0,0,1.0,0:00,0.0,0:00,0,0:00,0,0:00,0,0:00,https://www.iihf.com//en/events/2022/wmiv/gamecenter/statistics/29805/9-mas-vs-sgp,https://www.iihf.com//en/events/2022/wmiv/gamecenter/playbyplay/29805/9-mas-vs-sgp
1,LEE Joshua Shao Ern,SGP,False,GK,0,0,0,0,0,,,,,0,,0,,0,,https://www.iihf.com//en/events/2022/wmiv/gamecenter/statistics/29805/9-mas-vs-sgp,https://www.iihf.com//en/events/2022/wmiv/gamecenter/playbyplay/29805/9-mas-vs-sgp
45,LIANG Chin Ming Kenny,SGP,False,GK,0,0,0,0,0,,,,,0,,0,,0,,https://www.iihf.com//en/events/2022/wmiv/gamecenter/statistics/29805/9-mas-vs-sgp,https://www.iihf.com//en/events/2022/wmiv/gamecenter/playbyplay/29805/9-mas-vs-sgp
5,ALZIDAN Abdullah,KUW,True,D,0,0,0,0,0,-3.0,0:00,0.0,0:00,0,0:00,0,0:00,0,0:00,https://www.iihf.com//en/events/2022/wmiv/gamecenter/statistics/29806/10-kuw-vs-kgz,https://www.iihf.com//en/events/2022/wmiv/gamecenter/playbyplay/29806/10-kuw-vs-kgz
6,ALSARRAF Ali,KUW,True,F,0,0,0,0,0,-3.0,0:00,0.0,0:00,0,0:00,0,0:00,0,0:00,https://www.iihf.com//en/events/2022/wmiv/gamecenter/statistics/29806/10-kuw-vs-kgz,https://www.iihf.com//en/events/2022/wmiv/gamecenter/playbyplay/29806/10-kuw-vs-kgz
9,ALAJMI Ahmad,KUW,True,F,0,0,0,4,0,-6.0,0:00,0.0,0:00,0,0:00,0,0:00,0,0:00,https://www.iihf.com//en/events/2022/wmiv/gamecenter/statistics/29806/10-kuw-vs-kgz,https://www.iihf.com//en/events/2022/wmiv/gamecenter/playbyplay/29806/10-kuw-vs-kgz
11,ALAJMI Mohammad,KUW,True,F,0,0,0,0,1,-3.0,0:00,0.0,0:00,0,0:00,1,0:00,0,0:00,https://www.iihf.com//en/events/2022/wmiv/gamecenter/statistics/29806/10-kuw-vs-kgz,https://www.iihf.com//en/events/2022/wmiv/gamecenter/playbyplay/29806/10-kuw-vs-kgz
17,ALAWADHI Jasem,KUW,True,D,0,0,0,2,0,-6.0,0:00,0.0,0:00,0,0:00,0,0:00,0,0:00,https://www.iihf.com//en/events/2022/wmiv/gamecenter/statistics/29806/10-kuw-vs-kgz,https://www.iihf.com//en/events/2022/wmiv/gamecenter/playbyplay/29806/10-kuw-vs-kgz
2,ALDAEI Abdulrazaq,KUW,True,D,0,0,0,0,1,-7.0,0:00,0.0,0:00,0,0:00,1,0:00,0,0:00,https://www.iihf.com//en/events/2022/wmiv/gamecenter/statistics/29806/10-kuw-vs-kgz,https://www.iihf.com//en/events/2022/wmiv/gamecenter/playbyplay/29806/10-kuw-vs-kgz
3,KHALAF Khalaf,KUW,True,D,0,0,0,2,0,-4.0,0:00,0.0,0:00,0,0:00,0,0:00,0,0:00,https://www.iihf.com//en/events/2022/wmiv/gamecenter/statistics/29806/10-kuw-vs-kgz,https://www.iihf.com//en/events/2022/wmiv/gamecenter/playbyplay/29806/10-kuw-vs-kgz
7,ALAJMI Mashari,KUW,True,F,0,0,0,0,0,-4.0,0:00,0.0,0:00,0,0:00,0,0:00,0,0:00,https://www.iihf.com//en/events/2022/wmiv/gamecenter/statistics/29806/10-kuw-vs-kgz,https://www.iihf.com//en/events/2022/wmiv/gamecenter/playbyplay/29806/10-kuw-vs-kgz
10,ALKHASHAN Abdulaziz,KUW,True,F,0,0,0,2,1,-6.0,0:00,0.0,0:00,0,0:00,1,0:00,0,0:00,https://www.iihf.com//en/events/2022/wmiv/gamecenter/statistics/29806/10-kuw-vs-kgz,https://www.iihf.com//en/events/2022/wmiv/gamecenter/playbyplay/29806/10-kuw-vs-kgz
12,ALMARI Salem,KUW,True,F,0,0,0,0,0,0.0,0:00,0.0,0:00,0,0:00,0,0:00,0,0:00,https://www.iihf.com//en/events/2022/wmiv/gamecenter/statistics/29806/10-kuw-vs-kgz,https://www.iihf.com//en/events/2022/wmiv/gamecenter/playbyplay/29806/10-kuw-vs-kgz
8,ALDUAIJ Mohammed,KUW,True,D,0,0,0,2,0,-6.0,0:00,0.0,0:00,0,0:00,0,0:00,0,0:00,https://www.iihf.com//en/events/2022/wmiv/gamecenter/statistics/29806/10-kuw-vs-kgz,https://www.iihf.com//en/events/2022/wmiv/gamecenter/playbyplay/29806/10-kuw-vs-kgz
14,ALAJMI Salem,KUW,True,F,0,0,0,2,0,-2.0,0:00,0.0,0:00,0,0:00,0,0:00,0,0:00,https://www.iihf.com//en/events/2022/wmiv/gamecenter/statistics/29806/10-kuw-vs-kgz,https://www.iihf.com//en/events/2022/wmiv/gamecenter/playbyplay/29806/10-kuw-vs-kgz
15,ALMARAGHY Abdulaziz,KUW,True,F,0,0,0,0,0,-3.0,0:00,0.0,0:00,0,0:00,0,0:00,0,0:00,https://www.iihf.com//en/events/2022/wmiv/gamecenter/statistics/29806/10-kuw-vs-kgz,https://www.iihf.com//en/events/2022/wmiv/gamecenter/playbyplay/29806/10-kuw-vs-kgz
23,ALKANDARI Yousef,KUW,True,F,0,0,0,0,0,-3.0,0:00,0.0,0:00,0,0:00,0,0:00,0,0:00,https://www.iihf.com//en/events/2022/wmiv/gamecenter/statistics/29806/10-kuw-vs-kgz,https://www.iihf.com//en/events/2022/wmiv/gamecenter/playbyplay/29806/10-kuw-vs-kgz
16,ALDEAI Duaij,KUW,True,F,0,0,0,0,0,-2.0,0:00,0.0,0:00,0,0:00,0,0:00,0,0:00,https://www.iihf.com//en/events/2022/wmiv/gamecenter/statistics/29806/10-kuw-vs-kgz,https://www.iihf.com//en/events/2022/wmiv/gamecenter/playbyplay/29806/10-kuw-vs-kgz
21,ALAJMI Hamad,KUW,True,F,0,0,0,0,0,-2.0,0:00,0.0,0:00,0,0:00,0,0:00,0,0:00,https://www.iihf.com//en/events/2022/wmiv/gamecenter/statistics/29806/10-kuw-vs-kgz,https://www.iihf.com//en/events/2022/wmiv/gamecenter/playbyplay/29806/10-kuw-vs-kgz
1,ALSAEGH Ahmad,KUW,True,GK,0,0,0,0,0,,,,,0,,0,,0,,https://www.iihf.com//en/events/2022/wmiv/gamecenter/statistics/29806/10-kuw-vs-kgz,https://www.iihf.com//en/events/2022/wmiv/gamecenter/playbyplay/29806/10-kuw-vs-kgz
25,ALSARRAF Jasem,KUW,True,GK,0,0,0,0,0,,,,,0,,0,,0,,https://www.iihf.com//en/events/2022/wmiv/gamecenter/statistics/29806/10-kuw-vs-kgz,https://www.iihf.com//en/events/2022/wmiv/gamecenter/playbyplay/29806/10-kuw-vs-kgz
4,KACHKYNBEKOV Adis,KGZ,False,D,0,1,1,0,2,6.0,0:00,0.0,0:00,2,0:00,0,0:00,0,0:00,https://www.iihf.com//en/events/2022/wmiv/gamecenter/statistics/29806/10-kuw-vs-kgz,https://www.iihf.com//en/events/2022/wmiv/gamecenter/playbyplay/29806/10-kuw-vs-kgz
10,EGOROV Maxim,KGZ,False,D,1,1,2,0,6,7.0,0:00,0.0,0:00,3,0:00,1,0:00,2,0:00,https://www.iihf.com//en/events/2022/wmiv/gamecenter/statistics/29806/10-kuw-vs-kgz,https://www.iihf.com//en/events/2022/wmiv/gamecenter/playbyplay/29806/10-kuw-vs-kgz
18,KIM Kirill,KGZ,False,F,2,0,2,0,4,4.0,0:00,0.0,0:00,1,0:00,2,0:00,1,0:00,https://www.iihf.com//en/events/2022/wmiv/gamecenter/statistics/29806/10-kuw-vs-kgz,https://www.iihf.com//en/events/2022/wmiv/gamecenter/playbyplay/29806/10-kuw-vs-kgz
19,NOSOV Vladimir,KGZ,False,F,1,2,3,0,2,4.0,0:00,0.0,0:00,1,0:00,0,0:00,1,0:00,https://www.iihf.com//en/events/2022/wmiv/gamecenter/statistics/29806/10-kuw-vs-kgz,https://www.iihf.com//en/events/2022/wmiv/gamecenter/playbyplay/29806/10-kuw-vs-kgz
23,ISMANOV Sultan,KGZ,False,F,2,0,2,0,3,4.0,0:00,0.0,0:00,0,0:00,1,0:00,2,0:00,https://www.iihf.com//en/events/2022/wmiv/gamecenter/statistics/29806/10-kuw-vs-kgz,https://www.iihf.com//en/events/2022/wmiv/gamecenter/playbyplay/29806/10-kuw-vs-kgz
7,TITOV Alexander,KGZ,False,F,0,3,3,0,4,4.0,0:00,0.0,0:00,1,0:00,1,0:00,2,0:00,https://www.iihf.com//en/events/2022/wmiv/gamecenter/statistics/29806/10-kuw-vs-kgz,https://www.iihf.com//en/events/2022/wmiv/gamecenter/playbyplay/29806/10-kuw-vs-kgz
12,MIRBEKOV Ersultan,KGZ,False,F,2,2,4,0,4,4.0,0:00,0.0,0:00,2,0:00,1,0:00,1,0:00,https://www.iihf.com//en/events/2022/wmiv/gamecenter/statistics/29806/10-kuw-vs-kgz,https://www.iihf.com//en/events/2022/wmiv/gamecenter/playbyplay/29806/10-kuw-vs-kgz
15,ABDYRAEV Islambek,KGZ,False,F,3,1,4,0,6,4.0,0:00,0.0,0:00,2,0:00,0,0:00,4,0:00,https://www.iihf.com//en/events/2022/wmiv/gamecenter/statistics/29806/10-kuw-vs-kgz,https://www.iihf.com//en/events/2022/wmiv/gamecenter/playbyplay/29806/10-kuw-vs-kgz
17,KUDASHEV Anton,KGZ,False,D,0,0,0,0,4,2.0,0:00,0.0,0:00,1,0:00,0,0:00,3,0:00,https://www.iihf.com//en/events/2022/wmiv/gamecenter/statistics/29806/10-kuw-vs-kgz,https://www.iihf.com//en/events/2022/wmiv/gamecenter/playbyplay/29806/10-kuw-vs-kgz
22,TURSUNBEKOV Uran,KGZ,False,D,1,1,2,0,7,1.0,0:00,0.0,0:00,0,0:00,2,0:00,5,0:00,https://www.iihf.com//en/events/2022/wmiv/gamecenter/statistics/29806/10-kuw-vs-kgz,https://www.iihf.com//en/events/2022/wmiv/gamecenter/playbyplay/29806/10-kuw-vs-kgz
5,MYRZABAEV Maksat,KGZ,False,D,0,1,1,0,2,4.0,0:00,0.0,0:00,0,0:00,1,0:00,1,0:00,https://www.iihf.com//en/events/2022/wmiv/gamecenter/statistics/29806/10-kuw-vs-kgz,https://www.iihf.com//en/events/2022/wmiv/gamecenter/playbyplay/29806/10-kuw-vs-kgz
8,TYNALIEV Salamat,KGZ,False,D,1,0,1,2,1,1.0,0:00,0.0,0:00,1,0:00,0,0:00,0,0:00,https://www.iihf.com//en/events/2022/wmiv/gamecenter/statistics/29806/10-kuw-vs-kgz,https://www.iihf.com//en/events/2022/wmiv/gamecenter/playbyplay/29806/10-kuw-vs-kgz
9,TONKIKH Vladimir,KGZ,False,F,0,1,1,0,3,1.0,0:00,0.0,0:00,1,0:00,0,0:00,2,0:00,https://www.iihf.com//en/events/2022/wmiv/gamecenter/statistics/29806/10-kuw-vs-kgz,https://www.iihf.com//en/events/2022/wmiv/gamecenter/playbyplay/29806/10-kuw-vs-kgz
14,ASANALIEV Artur,KGZ,False,F,0,0,0,0,0,1.0,0:00,0.0,0:00,0,0:00,0,0:00,0,0:00,https://www.iihf.com//en/events/2022/wmiv/gamecenter/statistics/29806/10-kuw-vs-kgz,https://www.iihf.com//en/events/2022/wmiv/gamecenter/playbyplay/29806/10-kuw-vs-kgz
16,TERENTYEV Kuzma,KGZ,False,D,0,1,1,0,6,3.0,0:00,0.0,0:00,2,0:00,2,0:00,2,0:00,https://www.iihf.com//en/events/2022/wmiv/gamecenter/statistics/29806/10-kuw-vs-kgz,https://www.iihf.com//en/events/2022/wmiv/gamecenter/playbyplay/29806/10-kuw-vs-kgz
2,SHAMYRKANOV Eramir,KGZ,False,F,1,2,3,0,3,3.0,0:00,0.0,0:00,1,0:00,1,0:00,1,0:00,https://www.iihf.com//en/events/2022/wmiv/gamecenter/statistics/29806/10-kuw-vs-kgz,https://www.iihf.com//en/events/2022/wmiv/gamecenter/playbyplay/29806/10-kuw-vs-kgz
3,TIKHONOV Aleksandr,KGZ,False,F,0,0,0,0,5,4.0,0:00,0.0,0:00,2,0:00,2,0:00,1,0:00,https://www.iihf.com//en/events/2022/wmiv/gamecenter/statistics/29806/10-kuw-vs-kgz,https://www.iihf.com//en/events/2022/wmiv/gamecenter/playbyplay/29806/10-kuw-vs-kgz
6,CHUVALOV Mikhail,KGZ,False,F,0,3,3,0,1,3.0,0:00,0.0,0:00,1,0:00,0,0:00,0,0:00,https://www.iihf.com//en/events/2022/wmiv/gamecenter/statistics/29806/10-kuw-vs-kgz,https://www.iihf.com//en/events/2022/wmiv/gamecenter/playbyplay/29806/10-kuw-vs-kgz
1,PETROV Alexander,KGZ,False,GK,0,0,0,0,0,,,,,0,,0,,0,,https://www.iihf.com//en/events/2022/wmiv/gamecenter/statistics/29806/10-kuw-vs-kgz,https://www.iihf.com//en/events/2022/wmiv/gamecenter/playbyplay/29806/10-kuw-vs-kgz
20,ALYMBEKOV Kadyr,KGZ,False,GK,0,0,0,0,0,,,,,0,,0,,0,,https://www.iihf.com//en/events/2022/wmiv/gamecenter/statistics/29806/10-kuw-vs-kgz,https://www.iihf.com//en/events/2022/wmiv/gamecenter/playbyplay/29806/10-kuw-vs-kgz
